site_no,metric,record_years,first_year,last_year,kendall_tau,mann_kendall_p_value,sen_slope_log10_per_year,percent_change_per_decade,trend_class,fixed_network_selected
02339500,peak_cfs_per_sqmi,47,1979,2025,0.11748381128584644,0.24785531754052748,0.001931260220948924,4.547247241843522,No significant trend,True
02341500,peak_cfs_per_sqmi,23,1979,2001,-0.08300395256916997,0.5973541948267042,-0.004071313880824867,-8.948551081996282,No significant trend,False
02342500,peak_cfs_per_sqmi,47,1979,2025,0.0730804810360777,0.4743893833825561,0.0022612503917810076,5.344654694974871,No significant trend,True
02342933,peak_cfs_per_sqmi,33,1979,2011,0.22727272727272727,0.06520717421940614,0.008484747600447557,21.57589517513452,No significant trend,False
02361000,peak_cfs_per_sqmi,47,1979,2025,-0.030527289546716005,0.769155901981546,-0.0008411684276853681,-1.9182252285658619,No significant trend,True
02361500,peak_cfs_per_sqmi,25,2001,2025,-0.04,0.7972523796379414,-0.0007919279144161173,-1.8069565830176493,No significant trend,False
02362240,peak_cfs_per_sqmi,35,1986,2021,-0.03529411764705882,0.776344520439822,-0.002318386032240327,-5.19829685049531,No significant trend,False
02363000,peak_cfs_per_sqmi,47,1979,2025,-0.06290471785383904,0.5389205024480301,-0.002432708860745314,-5.447522823720064,No significant trend,True
02364000,peak_cfs_per_sqmi,38,1979,2016,0.01849217638691323,0.8800650865227213,0.00035409489850221377,0.8186665313944408,No significant trend,False
02364500,peak_cfs_per_sqmi,23,2003,2025,-0.11462450592885376,0.45960782304895875,-0.004490471854500013,-9.823104170477848,No significant trend,False
02365200,peak_cfs_per_sqmi,30,1979,2025,-0.06206896551724138,0.6427431760684212,-0.002268375951057644,-5.089067472060071,No significant trend,False
02367900,peak_cfs_per_sqmi,26,1999,2024,0.06461538461538462,0.6593353383597195,0.004857509955957062,11.834319526627212,No significant trend,False
02369800,peak_cfs_per_sqmi,47,1979,2025,-0.13876040703052728,0.17179618900863625,-0.005651975665429609,-12.202885392893837,No significant trend,True
02371500,peak_cfs_per_sqmi,47,1979,2025,-0.05920444033302498,0.5633914172181724,-0.0017390368674976148,-3.9251685284190985,No significant trend,True
02372250,peak_cfs_per_sqmi,46,1979,2025,-0.05410628019323672,0.6025258248588783,-0.001904746613560422,-4.291053933850286,No significant trend,True
02373000,peak_cfs_per_sqmi,46,1979,2024,-0.012560386473429951,0.9095326835994948,-0.0003303895140994616,-0.757863591474861,No significant trend,True
02374250,peak_cfs_per_sqmi,27,1999,2025,0.13675213675213677,0.32686694087885826,0.006430537241576613,15.95924323111384,No significant trend,False
02374500,peak_cfs_per_sqmi,47,1979,2025,-0.0851063829787234,0.40397317682193956,-0.002971274568752648,-6.612821495800414,No significant trend,True
02374700,peak_cfs_per_sqmi,27,1998,2025,0.03133903133903134,0.8348627075364895,0.002839441420084975,6.756521422456063,No significant trend,False
02374745,peak_cfs_per_sqmi,27,1998,2024,0.09116809116809117,0.5180237825564749,0.005916956053310488,14.596026858223965,No significant trend,False
02374950,peak_cfs_per_sqmi,25,2001,2025,0.03333333333333333,0.8335157043083458,0.0022173460467093966,5.238211918934188,No significant trend,False
02375500,peak_cfs_per_sqmi,47,1979,2025,-0.2534690101757632,0.01228502230995351,-0.005502851845490039,-11.900898019677165,Significant decrease,True
02376293,peak_cfs_per_sqmi,26,1998,2024,-0.052307692307692305,0.7243397423849234,-0.002773813636076724,-6.187250711461878,No significant trend,False
02376500,peak_cfs_per_sqmi,47,1979,2025,-0.09158186864014801,0.36881011271229713,-0.002517963356648495,-5.632952691299908,No significant trend,True
02377570,peak_cfs_per_sqmi,38,1988,2025,-0.09103840682788052,0.4283066849361308,-0.004647304922118797,-10.148165028996825,No significant trend,False
02378300,peak_cfs_per_sqmi,26,2000,2025,-0.08,0.5815153109908411,-0.00659285137083081,-14.084507042253492,No significant trend,False
02378500,peak_cfs_per_sqmi,38,1987,2024,0.01849217638691323,0.8800839006711906,0.0009810251731559028,2.284600142426485,No significant trend,False
02398300,peak_cfs_per_sqmi,46,1979,2024,-0.04541062801932367,0.6631458146774174,-0.001358725530226994,-3.080147461142535,No significant trend,True
02399200,peak_cfs_per_sqmi,47,1979,2025,-0.1517113783533765,0.13488879509393287,-0.004932300286679076,-10.735865769860343,No significant trend,True
02400100,peak_cfs_per_sqmi,46,1979,2024,-0.08792270531400966,0.3940975121510586,-0.002341488026881341,-5.248712550581502,No significant trend,True
02400680,peak_cfs_per_sqmi,23,2003,2025,-0.03162055335968379,0.8532778974530781,-0.0017836129057021478,-4.023729261682862,No significant trend,False
02401000,peak_cfs_per_sqmi,38,1979,2025,-0.07396870554765292,0.5213811743123279,-0.002941500083845222,-6.5487748955984415,No significant trend,True
02401390,peak_cfs_per_sqmi,47,1979,2025,-0.058279370952821465,0.5696168086394588,-0.0010940405934802627,-2.4876564628854902,No significant trend,True
02404400,peak_cfs_per_sqmi,46,1979,2024,0.08985507246376812,0.38363066563660675,0.0023086824281126628,5.459771080342279,No significant trend,True
02405500,peak_cfs_per_sqmi,38,1979,2024,-0.07539118065433854,0.513279941352429,-0.0022785736963629732,-5.1113510591494276,No significant trend,True
02406500,peak_cfs_per_sqmi,39,1979,2025,0.04588394062078273,0.6896836258889112,0.0011035230466260486,2.5735131686318358,No significant trend,True
02407000,peak_cfs_per_sqmi,32,1979,2025,0.07459677419354839,0.559308391495037,0.0012085659800531911,2.8219083010190937,No significant trend,False
02408540,peak_cfs_per_sqmi,45,1979,2024,-0.051515151515151514,0.6246988208340656,-0.0017926807331346392,-4.043766481743017,No significant trend,True
02411000,peak_cfs_per_sqmi,35,1979,2013,-0.173109243697479,0.14738274477289068,-0.005634655763970203,-12.167864440605591,No significant trend,False
02412000,peak_cfs_per_sqmi,46,1979,2024,-0.10917874396135266,0.2889476545875437,-0.0016190635913456576,-3.659396150009109,No significant trend,True
02413300,peak_cfs_per_sqmi,46,1979,2024,-0.03671497584541063,0.726038409618508,-0.0007528851956097099,-1.718642148867744,No significant trend,True
02414500,peak_cfs_per_sqmi,44,1979,2024,-0.1416490486257928,0.17847279530332494,-0.002548400958756558,-5.699066824966403,No significant trend,True
02414715,peak_cfs_per_sqmi,40,1986,2025,0.03717948717948718,0.7442343730918417,0.0011099870644275766,2.588781296324405,No significant trend,False
02415000,peak_cfs_per_sqmi,41,1979,2025,0.11951219512195121,0.2758131519183099,0.0033983771539336485,8.139354166536151,No significant trend,True
02418230,peak_cfs_per_sqmi,25,2000,2024,0.06333333333333334,0.6741172140994495,0.003973345218670532,9.580544019601756,No significant trend,False
02418500,peak_cfs_per_sqmi,35,1979,2013,-0.025210084033613446,0.8423721355426851,-0.0008474105886509209,-1.932321613724175,No significant trend,False
02418760,peak_cfs_per_sqmi,22,2003,2024,0.11688311688311688,0.46346928023769907,0.013055606585467608,35.069118597154024,No significant trend,False
02419000,peak_cfs_per_sqmi,46,1979,2025,0.04154589371980676,0.6908790746413067,0.0016501820756190666,3.8727957224427456,No significant trend,True
02419890,peak_cfs_per_sqmi,30,1996,2025,0.13333333333333333,0.3091055497611045,0.00620209557140694,15.350891595363558,No significant trend,False
02420000,peak_cfs_per_sqmi,44,1979,2023,-0.023255813953488372,0.8317614594283078,-0.0003511525362891031,-0.8052985527839285,No significant trend,True
02421000,peak_cfs_per_sqmi,47,1979,2025,0.018501387604070305,0.8616721809352417,0.0005159899423503113,1.1951968208061103,No significant trend,True
02422500,peak_cfs_per_sqmi,46,1979,2025,0.02318840579710145,0.8276026684645914,0.00043556756058926727,1.0079775845968086,No significant trend,True
02423130,peak_cfs_per_sqmi,33,1989,2021,0.3125,0.011041307361001649,0.009903084321038595,25.61191690007407,Significant increase,False
02423380,peak_cfs_per_sqmi,43,1979,2025,0.14285714285714285,0.18038393817009857,0.00413100409961481,9.97906951783012,No significant trend,True
02423397,peak_cfs_per_sqmi,28,1996,2024,-0.20634920634920634,0.12804764129567053,-0.007985157920220767,-16.795192378911196,No significant trend,False
02423398,peak_cfs_per_sqmi,21,1981,2008,0.11428571428571428,0.48695291582067923,0.005528009020642374,13.574305603584879,No significant trend,False
02423400,peak_cfs_per_sqmi,31,1987,2024,0.09247311827956989,0.47519266497409496,0.0031247848696691616,7.46025052012993,No significant trend,False
02423414,peak_cfs_per_sqmi,21,2004,2025,0.1,0.545701386215353,0.004755701955692061,11.572462787881443,No significant trend,False
02423425,peak_cfs_per_sqmi,35,1979,2025,-0.17478991596638654,0.14349610487932052,-0.00514705607014159,-11.176181517254314,No significant trend,False
02423496,peak_cfs_per_sqmi,36,1989,2024,-0.0015873015873015873,1.0,-6.237179997035305e-05,-0.14351329786845834,No significant trend,False
02423500,peak_cfs_per_sqmi,42,1979,2024,0.018583042973286876,0.8708416654131433,0.0004663845017997392,1.079676896534898,No significant trend,True
0242354750,peak_cfs_per_sqmi,27,1999,2025,0.08831908831908832,0.5317037729644349,0.0031848521197333835,7.608981575027984,No significant trend,False
02423555,peak_cfs_per_sqmi,31,1979,2025,-0.15698924731182795,0.22104956212356597,-0.0050247065725708695,-10.925594129205397,No significant trend,False
02423630,peak_cfs_per_sqmi,28,1979,2023,-0.16666666666666666,0.2205212215827932,-0.0026804719259513766,-5.985404734474098,No significant trend,False
02424000,peak_cfs_per_sqmi,47,1979,2025,-0.0037002775208140612,0.9780509563280678,-7.976043719634488e-05,-0.18348665074321424,No significant trend,True
02424590,peak_cfs_per_sqmi,24,1988,2011,0.03260869565217391,0.8426567819072817,0.001747075718450546,4.104800726282298,No significant trend,False
02425000,peak_cfs_per_sqmi,47,1979,2025,-0.16003700277520813,0.11466135865072392,-0.0024611253290706247,-5.509369537327191,No significant trend,True
02427250,peak_cfs_per_sqmi,36,1990,2025,0.012698412698412698,0.9240398006814219,0.0004401313695748441,1.018592624782877,No significant trend,False
02428400,peak_cfs_per_sqmi,39,1979,2017,-0.09446693657219973,0.4037923267613076,-0.0011740341839852984,-2.6671011343638917,No significant trend,False
02438000,peak_cfs_per_sqmi,43,1979,2025,-0.1539313399778516,0.14858587369541154,-0.0035086331019919268,-7.761194753648626,No significant trend,True
02442500,peak_cfs_per_sqmi,32,1979,2012,-0.08064516129032258,0.5270983110287552,-0.0025449381326440985,-5.691547485754322,No significant trend,False
02443000,peak_cfs_per_sqmi,45,1979,2023,-0.12626262626262627,0.22506031946378613,-0.003097257502268909,-6.883332475527726,No significant trend,True
02444160,peak_cfs_per_sqmi,44,1981,2024,0.049682875264270614,0.6417310519610961,0.0008516147339162723,1.9802676238115158,No significant trend,True
02446500,peak_cfs_per_sqmi,47,1979,2025,-0.17391304347826086,0.08635496156533644,-0.004139268515822492,-9.090909090909062,No significant trend,True
02447025,peak_cfs_per_sqmi,39,1979,2017,0.005398110661268556,0.971034385442606,-0.0,0.0,No significant trend,False
02448500,peak_cfs_per_sqmi,47,1979,2025,-0.028677150786308975,0.7831874749070442,-0.0004214646571666164,-0.9657644867679394,No significant trend,True
02448900,peak_cfs_per_sqmi,34,1991,2025,-0.058823529411764705,0.6352273936721516,-0.002680205142939379,-5.984827209891619,No significant trend,False
02449882,peak_cfs_per_sqmi,33,1993,2025,0.05113636363636364,0.686853299138279,0.0014799035806420753,3.466327874487085,No significant trend,False
02450000,peak_cfs_per_sqmi,41,1979,2025,0.012195121951219513,0.919481045938793,0.0003372550053708179,0.7795813823852749,No significant trend,True
02450180,peak_cfs_per_sqmi,44,1979,2025,0.03276955602536998,0.7614967669709759,0.0008520481723700299,1.9812854214564357,No significant trend,True
02450250,peak_cfs_per_sqmi,47,1979,2025,-0.08880666049953746,0.38362873981006407,-0.0015749299062413316,-3.5614435581925563,No significant trend,True
02450825,peak_cfs_per_sqmi,35,1981,2025,-0.18487394957983194,0.12159528203621542,-0.005590450450204332,-12.078417672367948,No significant trend,False
02453000,peak_cfs_per_sqmi,40,1979,2025,-0.1,0.3695847469472142,-0.0020508663148890716,-4.612528489526535,No significant trend,True
02454055,peak_cfs_per_sqmi,29,1993,2021,-0.17733990147783252,0.18291855854907912,-0.003810533994242332,-8.400171603910177,No significant trend,False
02455000,peak_cfs_per_sqmi,46,1979,2024,-0.022222222222222223,0.8349806658539102,-0.0005540059349374056,-1.2675439330865457,No significant trend,True
02455980,peak_cfs_per_sqmi,36,1989,2024,0.10793650793650794,0.36145300334070685,0.004869508659464456,11.865221421094496,No significant trend,False
02456500,peak_cfs_per_sqmi,47,1979,2025,-0.07400555041628122,0.4687237069499305,-0.0013479736484419723,-3.056149923882312,No significant trend,True
02457000,peak_cfs_per_sqmi,22,1979,2017,-0.13852813852813853,0.38185497287548553,-0.004139268515822492,-9.090909090909062,No significant trend,False
02457595,peak_cfs_per_sqmi,37,1989,2025,0.021021021021021023,0.86496723905133,0.0007359622338158609,1.7090557324553446,No significant trend,False
02458148,peak_cfs_per_sqmi,20,1999,2025,-0.18947368421052632,0.254974640706758,-0.0037937392326035622,-8.364741847232061,No significant trend,False
02458300,peak_cfs_per_sqmi,32,1989,2020,0.0846774193548387,0.506018838552545,0.0012285482357415872,2.8692284142768143,No significant trend,False
02458450,peak_cfs_per_sqmi,37,1979,2024,0.09309309309309309,0.4249005166664699,0.001519408586361006,3.560487428653425,No significant trend,False
02458502,peak_cfs_per_sqmi,20,1998,2025,0.05263157894736842,0.7700523574165721,0.0008031436021788624,1.8665120558942982,No significant trend,False
02458600,peak_cfs_per_sqmi,29,1997,2025,-0.13054187192118227,0.32926725137661894,-0.003024059741549636,-6.726257518663825,No significant trend,False
02461500,peak_cfs_per_sqmi,38,1979,2025,-0.10384068278805121,0.3652957550011604,-0.0026233248042609823,-5.861613156851697,No significant trend,True
02462000,peak_cfs_per_sqmi,46,1979,2025,-0.14782608695652175,0.15006891098205666,-0.002459284724130922,-5.505364798285417,No significant trend,True
02462500,peak_cfs_per_sqmi,36,1979,2014,0.014285714285714285,0.9132205246205957,0.00023212194685705886,0.5359114299489542,No significant trend,False
02462951,peak_cfs_per_sqmi,36,1979,2014,0.049206349206349205,0.6826743404843809,0.00149431919551238,3.5006773393657875,No significant trend,False
02464000,peak_cfs_per_sqmi,47,1979,2025,-0.008325624421831638,0.9415118504960818,-8.97303925375681e-05,-0.20639856885642516,No significant trend,True
02464146,peak_cfs_per_sqmi,35,1981,2017,0.16806722689075632,0.15969931055103026,0.009352781132208323,24.0303049022623,No significant trend,False
02464360,peak_cfs_per_sqmi,31,1987,2017,-0.04086021505376344,0.7595864320171434,-0.0020473492908947657,-4.604803463664919,No significant trend,False
02465000,peak_cfs_per_sqmi,44,1979,2022,0.07716701902748414,0.4664519115235818,0.0018290615598056696,4.3015147389488195,No significant trend,False
02465292,peak_cfs_per_sqmi,22,2003,2024,-0.21645021645021645,0.1668955057847059,-0.007594213722272869,-16.042816144421902,No significant trend,False
02465493,peak_cfs_per_sqmi,46,1979,2024,0.025120772946859903,0.81287835839182,0.0007825337511956576,1.81818181818183,No significant trend,True
02466030,peak_cfs_per_sqmi,41,1979,2024,0.12439024390243902,0.2564759600619676,0.002397321860087744,5.675234103852178,No significant trend,True
02467000,peak_cfs_per_sqmi,39,1979,2017,-0.014844804318488529,0.903701782634892,-0.000339031073175836,-0.7776087529506204,No significant trend,False
02467500,peak_cfs_per_sqmi,46,1979,2024,-0.010628019323671498,0.924561055528914,-0.00044181751530905953,-1.0121652033354689,No significant trend,True
02469761,peak_cfs_per_sqmi,45,1979,2023,-0.03333333333333333,0.754197739350999,-0.00048082635102038003,-1.1010373094212267,No significant trend,True
02469800,peak_cfs_per_sqmi,47,1979,2025,0.11193339500462535,0.27109387628752346,0.003994810492287056,9.63471826871405,No significant trend,True
02470072,peak_cfs_per_sqmi,30,1996,2025,0.14022988505747128,0.2842581285682553,0.006845383135322113,17.072213946778646,No significant trend,False
02471001,peak_cfs_per_sqmi,46,1979,2025,-0.10531400966183575,0.30647237791229587,-0.003207002214574732,-7.11833802072025,No significant trend,True
02471078,peak_cfs_per_sqmi,31,1995,2025,-0.0989247311827957,0.44430175934250604,-0.004879764618086924,-10.62781953079661,No significant trend,False
02478500,peak_cfs_per_sqmi,46,1979,2024,0.050241545893719805,0.6290968453606114,0.0012533602770612355,2.9280162853278835,No significant trend,True
02479431,peak_cfs_per_sqmi,21,1979,1999,-0.11428571428571428,0.4873503903353207,-0.009090802064477578,-18.88671702775865,No significant trend,False
02479560,peak_cfs_per_sqmi,41,1979,2019,-0.08170731707317073,0.4584784151377349,-0.0017864247341191552,-4.029943019410864,No significant trend,False
02479945,peak_cfs_per_sqmi,35,1991,2025,0.03697478991596639,0.7655046156107895,0.0012357103791860835,2.8861944351566082,No significant trend,False
02479980,peak_cfs_per_sqmi,35,1991,2025,-0.226890756302521,0.05699152546399303,-0.01020599913279624,-20.943058495790524,No significant trend,False
02480002,peak_cfs_per_sqmi,35,1991,2025,-0.2605042016806723,0.028741024894388466,-0.011104596250267126,-22.562016114557082,Significant decrease,False
03572110,peak_cfs_per_sqmi,22,1979,2025,0.008658008658008658,0.9774953419665812,0.00034104341252397843,0.7883728995606631,No significant trend,False
03574500,peak_cfs_per_sqmi,47,1979,2025,-0.20351526364477335,0.04454554452363632,-0.004980683750290815,-10.835256926772486,Significant decrease,True
0357479650,peak_cfs_per_sqmi,24,1999,2025,-0.10144927536231885,0.5030370130775135,-0.0035952252923683904,-7.944922688745326,No significant trend,False
03575100,peak_cfs_per_sqmi,27,1999,2025,-0.05128205128205128,0.7229833081443058,-0.002480660201652444,-5.5518625328502935,No significant trend,False
0357526200,peak_cfs_per_sqmi,28,1997,2025,0.021164021164021163,0.8899640895977055,0.000549937518335367,1.2743291786296185,No significant trend,False
03575500,peak_cfs_per_sqmi,28,1979,2011,0.17195767195767195,0.20581462701847497,0.004111278391070287,9.929128232348127,No significant trend,False
0357568650,peak_cfs_per_sqmi,29,1996,2024,-0.09852216748768473,0.46443447665483895,-0.00462017020955831,-10.092008074702829,No significant trend,False
0357568980,peak_cfs_per_sqmi,30,1988,2025,-0.07126436781609195,0.5924901808547871,-0.0033057863762231293,-7.329365571191659,No significant trend,False
03575700,peak_cfs_per_sqmi,39,1985,2025,0.03643724696356275,0.7531271266832608,0.001690031690105505,3.9681501574151845,No significant trend,False
03575830,peak_cfs_per_sqmi,47,1979,2025,0.31267345050878814,0.0019977084751260916,0.010833506872499584,28.332031355032818,Significant increase,True
0357586650,peak_cfs_per_sqmi,28,1997,2024,0.037037037037037035,0.7973063403989813,0.0027810067035638425,6.612976146805227,No significant trend,False
0357587090,peak_cfs_per_sqmi,29,1997,2025,0.24630541871921183,0.063087449939294,0.007954550058470164,20.10068946764376,No significant trend,False
0357587140,peak_cfs_per_sqmi,27,1997,2025,0.3475783475783476,0.011635032422326587,0.015540929830257367,43.0241246063912,Significant increase,False
0357587400,peak_cfs_per_sqmi,29,1997,2025,-0.024630541871921183,0.8659362154363435,-0.0007007147077002572,-1.600508773330167,No significant trend,False
0357587728,peak_cfs_per_sqmi,39,1985,2025,0.31713900134952766,0.00463907552382548,0.006100789142085995,15.082129994626037,Significant increase,False
03575890,peak_cfs_per_sqmi,41,1985,2025,0.16951219512195123,0.12111625813655642,0.003293588761404353,7.878745531314513,No significant trend,False
0357591500,peak_cfs_per_sqmi,28,1997,2024,0.20105820105820105,0.1382557932775679,0.004726039186740322,11.496283643266114,No significant trend,False
03575950,peak_cfs_per_sqmi,32,1992,2025,0.3689516129032258,0.00315945273288961,0.012135687271495499,32.23818283932265,Significant increase,False
03575980,peak_cfs_per_sqmi,41,1985,2025,0.15609756097560976,0.15361557467313086,0.0035996783408504874,8.641757706196195,No significant trend,False
03576250,peak_cfs_per_sqmi,38,1979,2025,-0.05832147937411095,0.6149954250887406,-0.0016434277689917713,-3.7134286416561024,No significant trend,True
03576500,peak_cfs_per_sqmi,20,1992,2024,-0.13157894736842105,0.43593673290265056,-0.007175379544220423,-15.229215058648581,No significant trend,False
03584600,peak_cfs_per_sqmi,39,1979,2025,0.021592442645074223,0.8560015309550131,0.0007849426840183375,1.8238295980373298,No significant trend,True
03586500,peak_cfs_per_sqmi,41,1979,2025,-0.16219512195121952,0.1381516462628412,-0.0033784517693381303,-7.484290810630656,No significant trend,True
03588500,peak_cfs_per_sqmi,41,1979,2025,-0.0012195121951219512,1.0,-3.1835185834380574e-05,-0.07327636408499538,No significant trend,True
03589500,peak_cfs_per_sqmi,29,1979,2013,0.15763546798029557,0.2373017786499999,0.0031060917968323675,7.414007011955648,No significant trend,False
