huc12,flood_report_count,flash_flood_report_count,property_damage_usd,crop_damage_usd,direct_deaths,direct_injuries
031300020804,2,2,50000.0,0.0,0,0
031300020805,1,1,0.0,0.0,0,0
031300020902,2,2,19000.0,0.0,0,0
031300020903,4,4,0.0,0.0,0,0
031300020907,2,2,0.0,0.0,0,0
031300020908,1,1,0.0,0.0,0,0
031300021104,1,1,0.0,0.0,0,0
031300021109,1,1,0.0,0.0,0,0
031300021301,2,2,0.0,0.0,0,0
031300021306,3,3,5000.0,0.0,0,0
031300030301,6,5,22000.0,0.0,0,0
031300030305,1,1,0.0,0.0,0,0
031300030403,1,1,0.0,0.0,0,0
031300030501,1,1,0.0,0.0,0,0
031300030504,1,1,0.0,0.0,0,0
031300030803,2,2,27000.0,0.0,0,0
031300030804,1,1,0.0,0.0,0,0
031300031002,2,1,0.0,0.0,0,0
031300031101,3,3,10000.0,0.0,0,0
031300031301,1,1,0.0,0.0,0,0
031300031307,1,1,25000.0,0.0,0,0
031300031311,1,0,301000.0,0.0,0,0
031300031312,1,1,5000.0,0.0,0,0
031300040206,1,1,0.0,0.0,0,0
031300040302,2,2,0.0,0.0,0,0
031300040303,4,4,0.0,0.0,0,0
031300040504,2,0,1709460.0,0.0,0,0
031300040601,7,6,0.0,0.0,0,0
031300040602,8,5,51000.0,0.0,0,0
031300040603,7,7,0.0,0.0,0,0
031300040606,4,3,1000.0,0.0,0,0
031300040607,1,1,0.0,0.0,0,0
031300040701,2,2,0.0,0.0,0,0
031300120101,13,13,0.0,0.0,0,0
031300120102,2,2,20000.0,0.0,0,0
031300120103,5,3,25000.0,0.0,0,0
031300120104,2,1,0.0,0.0,0,0
031300120106,2,1,0.0,0.0,0,0
031300120201,7,7,110000.0,0.0,0,0
031300120202,1,1,0.0,0.0,0,0
031300120203,2,1,0.0,0.0,0,0
031401030101,1,1,0.0,0.0,0,0
031401030102,2,1,3160000.0,0.0,0,0
031401030201,5,1,5000.0,0.0,0,0
031401030203,4,4,0.0,0.0,0,0
031401030301,1,1,0.0,0.0,0,0
031401030601,1,1,0.0,0.0,0,0
031401040103,1,1,0.0,0.0,0,0
031401060201,2,2,0.0,0.0,0,0
031401060202,1,1,0.0,0.0,0,0
031401060301,2,1,5000.0,0.0,0,0
031401060302,7,7,1505000.0,0.0,0,0
031401060503,1,1,0.0,0.0,0,0
031401060504,1,1,0.0,0.0,0,0
031401060505,2,2,125000.0,0.0,0,0
031401060506,1,1,0.0,0.0,0,0
031401060507,1,0,0.0,0.0,0,0
031401060601,2,1,0.0,0.0,0,0
031401060602,2,2,0.0,0.0,0,0
031401060603,1,1,0.0,0.0,0,0
031401070103,1,1,0.0,0.0,0,0
031401070104,5,3,250000.0,0.0,1,0
031401070201,6,3,0.0,0.0,0,0
031401070202,1,1,0.0,0.0,0,0
031401070203,3,3,0.0,0.0,0,0
031401070204,11,7,0.0,0.0,0,0
031401070205,3,3,0.0,0.0,0,0
031401070300,1,1,0.0,0.0,0,0
031402010103,1,1,0.0,0.0,0,0
031402010202,1,1,0.0,0.0,0,0
031402010203,1,0,50000.0,0.0,0,0
031402010205,2,2,0.0,0.0,0,0
031402010207,3,2,10000.0,0.0,0,0
031402010208,3,2,0.0,0.0,0,0
031402010304,2,2,10000.0,0.0,0,0
031402010405,1,1,0.0,0.0,0,0
031402010406,1,1,10000.0,0.0,0,0
031402010501,10,8,505000.0,0.0,0,0
031402010502,3,3,100000.0,0.0,0,0
031402010503,6,6,0.0,0.0,0,0
031402010504,12,11,1260000.0,0.0,0,0
031402010601,9,8,30000.0,0.0,0,0
031402010602,2,0,0.0,0.0,0,0
031402010604,1,0,0.0,0.0,0,0
031402010701,5,3,0.0,0.0,0,0
031402010702,1,1,0.0,0.0,0,0
031402010803,2,2,20000.0,0.0,0,0
031402010901,2,2,60000.0,0.0,0,0
031402010902,1,1,0.0,0.0,0,0
031402011001,9,6,0.0,0.0,0,0
031402011003,1,1,0.0,0.0,0,0
031402011004,4,4,50000.0,0.0,0,0
031402011101,4,3,65000.0,0.0,0,0
031402011102,2,2,0.0,0.0,0,0
031402011103,2,2,5000.0,0.0,0,0
031402011104,5,3,5000.0,0.0,0,0
031402011105,1,1,0.0,0.0,0,0
031402011106,5,4,150000.0,0.0,0,0
031402011201,2,2,0.0,0.0,0,0
031402011202,2,2,0.0,0.0,0,0
031402011203,1,0,0.0,0.0,0,0
031402020103,1,1,0.0,0.0,0,0
031402020201,1,1,10000.0,0.0,0,0
031402020206,1,1,0.0,0.0,0,0
031402020301,1,1,0.0,0.0,0,0
031402020401,1,1,0.0,0.0,0,0
031402020403,1,1,0.0,0.0,0,0
031402020404,1,1,0.0,0.0,0,0
031402020405,1,1,0.0,0.0,0,0
031402020406,1,1,0.0,0.0,0,0
031402020408,3,3,500000.0,0.0,0,0
031402020409,2,2,0.0,0.0,0,0
031402020502,3,1,1898000.0,0.0,2,0
031402020505,2,2,0.0,0.0,0,0
031402020506,1,0,0.0,0.0,0,0
031402020507,2,1,0.0,0.0,0,0
031402020601,3,2,135000.0,0.0,0,0
031402020602,5,1,23000.0,0.0,0,0
031402020603,1,1,0.0,0.0,0,0
031402020606,1,1,0.0,0.0,0,0
031402020607,7,6,0.0,0.0,0,0
031402020610,5,3,2400000.0,0.0,0,0
031402020702,3,1,451000.0,0.0,0,0
031402020803,1,0,0.0,0.0,0,0
031402020901,1,1,0.0,0.0,0,0
031402020905,1,0,0.0,0.0,0,0
031402020906,8,5,0.0,0.0,0,1
031402030101,2,1,0.0,0.0,0,0
031402030102,4,2,5000.0,0.0,0,0
031402030103,2,1,0.0,0.0,0,0
031402030105,4,4,50000.0,0.0,0,0
031402030201,1,1,5000.0,0.0,0,0
031403010101,1,1,0.0,0.0,0,0
031403010104,1,1,0.0,0.0,0,0
031403010202,1,1,0.0,0.0,0,0
031403010204,2,2,0.0,0.0,0,0
031403010205,1,1,0.0,0.0,0,0
031403010302,1,1,2000.0,0.0,0,0
031403010303,2,2,0.0,0.0,0,0
031403010401,1,0,0.0,0.0,0,0
031403010501,2,2,0.0,0.0,0,0
031403010502,1,1,0.0,0.0,0,0
031403010503,1,0,0.0,0.0,0,0
031403020103,1,1,0.0,0.0,0,0
031403020201,1,1,0.0,0.0,0,0
031403020303,4,3,30000.0,0.0,0,0
031403020501,1,1,0.0,0.0,0,0
031403030101,1,1,0.0,0.0,0,0
031403030102,2,1,60000.0,0.0,0,1
031403030201,2,2,0.0,0.0,0,0
031403030203,1,1,0.0,0.0,0,0
031403030401,2,1,600000.0,0.0,0,0
031403030402,1,0,1500.0,0.0,0,0
031403030503,1,1,0.0,0.0,0,0
031403030504,1,0,0.0,0.0,0,0
031403030704,1,1,100000.0,0.0,0,0
031403040103,1,1,50000.0,0.0,0,0
031403040106,2,2,100000.0,0.0,0,0
031403040107,4,4,0.0,0.0,0,0
031403040301,1,1,0.0,0.0,0,0
031403040305,5,4,400000.0,0.0,0,0
031403040404,7,7,0.0,0.0,0,0
031403040503,1,1,0.0,0.0,0,0
031403040505,1,1,0.0,0.0,0,0
031403040601,1,1,0.0,0.0,0,0
031403040604,2,2,0.0,0.0,0,0
031403050202,2,2,0.0,0.0,0,0
031403050302,3,2,362000.0,0.0,0,0
031403050501,1,1,0.0,0.0,0,0
031501050302,2,2,0.0,0.0,0,0
031501050501,1,1,0.0,0.0,0,0
031501050605,2,1,0.0,0.0,0,0
031501050704,3,1,0.0,0.0,0,0
031501050802,1,0,0.0,0.0,0,0
031501050803,1,0,0.0,0.0,0,0
031501050804,1,0,5000.0,0.0,0,0
031501050806,2,2,0.0,0.0,0,0
031501050807,1,1,0.0,0.0,0,0
031501050905,1,1,3000.0,0.0,0,0
031501050906,1,1,0.0,0.0,0,0
031501050907,1,0,0.0,0.0,0,0
031501050908,1,1,0.0,0.0,0,0
031501050909,1,1,25000.0,0.0,0,0
031501051001,2,1,0.0,0.0,0,0
031501051002,4,2,2000.0,0.0,0,0
031501051003,6,3,9000.0,0.0,0,0
031501060101,38,24,270000.0,0.0,1,0
031501060102,3,2,0.0,0.0,0,0
031501060103,3,0,5000.0,0.0,0,0
031501060105,1,1,0.0,0.0,0,0
031501060107,5,4,35000.0,0.0,0,0
031501060108,1,1,4000.0,0.0,0,0
031501060201,1,0,0.0,0.0,0,0
031501060204,5,4,0.0,0.0,0,0
031501060301,1,1,4000.0,0.0,0,0
031501060302,2,2,0.0,0.0,0,0
031501060305,1,1,10000.0,0.0,0,0
031501060307,2,2,5000.0,0.0,0,0
031501060308,1,1,8000.0,0.0,0,0
031501060309,2,1,73000.0,0.0,0,1
031501060403,3,2,5000.0,0.0,0,0
031501060405,1,1,0.0,0.0,0,0
031501060407,1,0,0.0,0.0,0,0
031501060408,2,2,0.0,0.0,0,0
031501060409,2,2,10000.0,0.0,0,0
031501060501,1,0,1000.0,0.0,0,0
031501060504,2,1,0.0,0.0,0,0
031501060505,5,4,3000.0,0.0,0,0
031501060506,1,1,0.0,0.0,0,0
031501060507,2,2,15000.0,0.0,0,0
031501060509,2,2,0.0,0.0,0,0
031501060510,2,1,0.0,0.0,0,0
031501060511,1,1,0.0,0.0,0,0
031501060512,1,0,0.0,0.0,0,0
031501060513,1,1,0.0,0.0,0,0
031501060601,2,2,0.0,0.0,0,0
031501060602,1,1,3000.0,0.0,0,0
031501060603,1,1,0.0,0.0,0,0
031501060604,3,2,2000.0,0.0,0,0
031501060605,2,2,0.0,0.0,0,0
031501060703,3,3,10000.0,0.0,0,0
031501060802,1,1,0.0,0.0,0,0
031501060803,1,1,0.0,0.0,0,0
031501060804,1,0,0.0,0.0,0,0
031501060805,1,0,0.0,0.0,0,0
031501060806,1,1,0.0,0.0,0,0
031501070102,1,1,0.0,0.0,0,0
031501070104,5,2,10000.0,0.0,0,0
031501070106,2,1,0.0,0.0,0,0
031501070201,1,1,2000.0,0.0,0,0
031501070203,1,1,0.0,0.0,0,0
031501070205,2,2,0.0,0.0,0,0
031501070301,4,1,500000.0,0.0,0,0
031501070302,1,1,3000.0,0.0,0,0
031501070303,1,1,0.0,0.0,0,0
031501070304,2,2,5000.0,0.0,0,0
031501070402,2,2,0.0,0.0,0,0
031501070403,4,3,18000.0,0.0,0,0
031501070404,1,0,0.0,0.0,0,0
031501070406,1,1,0.0,0.0,0,0
031501070503,1,1,0.0,0.0,0,0
031501070601,1,1,0.0,0.0,0,0
031501070702,2,1,0.0,0.0,0,0
031501070708,1,0,0.0,0.0,0,0
031501070801,1,1,50000.0,0.0,0,0
031501070802,3,3,5000.0,0.0,0,0
031501070901,1,0,0.0,0.0,0,0
031501070902,1,1,0.0,0.0,0,0
031501070905,1,1,0.0,0.0,0,0
031501070906,1,1,0.0,0.0,0,0
031501070907,7,6,23000.0,0.0,0,0
031501080403,1,0,0.0,0.0,0,0
031501080404,2,2,7000.0,0.0,0,0
031501080803,3,2,1000.0,0.0,1,1
031501080901,1,1,0.0,0.0,0,0
031501080903,2,2,100000.0,0.0,0,0
031501080904,3,2,25000.0,0.0,0,0
031501081002,2,1,0.0,0.0,0,0
031501081005,1,1,0.0,0.0,0,0
031501081006,2,2,2000.0,0.0,0,0
031501090101,1,0,0.0,0.0,0,0
031501090103,1,0,0.0,0.0,0,1
031501090106,2,2,0.0,0.0,0,0
031501090107,1,1,0.0,0.0,0,0
031501090301,2,2,115000.0,0.0,0,0
031501090305,1,1,3000.0,0.0,0,0
031501090307,1,1,100000.0,0.0,0,0
031501090401,3,3,47000.0,0.0,0,0
031501090403,4,4,7000.0,0.0,0,0
031501090404,1,0,0.0,0.0,0,0
031501090405,2,2,0.0,0.0,0,0
031501090406,2,1,2000.0,0.0,0,0
031501090503,1,1,5000.0,0.0,0,0
031501090504,2,2,29000.0,0.0,0,0
031501090801,1,0,0.0,0.0,0,0
031501090803,2,2,5000.0,0.0,0,0
031501100102,6,6,0.0,0.0,0,0
031501100103,1,1,0.0,0.0,0,0
031501100104,1,1,0.0,0.0,0,0
031501100201,1,1,0.0,0.0,0,0
031501100202,6,4,400000.0,0.0,0,0
031501100203,1,1,0.0,0.0,0,0
031501100301,2,2,0.0,0.0,0,0
031501100302,3,2,6000.0,0.0,0,0
031501100304,1,1,0.0,0.0,0,0
031501100401,1,1,2000.0,0.0,0,0
031501100404,1,1,1000.0,0.0,0,0
031501100405,1,1,0.0,0.0,0,0
031501100406,1,0,0.0,0.0,0,0
031501100503,1,1,17000.0,0.0,0,0
031501100604,2,2,100000.0,0.0,0,0
031501100701,1,1,0.0,0.0,0,0
031501100704,1,1,0.0,0.0,0,0
031501100801,1,1,100000.0,0.0,0,0
031501100804,3,3,0.0,0.0,0,0
031501100902,1,1,0.0,0.0,0,0
031501100905,2,1,0.0,0.0,0,0
031502010101,1,1,0.0,0.0,0,0
031502010102,1,1,1000000.0,0.0,0,0
031502010103,2,2,2000.0,0.0,0,0
031502010104,1,1,0.0,0.0,0,0
031502010105,11,10,1818000.0,0.0,1,0
031502010106,8,8,4928000.0,0.0,0,0
031502010107,9,8,530000.0,0.0,0,0
031502010203,3,3,11000.0,0.0,0,0
031502010304,1,1,0.0,0.0,0,0
031502010306,4,4,135000.0,0.0,0,0
031502010307,1,1,2000.0,0.0,0,0
031502010308,1,1,0.0,0.0,0,0
031502010309,2,1,0.0,0.0,0,0
031502010310,2,2,0.0,0.0,0,0
031502010311,3,2,0.0,0.0,0,0
031502010402,1,1,50000.0,0.0,0,0
031502010403,1,1,0.0,0.0,0,0
031502010404,1,1,0.0,0.0,0,0
031502010501,1,1,0.0,0.0,0,0
031502010502,1,1,0.0,0.0,0,0
031502010602,1,1,8000.0,0.0,0,0
031502010603,3,3,50000.0,0.0,0,0
031502010701,1,1,0.0,0.0,0,0
031502010703,1,1,0.0,0.0,0,0
031502010803,2,2,2000.0,0.0,0,0
031502010807,1,1,0.0,0.0,0,0
031502011002,1,1,3000.0,0.0,0,0
031502011003,1,1,0.0,0.0,0,0
031502011102,1,0,0.0,0.0,0,0
031502011205,2,2,0.0,0.0,0,0
031502011207,1,1,0.0,0.0,0,0
031502020101,3,3,50000.0,0.0,0,0
031502020102,1,1,0.0,0.0,0,0
031502020103,5,4,72000.0,0.0,0,0
031502020104,1,1,0.0,0.0,0,0
031502020201,1,1,0.0,0.0,0,0
031502020202,13,11,95000.0,0.0,0,0
031502020203,7,6,25000.0,0.0,0,0
031502020204,31,28,11000.0,0.0,0,0
031502020206,9,7,520000.0,0.0,0,0
031502020301,8,6,0.0,0.0,0,1
031502020302,2,2,0.0,0.0,0,0
031502020303,6,6,2000.0,0.0,3,1
031502020403,3,3,2000.0,0.0,0,0
031502020404,2,2,0.0,0.0,0,0
031502020406,1,1,0.0,0.0,0,0
031502020503,5,4,80000.0,0.0,0,0
031502020504,2,2,100000.0,0.0,0,0
031502020601,1,1,2000.0,0.0,0,0
031502020701,1,1,28000.0,0.0,0,0
031502020703,1,1,0.0,0.0,0,0
031502020802,1,1,0.0,0.0,0,0
031502020803,1,1,0.0,0.0,0,0
031502020805,3,3,0.0,0.0,0,0
031502020901,1,1,0.0,0.0,0,0
031502020902,1,1,0.0,0.0,0,0
031502030102,1,1,0.0,0.0,0,0
031502030201,2,2,0.0,0.0,0,0
031502030203,1,1,0.0,0.0,0,0
031502030205,1,0,15000.0,0.0,0,0
031502030207,1,0,0.0,0.0,0,0
031502030208,1,1,0.0,0.0,0,0
031502030303,1,1,8000.0,0.0,0,0
031502030403,1,1,0.0,0.0,0,0
031502030406,1,1,0.0,0.0,0,0
031502030505,2,2,10000.0,0.0,0,0
031502030603,1,1,0.0,0.0,0,0
031502030604,1,1,0.0,0.0,0,0
031502030605,3,3,110000.0,0.0,0,0
031502030703,1,1,0.0,0.0,0,0
031502030804,1,1,0.0,0.0,0,0
031502030805,1,0,0.0,0.0,0,0
031502040101,1,1,0.0,0.0,0,0
031502040205,1,0,275000.0,0.0,0,0
031502040302,1,1,50000.0,0.0,0,0
031502040303,2,1,75000.0,0.0,0,0
031502040304,5,5,25000.0,0.0,0,0
031502040403,1,1,0.0,0.0,0,0
031502040404,1,1,0.0,0.0,0,0
031502040405,1,1,0.0,0.0,0,0
031502040502,2,2,0.0,0.0,0,0
031502040503,1,1,0.0,0.0,0,0
031601010501,1,0,0.0,0.0,0,0
031601010502,1,0,0.0,0.0,0,0
031601010503,2,2,0.0,0.0,0,0
031601030101,1,1,0.0,0.0,0,0
031601030104,1,1,0.0,0.0,0,0
031601030201,1,1,0.0,0.0,0,0
031601030202,3,3,5000.0,0.0,0,0
031601030301,1,0,0.0,0.0,0,0
031601030302,2,1,5000.0,0.0,0,0
031601030303,1,1,0.0,0.0,0,0
031601030305,5,5,11000.0,0.0,0,0
031601030306,6,6,110000.0,0.0,0,0
031601030401,3,3,60000.0,0.0,0,0
031601030402,2,2,0.0,0.0,0,0
031601030503,3,2,0.0,0.0,0,0
031601050201,1,1,0.0,0.0,0,0
031601050202,1,1,0.0,0.0,0,0
031601050203,1,1,0.0,0.0,0,0
031601050204,2,2,0.0,0.0,0,0
031601050304,10,9,107000.0,0.0,0,0
031601050401,3,3,60000.0,0.0,0,0
031601050402,4,4,20000.0,0.0,0,0
031601050404,6,4,7000.0,0.0,0,0
031601060201,1,1,0.0,0.0,0,0
031601060402,1,1,0.0,0.0,0,0
031601060405,1,1,0.0,0.0,0,0
031601060502,2,2,60000.0,0.0,2,1
031601060607,1,1,15000.0,0.0,0,0
031601060703,1,1,10000.0,0.0,0,0
031601070102,1,1,0.0,0.0,0,0
031601070103,2,1,0.0,0.0,0,0
031601070105,1,1,0.0,0.0,0,0
031601070201,5,5,20000.0,0.0,0,0
031601070203,2,2,13000.0,0.0,0,0
031601070206,1,1,25000.0,0.0,0,0
031601070302,3,3,0.0,0.0,0,0
031601070303,3,3,21000.0,0.0,0,0
031601080903,2,2,10000.0,0.0,0,0
031601081005,1,1,0.0,0.0,0,0
031601090101,7,6,0.0,0.0,0,0
031601090102,1,1,0.0,0.0,0,0
031601090104,13,11,10000.0,0.0,0,0
031601090105,1,1,0.0,0.0,0,0
031601090106,10,7,10000.0,0.0,0,0
031601090107,2,0,0.0,0.0,0,0
031601090108,3,2,0.0,0.0,0,0
031601090109,7,7,0.0,0.0,0,0
031601090201,1,1,0.0,0.0,0,0
031601090202,2,2,0.0,0.0,0,0
031601090203,2,1,0.0,0.0,0,0
031601090204,2,2,0.0,0.0,0,0
031601090205,5,3,5000.0,0.0,0,0
031601090301,1,1,5000.0,0.0,0,0
031601090302,1,1,3000.0,0.0,0,0
031601090307,2,1,200000.0,0.0,0,0
031601090309,1,1,0.0,0.0,0,0
031601090403,1,0,0.0,0.0,0,0
031601090405,1,1,1000.0,0.0,0,0
031601090502,3,2,0.0,0.0,0,0
031601090601,5,5,161000.0,0.0,0,0
031601090603,1,1,0.0,0.0,0,0
031601100401,4,4,20000.0,0.0,0,0
031601100402,2,1,0.0,0.0,0,0
031601100405,9,7,0.0,0.0,0,0
031601100501,6,4,5000.0,0.0,0,0
031601100502,5,4,0.0,0.0,0,0
031601100503,2,2,0.0,0.0,0,0
031601100504,2,2,0.0,0.0,0,0
031601100507,3,3,0.0,0.0,0,0
031601110102,1,1,100000.0,0.0,0,0
031601110103,6,3,15000.0,0.0,0,0
031601110105,9,4,0.0,0.0,0,0
031601110201,2,1,0.0,0.0,0,0
031601110203,1,1,30000.0,0.0,0,0
031601110205,2,1,0.0,0.0,0,0
031601110206,4,4,200000.0,0.0,0,0
031601110208,2,2,0.0,0.0,0,0
031601110304,1,1,1000.0,0.0,0,0
031601110305,3,1,0.0,0.0,0,0
031601110306,3,2,50000.0,0.0,0,3
031601110308,5,4,0.0,0.0,0,0
031601110402,1,1,0.0,0.0,0,0
031601110405,1,1,0.0,0.0,0,0
031601110406,9,6,50000.0,0.0,0,0
031601110407,3,3,5000.0,0.0,0,0
031601110408,21,19,35000.0,0.0,0,0
031601110409,2,2,0.0,0.0,0,0
031601110410,2,1,0.0,0.0,0,0
031601110412,1,1,0.0,0.0,0,0
031601120101,22,19,446000.0,0.0,0,0
031601120102,5,3,0.0,0.0,0,0
031601120103,1,0,0.0,0.0,0,0
031601120104,4,4,0.0,0.0,1,0
031601120105,2,2,0.0,0.0,0,0
031601120201,1,1,0.0,0.0,0,0
031601120303,1,1,0.0,0.0,0,0
031601120405,2,2,0.0,0.0,0,0
031601120409,2,1,0.0,0.0,0,0
031601120411,1,1,0.0,0.0,0,0
031601120413,1,1,6000.0,0.0,0,0
031601120504,1,1,0.0,0.0,0,0
031601120505,16,11,43000.0,0.0,1,1
031601130101,1,1,1000.0,0.0,0,0
031601130104,1,1,0.0,0.0,0,0
031601130201,3,3,0.0,0.0,0,0
031601130202,5,3,3350000.0,0.0,3,0
031601130203,6,6,135000.0,0.0,1,0
031601130502,1,1,0.0,0.0,0,0
031601130503,1,1,0.0,0.0,0,0
031601130506,1,1,0.0,0.0,0,0
031601130507,1,1,0.0,0.0,0,0
031601130601,1,0,0.0,0.0,0,0
031601130602,2,1,25000.0,0.0,0,0
031601130704,1,1,4000.0,0.0,0,0
031601130705,1,1,0.0,0.0,0,0
031601130706,2,1,10000.0,0.0,0,0
031601130707,2,2,8000.0,0.0,0,0
031601130803,1,1,0.0,0.0,0,0
031602010101,1,1,0.0,0.0,0,0
031602010103,1,1,6000.0,0.0,0,0
031602010104,1,1,0.0,0.0,0,0
031602010401,1,1,3000.0,0.0,0,0
031602010408,2,1,0.0,0.0,0,0
031602010506,3,3,25000.0,0.0,0,0
031602010601,4,4,0.0,0.0,0,0
031602010703,2,2,1200000.0,0.0,0,1
031602010704,1,1,25000.0,0.0,0,0
031602010801,1,1,0.0,0.0,0,0
031602010803,1,1,0.0,0.0,0,0
031602010804,10,8,20000.0,0.0,1,0
031602010806,5,5,1900000.0,0.0,0,0
031602010807,1,1,75000.0,0.0,0,0
031602010904,5,5,0.0,0.0,0,0
031602010905,2,1,265000.0,0.0,0,0
031602010907,1,0,5000.0,0.0,0,0
031602010908,1,1,25000.0,0.0,0,0
031602020402,1,1,0.0,0.0,0,0
031602020404,1,1,0.0,0.0,0,0
031602020405,2,2,11000.0,0.0,0,0
031602020604,1,1,0.0,0.0,0,0
031602030101,2,2,0.0,0.0,0,0
031602030102,1,1,460000.0,0.0,0,0
031602030202,1,1,50000.0,0.0,0,0
031602030302,4,3,50000.0,0.0,0,0
031602030402,5,2,0.0,0.0,0,0
031602030403,1,1,0.0,0.0,0,0
031602030501,1,1,0.0,0.0,0,0
031602030602,9,8,75000.0,0.0,0,0
031602030603,1,1,25000.0,0.0,0,0
031602030604,3,3,110000.0,0.0,0,0
031602030605,6,5,0.0,0.0,0,0
031602030607,2,2,0.0,0.0,0,0
031602030701,1,1,25000.0,0.0,0,0
031602030702,3,3,0.0,0.0,0,0
031602030704,1,1,1200000.0,0.0,0,0
031602030901,3,3,775000.0,0.0,0,0
031602031002,3,3,15000.0,0.0,0,0
031602040101,3,3,0.0,0.0,0,0
031602040106,1,1,0.0,0.0,0,0
031602040201,1,1,0.0,0.0,0,0
031602040302,2,2,0.0,0.0,0,0
031602040304,9,9,80000.0,0.0,0,0
031602040305,2,2,25000.0,0.0,0,0
031602040402,6,5,6500000.0,0.0,0,0
031602040403,1,1,0.0,0.0,0,0
031602040501,7,7,260000.0,0.0,0,0
031602040502,2,1,0.0,0.0,0,0
031602040503,3,3,27012000.0,0.0,1,1
031602040504,19,17,115000.0,0.0,0,0
031602040505,10,9,0.0,0.0,0,0
031602050101,17,16,241000.0,0.0,0,0
031602050102,14,11,5000.0,0.0,0,0
031602050103,8,7,0.0,0.0,0,0
031602050104,9,8,0.0,0.0,0,0
031602050105,6,6,20000.0,0.0,0,0
031602050201,7,6,630000.0,0.0,0,0
031602050202,5,4,15000.0,0.0,0,0
031602050203,8,8,0.0,0.0,0,0
031602050204,19,15,125000.0,0.0,0,0
031602050205,12,7,375000.0,0.0,0,0
031602050206,10,8,0.0,0.0,0,0
031602050208,4,2,0.0,0.0,0,0
031602050300,1,1,0.0,0.0,0,0
031700020604,1,1,0.0,0.0,0,0
031700080102,1,1,25000.0,0.0,0,0
031700080103,1,1,0.0,0.0,0,0
031700080201,1,1,4000.0,0.0,0,0
031700080203,1,1,0.0,0.0,0,0
031700080303,1,1,0.0,0.0,0,0
031700080404,1,1,250000.0,0.0,0,0
031700080502,5,4,10000.0,0.0,0,0
031700080601,8,8,0.0,0.0,0,0
031700080602,9,7,5000.0,0.0,0,0
031700080701,5,4,0.0,0.0,0,0
031700080702,11,8,45000.0,0.0,0,0
031700090101,1,1,0.0,0.0,0,0
031700090102,7,7,0.0,0.0,0,0
031700090103,3,2,0.0,0.0,0,0
031700090201,2,2,230000.0,0.0,0,0
031700090202,3,3,0.0,0.0,0,0
060200011101,2,1,0.0,0.0,0,0
060300010201,2,1,0.0,0.0,0,0
060300010202,2,2,0.0,0.0,0,0
060300010203,2,1,75000.0,0.0,0,0
060300010304,1,1,0.0,0.0,0,0
060300010305,1,0,0.0,0.0,0,0
060300010306,1,1,0.0,0.0,0,0
060300010307,3,2,0.0,0.0,0,0
060300010404,3,0,0.0,0.0,0,0
060300010405,4,2,0.0,0.0,0,0
060300010406,3,2,0.0,0.0,0,0
060300010407,2,2,0.0,0.0,0,0
060300010408,1,1,0.0,0.0,0,0
060300010502,5,3,0.0,0.0,0,0
060300010503,2,1,0.0,0.0,0,0
060300010505,3,3,0.0,0.0,2,1
060300010601,1,0,0.0,0.0,0,0
060300010602,5,3,0.0,0.0,0,0
060300010603,7,1,0.0,0.0,0,0
060300010604,3,3,0.0,0.0,0,0
060300010606,3,1,0.0,0.0,0,0
060300010701,3,1,0.0,0.0,0,0
060300010702,4,4,0.0,0.0,0,0
060300010703,4,2,0.0,0.0,0,0
060300010704,3,3,0.0,0.0,0,0
060300010705,1,1,0.0,0.0,0,0
060300010801,5,3,150000.0,0.0,0,0
060300010802,2,0,0.0,0.0,0,0
060300010803,5,2,0.0,0.0,0,0
060300010804,1,1,0.0,0.0,0,0
060300010806,11,6,5000.0,0.0,0,0
060300010901,1,1,0.0,0.0,0,0
060300010902,2,1,0.0,0.0,0,0
060300010903,2,2,0.0,0.0,0,0
060300010904,4,1,0.0,0.0,0,0
060300010906,2,0,0.0,0.0,0,0
060300020101,1,1,300000.0,0.0,0,0
060300020103,1,0,0.0,0.0,0,0
060300020104,1,0,0.0,0.0,0,0
060300020105,2,0,0.0,0.0,0,0
060300020107,7,3,0.0,0.0,0,0
060300020202,9,4,0.0,0.0,0,0
060300020203,5,4,0.0,0.0,0,0
060300020204,8,5,100000.0,0.0,0,0
060300020303,3,3,0.0,0.0,0,0
060300020304,8,5,25000.0,0.0,0,0
060300020305,12,10,0.0,0.0,0,0
060300020306,8,6,0.0,0.0,0,0
060300020307,5,3,10000.0,0.0,1,0
060300020401,1,1,30000.0,0.0,0,0
060300020402,7,5,0.0,0.0,0,0
060300020403,12,7,0.0,0.0,0,0
060300020404,7,6,0.0,0.0,0,0
060300020405,17,12,7000.0,0.0,0,0
060300020501,23,18,5000.0,0.0,0,0
060300020502,34,31,40000.0,0.0,0,0
060300020503,23,15,21000.0,0.0,0,0
060300020504,24,18,130000.0,0.0,0,0
060300020505,6,1,0.0,0.0,0,0
060300020601,1,1,0.0,0.0,0,0
060300020602,4,3,300000.0,0.0,0,0
060300020603,13,12,32000.0,0.0,0,0
060300020604,8,6,0.0,0.0,0,0
060300020606,1,0,0.0,0.0,0,0
060300020701,5,4,40000.0,0.0,0,0
060300020702,29,20,2000.0,0.0,0,0
060300020703,2,1,0.0,0.0,0,0
060300020801,7,5,10000.0,0.0,0,0
060300020802,5,2,0.0,0.0,0,0
060300020803,2,1,0.0,0.0,0,0
060300020901,7,7,0.0,0.0,2,0
060300020902,4,0,450000.0,0.0,1,0
060300020903,4,3,1000.0,0.0,0,0
060300020904,6,3,115000.0,0.0,0,0
060300020905,13,11,125000.0,0.0,0,0
060300020906,1,0,0.0,0.0,0,0
060300021002,1,1,0.0,0.0,0,0
060300021003,13,9,0.0,0.0,0,0
060300021004,2,2,0.0,0.0,0,0
060300021005,9,5,0.0,0.0,0,0
060300021006,4,4,0.0,0.0,0,0
060300021007,6,6,0.0,0.0,0,0
060300021008,8,6,0.0,0.0,0,0
060300021009,1,1,0.0,0.0,0,0
060300021010,2,1,0.0,0.0,0,0
060300021011,4,3,500.0,0.0,0,0
060300021013,4,2,0.0,0.0,0,0
060300021014,20,10,1000000.0,0.0,0,0
060300021101,12,6,0.0,0.0,0,0
060300021102,32,25,70000.0,0.0,0,0
060300021103,7,5,500.0,0.0,0,0
060300021104,2,2,500000.0,0.0,0,0
060300021105,5,4,0.0,0.0,0,0
060300021106,1,1,0.0,0.0,0,0
060300021107,2,1,0.0,0.0,0,0
060300021202,14,9,7500.0,0.0,0,0
060300021203,1,0,0.0,0.0,0,0
060300021204,3,1,18000.0,0.0,0,0
060300021205,1,1,0.0,0.0,0,0
060300040303,4,3,0.0,0.0,0,0
060300040401,2,0,0.0,0.0,0,0
060300040402,2,2,0.0,0.0,0,0
060300040403,2,1,0.0,0.0,0,0
060300040404,18,10,0.0,0.0,1,2
060300040405,8,3,5000.0,0.0,0,0
060300050101,2,2,0.0,0.0,0,0
060300050102,17,11,60000.0,0.0,0,0
060300050103,5,5,0.0,0.0,0,0
060300050104,3,1,0.0,0.0,0,0
060300050105,2,1,0.0,0.0,0,0
060300050201,6,4,0.0,0.0,0,0
060300050202,12,6,0.0,0.0,0,0
060300050301,1,1,0.0,0.0,0,0
060300050302,1,0,0.0,0.0,0,0
060300050304,11,4,0.0,0.0,0,0
060300050507,3,1,1000000.0,0.0,0,0
060300050508,5,2,0.0,0.0,0,0
060300050509,9,5,20000.0,0.0,0,0
060300050601,3,1,0.0,0.0,0,0
060300050602,1,1,0.0,0.0,0,0
060300050603,6,3,30000.0,0.0,1,0
060300050604,14,12,0.0,0.0,0,0
060300050605,26,21,0.0,0.0,0,0
060300050702,8,7,0.0,0.0,0,0
060300050703,26,23,2000.0,0.0,0,0
060300050801,11,11,0.0,0.0,0,0
060300050802,8,2,0.0,0.0,0,0
060300050803,38,28,20000.0,0.0,0,0
060300050805,4,2,0.0,0.0,0,0
060300050806,1,1,0.0,0.0,0,0
060300050807,4,3,0.0,0.0,0,0
060300050808,14,12,500.0,0.0,0,0
060300050901,1,1,1000.0,0.0,0,0
060300050902,2,2,0.0,0.0,0,0
060300051001,2,1,0.0,0.0,0,0
060300051002,16,14,5000.0,0.0,0,0
060300051004,2,1,5000.0,0.0,0,0
060300051202,1,1,0.0,0.0,1,0
060300051203,1,0,0.0,0.0,0,0
060300060101,1,1,0.0,0.0,0,0
060300060102,3,3,2000.0,0.0,0,0
060300060103,8,8,5000.0,0.0,0,0
060300060104,2,2,0.0,0.0,0,0
060300060105,3,3,0.0,0.0,0,0
060300060201,10,7,25000.0,0.0,0,0
060300060202,1,1,0.0,0.0,0,0
060300060203,1,0,0.0,0.0,0,0
060300060207,1,1,0.0,0.0,0,0
060300060304,2,0,0.0,0.0,0,0
060300060305,10,10,20000.0,0.0,0,0
