catalog_event_id,matched_flood_report_count,matched_flash_flood_count,matched_property_damage_usd,matched_crop_damage_usd,matched_direct_deaths,matched_direct_injuries
AL-RF-19790304-0001,0,0,0.0,0.0,0.0,0.0
AL-RF-19790404-0002,0,0,0.0,0.0,0.0,0.0
AL-RF-19790413-0003,0,0,0.0,0.0,0.0,0.0
AL-RF-19790427-0004,0,0,0.0,0.0,0.0,0.0
AL-RF-19790913-0005,0,0,0.0,0.0,0.0,0.0
AL-RF-19790928-0006,0,0,0.0,0.0,0.0,0.0
AL-RF-19800318-0007,0,0,0.0,0.0,0.0,0.0
AL-RF-19800328-0008,0,0,0.0,0.0,0.0,0.0
AL-RF-19800330-0009,0,0,0.0,0.0,0.0,0.0
AL-RF-19800414-0010,0,0,0.0,0.0,0.0,0.0
AL-RF-19800519-0011,0,0,0.0,0.0,0.0,0.0
AL-RF-19800520-0012,0,0,0.0,0.0,0.0,0.0
AL-RF-19800930-0013,0,0,0.0,0.0,0.0,0.0
AL-RF-19801028-0014,0,0,0.0,0.0,0.0,0.0
AL-RF-19810211-0015,0,0,0.0,0.0,0.0,0.0
AL-RF-19810401-0016,0,0,0.0,0.0,0.0,0.0
AL-RF-19820104-0017,0,0,0.0,0.0,0.0,0.0
AL-RF-19820202-0018,0,0,0.0,0.0,0.0,0.0
AL-RF-19820203-0019,0,0,0.0,0.0,0.0,0.0
AL-RF-19820425-0020,0,0,0.0,0.0,0.0,0.0
AL-RF-19821013-0021,0,0,0.0,0.0,0.0,0.0
AL-RF-19821201-0022,0,0,0.0,0.0,0.0,0.0
AL-RF-19821205-0023,0,0,0.0,0.0,0.0,0.0
AL-RF-19821227-0024,0,0,0.0,0.0,0.0,0.0
AL-RF-19830202-0025,0,0,0.0,0.0,0.0,0.0
AL-RF-19830306-0026,0,0,0.0,0.0,0.0,0.0
AL-RF-19830407-0027,0,0,0.0,0.0,0.0,0.0
AL-RF-19830414-0028,0,0,0.0,0.0,0.0,0.0
AL-RF-19830423-0029,0,0,0.0,0.0,0.0,0.0
AL-RF-19830516-0030,0,0,0.0,0.0,0.0,0.0
AL-RF-19830519-0031,0,0,0.0,0.0,0.0,0.0
AL-RF-19831128-0032,0,0,0.0,0.0,0.0,0.0
AL-RF-19831204-0033,0,0,0.0,0.0,0.0,0.0
AL-RF-19831228-0034,0,0,0.0,0.0,0.0,0.0
AL-RF-19840503-0035,0,0,0.0,0.0,0.0,0.0
AL-RF-19840802-0036,0,0,0.0,0.0,0.0,0.0
AL-RF-19841023-0037,0,0,0.0,0.0,0.0,0.0
AL-RF-19841127-0038,0,0,0.0,0.0,0.0,0.0
AL-RF-19850729-0039,0,0,0.0,0.0,0.0,0.0
AL-RF-19851030-0040,0,0,0.0,0.0,0.0,0.0
AL-RF-19860313-0041,0,0,0.0,0.0,0.0,0.0
AL-RF-19860314-0042,0,0,0.0,0.0,0.0,0.0
AL-RF-19861125-0043,0,0,0.0,0.0,0.0,0.0
AL-RF-19870119-0044,0,0,0.0,0.0,0.0,0.0
AL-RF-19870814-0045,0,0,0.0,0.0,0.0,0.0
AL-RF-19871117-0046,0,0,0.0,0.0,0.0,0.0
AL-RF-19880809-0047,0,0,0.0,0.0,0.0,0.0
AL-RF-19880905-0048,0,0,0.0,0.0,0.0,0.0
AL-RF-19880910-0049,0,0,0.0,0.0,0.0,0.0
AL-RF-19890114-0050,0,0,0.0,0.0,0.0,0.0
AL-RF-19890609-0051,0,0,0.0,0.0,0.0,0.0
AL-RF-19890616-0052,0,0,0.0,0.0,0.0,0.0
AL-RF-19890621-0053,0,0,0.0,0.0,0.0,0.0
AL-RF-19891001-0054,0,0,0.0,0.0,0.0,0.0
AL-RF-19891109-0055,0,0,0.0,0.0,0.0,0.0
AL-RF-19900216-0056,0,0,0.0,0.0,0.0,0.0
AL-RF-19900317-0057,0,0,0.0,0.0,0.0,0.0
AL-RF-19900513-0058,0,0,0.0,0.0,0.0,0.0
AL-RF-19901203-0059,0,0,0.0,0.0,0.0,0.0
AL-RF-19901223-0060,0,0,0.0,0.0,0.0,0.0
AL-RF-19910220-0061,0,0,0.0,0.0,0.0,0.0
AL-RF-19910303-0062,0,0,0.0,0.0,0.0,0.0
AL-RF-19910430-0063,0,0,0.0,0.0,0.0,0.0
AL-RF-19910513-0064,0,0,0.0,0.0,0.0,0.0
AL-RF-19910514-0065,0,0,0.0,0.0,0.0,0.0
AL-RF-19910527-0066,0,0,0.0,0.0,0.0,0.0
AL-RF-19910626-0067,0,0,0.0,0.0,0.0,0.0
AL-RF-19911121-0068,0,0,0.0,0.0,0.0,0.0
AL-RF-19911203-0069,0,0,0.0,0.0,0.0,0.0
AL-RF-19920310-0070,0,0,0.0,0.0,0.0,0.0
AL-RF-19920828-0071,0,0,0.0,0.0,0.0,0.0
AL-RF-19921104-0072,0,0,0.0,0.0,0.0,0.0
AL-RF-19921126-0073,0,0,0.0,0.0,0.0,0.0
AL-RF-19930121-0074,0,0,0.0,0.0,0.0,0.0
AL-RF-19930323-0075,0,0,0.0,0.0,0.0,0.0
AL-RF-19931030-0076,0,0,0.0,0.0,0.0,0.0
AL-RF-19940128-0077,0,0,0.0,0.0,0.0,0.0
AL-RF-19940211-0078,0,0,0.0,0.0,0.0,0.0
AL-RF-19940328-0079,0,0,0.0,0.0,0.0,0.0
AL-RF-19940629-0080,0,0,0.0,0.0,0.0,0.0
AL-RF-19940706-0081,0,0,0.0,0.0,0.0,0.0
AL-RF-19950212-0082,0,0,0.0,0.0,0.0,0.0
AL-RF-19950216-0083,0,0,0.0,0.0,0.0,0.0
AL-RF-19950308-0084,0,0,0.0,0.0,0.0,0.0
AL-RF-19950421-0085,0,0,0.0,0.0,0.0,0.0
AL-RF-19950423-0086,0,0,0.0,0.0,0.0,0.0
AL-RF-19950509-0087,0,0,0.0,0.0,0.0,0.0
AL-RF-19950804-0088,0,0,0.0,0.0,0.0,0.0
AL-RF-19951005-0089,0,0,0.0,0.0,0.0,0.0
AL-RF-19951103-0090,0,0,0.0,0.0,0.0,0.0
AL-RF-19951219-0091,0,0,0.0,0.0,0.0,0.0
AL-RF-19960127-0092,3,1,75000.0,0.0,0.0,0.0
AL-RF-19960306-0093,11,10,613000.0,40000.0,0.0,1.0
AL-RF-19960415-0094,2,2,500000.0,0.0,0.0,0.0
AL-RF-19960421-0095,0,0,0.0,0.0,0.0,0.0
AL-RF-19960528-0096,1,1,15000.0,0.0,0.0,0.0
AL-RF-19960708-0097,0,0,0.0,0.0,0.0,0.0
AL-RF-19960901-0098,5,5,77000.0,0.0,0.0,0.0
AL-RF-19970303-0099,0,0,0.0,0.0,0.0,0.0
AL-RF-19970503-0100,4,4,110000.0,12000.0,0.0,0.0
AL-RF-19970720-0101,6,6,545000.0,50000.0,0.0,0.0
AL-RF-19970925-0102,0,0,0.0,0.0,0.0,0.0
AL-RF-19971027-0103,0,0,0.0,0.0,0.0,0.0
AL-RF-19980108-0104,56,56,1575000.0,250000.0,2.0,0.0
AL-RF-19980308-0105,20,12,346705000.0,60000.0,4.0,0.0
AL-RF-19980715-0106,1,1,30000.0,10000.0,0.0,2.0
AL-RF-19980903-0107,1,0,0.0,0.0,0.0,0.0
AL-RF-19980913-0108,1,0,0.0,0.0,0.0,0.0
AL-RF-19980930-0109,17,16,4270000.0,15050000.0,0.0,0.0
AL-RF-19981213-0110,0,0,0.0,0.0,0.0,0.0
AL-RF-19990123-0111,6,4,91000.0,0.0,0.0,0.0
AL-RF-19990131-0112,4,3,15000.0,0.0,0.0,0.0
AL-RF-19990314-0113,5,3,21000.0,0.0,0.0,0.0
AL-RF-19990506-0114,6,5,41000.0,0.0,0.0,0.0
AL-RF-19990627-0115,20,16,3522000.0,0.0,2.0,2.0
AL-RF-19990629-0116,23,19,3645000.0,0.0,2.0,2.0
AL-RF-19991010-0117,0,0,0.0,0.0,0.0,0.0
AL-RF-19991102-0118,0,0,0.0,0.0,0.0,0.0
AL-RF-20000320-0119,5,5,135000.0,0.0,0.0,0.0
AL-RF-20000404-0120,14,14,575000.0,0.0,0.0,0.0
AL-RF-20001109-0121,3,0,5000.0,0.0,0.0,0.0
AL-RF-20010304-0122,22,22,658000.0,0.0,0.0,0.0
AL-RF-20010404-0123,14,14,136000.0,0.0,0.0,0.0
AL-RF-20010810-0124,4,4,170000.0,0.0,0.0,4.0
AL-RF-20010903-0125,2,1,28000.0,0.0,1.0,1.0
AL-RF-20010904-0126,2,1,28000.0,0.0,1.0,1.0
AL-RF-20011014-0127,0,0,0.0,0.0,0.0,0.0
AL-RF-20011125-0128,1,1,10000.0,0.0,0.0,0.0
AL-RF-20011130-0129,0,0,0.0,0.0,0.0,0.0
AL-RF-20011214-0130,0,0,0.0,0.0,0.0,0.0
AL-RF-20020119-0131,0,0,0.0,0.0,0.0,0.0
AL-RF-20020125-0132,8,8,805000.0,0.0,0.0,0.0
AL-RF-20020331-0133,0,0,0.0,0.0,0.0,0.0
AL-RF-20020504-0134,2,2,35000.0,0.0,0.0,0.0
AL-RF-20020629-0135,0,0,0.0,0.0,0.0,0.0
AL-RF-20020914-0136,2,2,0.0,0.0,0.0,0.0
AL-RF-20020927-0137,14,14,6210000.0,0.0,0.0,0.0
AL-RF-20021004-0138,0,0,0.0,0.0,0.0,0.0
AL-RF-20021028-0139,0,0,0.0,0.0,0.0,0.0
AL-RF-20021106-0140,0,0,0.0,0.0,0.0,0.0
AL-RF-20021111-0141,0,0,0.0,0.0,0.0,0.0
AL-RF-20021112-0142,0,0,0.0,0.0,0.0,0.0
AL-RF-20021224-0143,1,1,0.0,0.0,0.0,0.0
AL-RF-20030216-0144,4,4,0.0,0.0,0.0,0.0
AL-RF-20030222-0145,40,40,22000.0,0.0,0.0,0.0
AL-RF-20030306-0146,1,1,8000.0,0.0,0.0,0.0
AL-RF-20030407-0147,13,12,527000.0,250000.0,1.0,0.0
AL-RF-20030425-0148,2,1,85000.0,25000.0,0.0,0.0
AL-RF-20030503-0149,1,0,0.0,0.0,0.0,0.0
AL-RF-20030508-0150,49,29,1014138000.0,375000.0,0.0,1.0
AL-RF-20030518-0151,29,14,656000.0,0.0,0.0,0.0
AL-RF-20030522-0152,9,0,0.0,0.0,0.0,0.0
AL-RF-20030607-0153,3,3,0.0,0.0,0.0,0.0
AL-RF-20030613-0154,0,0,0.0,0.0,0.0,0.0
AL-RF-20030614-0155,1,1,30000.0,0.0,0.0,0.0
AL-RF-20030618-0156,13,13,450000.0,0.0,0.0,0.0
AL-RF-20030619-0157,3,3,0.0,0.0,0.0,0.0
AL-RF-20030620-0158,3,3,0.0,0.0,0.0,0.0
AL-RF-20030627-0159,0,0,0.0,0.0,0.0,0.0
AL-RF-20030701-0160,24,23,248000.0,0.0,0.0,0.0
AL-RF-20030714-0161,1,1,8000.0,0.0,0.0,0.0
AL-RF-20030816-0162,1,0,0.0,0.0,0.0,0.0
AL-RF-20030922-0163,0,0,0.0,0.0,0.0,0.0
AL-RF-20031119-0164,0,0,0.0,0.0,0.0,0.0
AL-RF-20031127-0165,0,0,0.0,0.0,0.0,0.0
AL-RF-20040206-0166,49,35,377000.0,0.0,0.0,0.0
AL-RF-20040226-0167,1,1,0.0,0.0,0.0,0.0
AL-RF-20040306-0168,12,11,0.0,0.0,1.0,0.0
AL-RF-20040408-0169,0,0,0.0,0.0,0.0,0.0
AL-RF-20040430-0170,0,0,0.0,0.0,0.0,0.0
AL-RF-20040502-0171,0,0,0.0,0.0,0.0,0.0
AL-RF-20040531-0172,1,1,10000.0,0.0,0.0,0.0
AL-RF-20040617-0173,0,0,0.0,0.0,0.0,0.0
AL-RF-20040625-0174,4,4,0.0,0.0,0.0,0.0
AL-RF-20040726-0175,5,5,585000.0,0.0,0.0,0.0
AL-RF-20040731-0176,1,1,0.0,0.0,0.0,0.0
AL-RF-20040810-0177,2,2,3000.0,0.0,0.0,0.0
AL-RF-20040825-0178,0,0,0.0,0.0,0.0,0.0
AL-RF-20040916-0179,39,37,750000.0,0.0,0.0,0.0
AL-RF-20041019-0180,14,14,44000.0,0.0,0.0,0.0
AL-RF-20041104-0181,0,0,0.0,0.0,0.0,0.0
AL-RF-20041124-0182,20,20,946000.0,0.0,1.0,0.0
AL-RF-20041209-0183,22,22,19000.0,0.0,0.0,0.0
AL-RF-20050328-0184,18,18,323000.0,0.0,1.0,0.0
AL-RF-20050401-0185,38,21,666000.0,0.0,1.0,0.0
AL-RF-20050407-0186,11,5,183000.0,0.0,0.0,0.0
AL-RF-20050430-0187,3,2,0.0,0.0,0.0,0.0
AL-RF-20050520-0188,1,1,10000.0,0.0,0.0,0.0
AL-RF-20050601-0189,1,1,10000.0,0.0,0.0,0.0
AL-RF-20050620-0190,0,0,0.0,0.0,0.0,0.0
AL-RF-20050706-0191,47,41,239000.0,0.0,0.0,1.0
AL-RF-20050711-0192,50,44,634000.0,0.0,0.0,0.0
AL-RF-20050830-0193,11,11,10000.0,0.0,0.0,0.0
AL-RF-20050926-0194,2,2,0.0,0.0,0.0,0.0
AL-RF-20051114-0195,0,0,0.0,0.0,0.0,0.0
AL-RF-20051121-0196,0,0,0.0,0.0,0.0,0.0
AL-RF-20060321-0197,1,1,0.0,0.0,0.0,0.0
AL-RF-20060511-0198,9,9,0.0,0.0,0.0,0.0
AL-RF-20060730-0199,2,2,10000.0,0.0,0.0,0.0
AL-RF-20060831-0200,0,0,0.0,0.0,0.0,0.0
AL-RF-20060913-0201,0,0,0.0,0.0,0.0,0.0
AL-RF-20060924-0202,0,0,0.0,0.0,0.0,0.0
AL-RF-20061017-0203,3,0,130000.0,0.0,0.0,1.0
AL-RF-20061019-0204,0,0,0.0,0.0,0.0,0.0
AL-RF-20061115-0205,13,13,5000.0,0.0,0.0,0.0
AL-RF-20061222-0206,0,0,0.0,0.0,0.0,0.0
AL-RF-20070402-0207,3,3,0.0,0.0,0.0,0.0
AL-RF-20070414-0208,2,2,0.0,0.0,0.0,0.0
AL-RF-20070701-0209,1,1,200000.0,0.0,0.0,0.0
AL-RF-20070825-0210,3,0,0.0,0.0,0.0,0.0
AL-RF-20070914-0211,2,0,0.0,0.0,0.0,0.0
AL-RF-20071019-0212,6,6,100000.0,0.0,0.0,0.0
AL-RF-20071023-0213,5,5,0.0,0.0,0.0,0.0
AL-RF-20071126-0214,0,0,0.0,0.0,0.0,0.0
AL-RF-20071216-0215,3,0,0.0,0.0,0.0,1.0
AL-RF-20080111-0216,2,1,5000.0,0.0,0.0,0.0
AL-RF-20080405-0217,3,3,26000.0,0.0,0.0,0.0
AL-RF-20080419-0218,1,1,0.0,0.0,0.0,0.0
AL-RF-20080511-0219,0,0,0.0,0.0,0.0,0.0
AL-RF-20080515-0220,2,2,10000.0,0.0,0.0,0.0
AL-RF-20080527-0221,18,13,50500.0,0.0,1.0,0.0
AL-RF-20080710-0222,4,4,0.0,0.0,0.0,0.0
AL-RF-20080731-0223,1,1,0.0,0.0,0.0,0.0
AL-RF-20080813-0224,0,0,0.0,0.0,0.0,0.0
AL-RF-20080826-0225,5,5,22000.0,0.0,0.0,0.0
AL-RF-20081008-0226,5,2,5000.0,0.0,0.0,0.0
AL-RF-20081210-0227,22,15,175000.0,0.0,0.0,0.0
AL-RF-20090107-0228,28,20,1725000.0,0.0,2.0,1.0
AL-RF-20090228-0229,7,7,5000.0,0.0,0.0,0.0
AL-RF-20090315-0230,0,0,0.0,0.0,0.0,0.0
AL-RF-20090328-0231,21,14,550000.0,0.0,0.0,0.0
AL-RF-20090413-0232,1,1,50000.0,0.0,0.0,0.0
AL-RF-20090414-0233,1,1,50000.0,0.0,0.0,0.0
AL-RF-20090504-0234,27,21,7543000.0,0.0,1.0,0.0
AL-RF-20090525-0235,7,7,10500.0,0.0,0.0,0.0
AL-RF-20090604-0236,4,4,0.0,0.0,0.0,0.0
AL-RF-20090705-0237,2,1,0.0,0.0,0.0,0.0
AL-RF-20090713-0238,3,3,10000.0,0.0,0.0,0.0
AL-RF-20090729-0239,0,0,0.0,0.0,0.0,0.0
AL-RF-20090817-0240,1,1,0.0,0.0,0.0,0.0
AL-RF-20090821-0241,8,8,0.0,0.0,0.0,0.0
AL-RF-20090918-0242,45,42,1250000.0,0.0,0.0,0.0
AL-RF-20090922-0243,54,49,1613000.0,0.0,0.0,0.0
AL-RF-20090926-0244,8,5,12000.0,0.0,0.0,0.0
AL-RF-20091007-0245,0,0,0.0,0.0,0.0,0.0
AL-RF-20091012-0246,4,4,25000.0,0.0,0.0,0.0
AL-RF-20091023-0247,1,0,0.0,0.0,0.0,0.0
AL-RF-20091111-0248,7,1,15000.0,0.0,0.0,0.0
AL-RF-20091209-0249,18,14,1700000.0,0.0,0.0,0.0
AL-RF-20091215-0250,32,25,2332000.0,0.0,0.0,0.0
AL-RF-20100121-0251,10,9,0.0,0.0,0.0,0.0
AL-RF-20100124-0252,5,5,40000.0,0.0,0.0,0.0
AL-RF-20100205-0253,4,1,18000.0,0.0,0.0,0.0
AL-RF-20100311-0254,6,3,1075000.0,0.0,0.0,0.0
AL-RF-20100425-0255,6,6,25000.0,0.0,0.0,0.0
AL-RF-20100501-0256,37,32,1156000.0,0.0,0.0,0.0
AL-RF-20100502-0257,37,32,1156000.0,0.0,0.0,0.0
AL-RF-20100726-0258,4,3,100000.0,0.0,0.0,0.0
AL-RF-20100814-0259,3,1,20000.0,0.0,0.0,0.0
AL-RF-20100817-0260,6,3,308000.0,0.0,0.0,0.0
AL-RF-20101025-0261,0,0,0.0,0.0,0.0,0.0
AL-RF-20101027-0262,0,0,0.0,0.0,0.0,0.0
AL-RF-20101115-0263,0,0,0.0,0.0,0.0,0.0
AL-RF-20101130-0264,6,6,50000.0,0.0,0.0,0.0
AL-RF-20101212-0265,0,0,0.0,0.0,0.0,0.0
AL-RF-20120121-0266,5,4,230500.0,0.0,0.0,0.0
AL-RF-20120123-0267,8,6,230500.0,0.0,0.0,0.0
AL-RF-20120219-0268,1,0,0.0,0.0,0.0,0.0
AL-RF-20120303-0269,1,0,0.0,0.0,0.0,0.0
AL-RF-20120323-0270,8,5,0.0,0.0,0.0,0.0
AL-RF-20120502-0271,4,4,0.0,0.0,0.0,0.0
AL-RF-20120513-0272,0,0,0.0,0.0,0.0,0.0
AL-RF-20120609-0273,9,6,5000.0,0.0,0.0,0.0
AL-RF-20120713-0274,0,0,0.0,0.0,0.0,0.0
AL-RF-20120721-0275,0,0,0.0,0.0,0.0,0.0
AL-RF-20120731-0276,17,13,20000.0,0.0,0.0,0.0
AL-RF-20120807-0277,10,7,50000.0,0.0,0.0,0.0
AL-RF-20120831-0278,9,5,5000.0,0.0,0.0,0.0
AL-RF-20120903-0279,19,16,5000.0,0.0,0.0,0.0
AL-RF-20120904-0280,19,16,5000.0,0.0,0.0,0.0
AL-RF-20120918-0281,13,4,75000.0,0.0,0.0,0.0
AL-RF-20121018-0282,0,0,0.0,0.0,0.0,0.0
AL-RF-20121210-0283,0,0,0.0,0.0,0.0,0.0
AL-RF-20121226-0284,0,0,0.0,0.0,0.0,0.0
AL-RF-20130116-0285,14,7,0.0,0.0,0.0,0.0
AL-RF-20130130-0286,10,9,15000.0,0.0,0.0,0.0
AL-RF-20130211-0287,18,11,3431000.0,0.0,0.0,0.0
AL-RF-20130225-0288,16,15,75000.0,0.0,0.0,0.0
AL-RF-20130323-0289,0,0,0.0,0.0,0.0,0.0
AL-RF-20130401-0290,0,0,0.0,0.0,0.0,0.0
AL-RF-20130429-0291,3,0,0.0,0.0,0.0,0.0
AL-RF-20130502-0292,5,1,0.0,0.0,0.0,0.0
AL-RF-20130506-0293,6,0,0.0,0.0,0.0,0.0
AL-RF-20130518-0294,11,8,100000.0,0.0,0.0,0.0
AL-RF-20130605-0295,7,6,0.0,0.0,0.0,0.0
AL-RF-20130607-0296,0,0,0.0,0.0,0.0,0.0
AL-RF-20130704-0297,30,19,60000.0,0.0,0.0,0.0
AL-RF-20130711-0298,16,15,150000.0,0.0,0.0,0.0
AL-RF-20130724-0299,8,6,0.0,0.0,0.0,0.0
AL-RF-20130815-0300,4,4,0.0,0.0,0.0,0.0
AL-RF-20130817-0301,0,0,0.0,0.0,0.0,0.0
AL-RF-20130921-0302,1,0,0.0,0.0,0.0,0.0
AL-RF-20131126-0303,0,0,0.0,0.0,0.0,0.0
AL-RF-20131209-0304,0,0,0.0,0.0,0.0,0.0
AL-RF-20131223-0305,6,1,0.0,0.0,0.0,0.0
AL-RF-20140203-0306,0,0,0.0,0.0,0.0,0.0
AL-RF-20140316-0307,1,1,0.0,0.0,0.0,0.0
AL-RF-20140328-0308,3,0,15000.0,0.0,0.0,0.0
AL-RF-20140407-0309,26,16,50000.0,0.0,0.0,0.0
AL-RF-20140415-0310,16,8,125000.0,0.0,0.0,0.0
AL-RF-20140418-0311,5,0,0.0,0.0,0.0,0.0
AL-RF-20140430-0312,18,13,34323460.0,0.0,3.0,2.0
AL-RF-20140514-0313,8,8,100000.0,0.0,0.0,0.0
AL-RF-20140709-0314,1,1,0.0,0.0,0.0,0.0
AL-RF-20140721-0315,1,1,0.0,0.0,0.0,0.0
AL-RF-20140818-0316,1,1,0.0,0.0,0.0,0.0
AL-RF-20140903-0317,0,0,0.0,0.0,0.0,0.0
AL-RF-20140908-0318,0,0,0.0,0.0,0.0,0.0
AL-RF-20141014-0319,3,2,0.0,0.0,0.0,0.0
AL-RF-20141117-0320,0,0,0.0,0.0,0.0,0.0
AL-RF-20141206-0321,0,0,0.0,0.0,0.0,0.0
AL-RF-20141224-0322,8,6,5000.0,0.0,0.0,0.0
AL-RF-20150104-0323,3,3,0.0,0.0,0.0,0.0
AL-RF-20150401-0324,2,2,0.0,0.0,1.0,0.0
AL-RF-20150413-0325,5,2,1400000.0,0.0,0.0,0.0
AL-RF-20150417-0326,17,15,1290000.0,0.0,0.0,0.0
AL-RF-20150419-0327,14,14,90000.0,0.0,0.0,0.0
AL-RF-20150525-0328,0,0,0.0,0.0,0.0,0.0
AL-RF-20150528-0329,3,3,25000.0,0.0,0.0,0.0
AL-RF-20150610-0330,1,1,0.0,0.0,0.0,0.0
AL-RF-20150702-0331,0,0,0.0,0.0,0.0,0.0
AL-RF-20150704-0332,1,1,0.0,0.0,0.0,0.0
AL-RF-20150806-0333,1,1,0.0,0.0,0.0,0.0
AL-RF-20150910-0334,0,0,0.0,0.0,0.0,0.0
AL-RF-20150928-0335,3,3,200000.0,0.0,0.0,0.0
AL-RF-20151027-0336,2,0,0.0,0.0,0.0,0.0
AL-RF-20151101-0337,1,1,0.0,0.0,0.0,0.0
AL-RF-20151102-0338,1,1,0.0,0.0,0.0,0.0
AL-RF-20151107-0339,0,0,0.0,0.0,0.0,0.0
AL-RF-20151118-0340,9,9,15000.0,0.0,0.0,0.0
AL-RF-20151202-0341,0,0,0.0,0.0,0.0,0.0
AL-RF-20151222-0342,1,1,30000.0,0.0,0.0,0.0
AL-RF-20151225-0343,72,54,7741000.0,0.0,3.0,0.0
AL-RF-20151231-0344,7,4,1520000.0,0.0,0.0,0.0
AL-RF-20160203-0345,3,2,0.0,0.0,0.0,0.0
AL-RF-20160224-0346,6,2,0.0,0.0,0.0,0.0
AL-RF-20160312-0347,7,6,0.0,0.0,0.0,0.0
AL-RF-20160402-0348,25,22,150000.0,0.0,0.0,0.0
AL-RF-20160614-0349,0,0,0.0,0.0,0.0,0.0
AL-RF-20160615-0350,0,0,0.0,0.0,0.0,0.0
AL-RF-20160629-0351,1,1,0.0,0.0,0.0,0.0
AL-RF-20160917-0352,0,0,0.0,0.0,0.0,0.0
AL-RF-20161129-0353,4,4,0.0,0.0,0.0,0.0
AL-RF-20161130-0354,4,4,0.0,0.0,0.0,0.0
AL-RF-20161206-0355,5,0,0.0,0.0,0.0,0.0
AL-RF-20170103-0356,13,9,2580000.0,0.0,0.0,0.0
AL-RF-20170121-0357,11,9,0.0,0.0,0.0,0.0
AL-RF-20170122-0358,11,9,0.0,0.0,0.0,0.0
AL-RF-20170405-0359,0,0,0.0,0.0,0.0,0.0
AL-RF-20170521-0360,8,8,0.0,0.0,0.0,0.0
AL-RF-20170528-0361,0,0,0.0,0.0,0.0,0.0
AL-RF-20170624-0362,28,23,570000.0,0.0,0.0,0.0
AL-RF-20170630-0363,6,0,0.0,0.0,0.0,0.0
AL-RF-20170728-0364,6,6,0.0,0.0,0.0,0.0
AL-RF-20170805-0365,4,3,0.0,0.0,0.0,0.0
AL-RF-20170808-0366,12,9,0.0,0.0,0.0,0.0
AL-RF-20170811-0367,36,29,0.0,0.0,0.0,0.0
AL-RF-20170830-0368,6,5,0.0,0.0,0.0,0.0
AL-RF-20170831-0369,4,3,0.0,0.0,0.0,0.0
AL-RF-20171008-0370,10,3,19513000.0,0.0,0.0,0.0
AL-RF-20171022-0371,8,8,140000.0,0.0,0.0,0.0
AL-RF-20180212-0372,4,0,5000.0,0.0,0.0,0.0
AL-RF-20180415-0373,5,5,1325000.0,0.0,0.0,1.0
AL-RF-20180423-0374,0,0,0.0,0.0,0.0,0.0
AL-RF-20180523-0375,2,2,0.0,0.0,0.0,0.0
AL-RF-20180530-0376,10,10,0.0,0.0,0.0,0.0
AL-RF-20180616-0377,3,2,0.0,0.0,0.0,0.0
AL-RF-20180617-0378,2,2,0.0,0.0,0.0,0.0
AL-RF-20180624-0379,0,0,0.0,0.0,0.0,0.0
AL-RF-20180628-0380,0,0,0.0,0.0,0.0,0.0
AL-RF-20180716-0381,2,2,0.0,0.0,0.0,0.0
AL-RF-20180716-0382,2,2,0.0,0.0,0.0,0.0
AL-RF-20180719-0383,0,0,0.0,0.0,0.0,0.0
AL-RF-20180801-0384,9,5,0.0,0.0,0.0,0.0
AL-RF-20180905-0385,17,12,85000.0,0.0,0.0,0.0
AL-RF-20180926-0386,2,2,0.0,0.0,0.0,0.0
AL-RF-20181011-0387,1,0,0.0,0.0,0.0,0.0
AL-RF-20181108-0388,3,2,1000.0,0.0,0.0,0.0
AL-RF-20181202-0389,1,1,0.0,0.0,0.0,0.0
AL-RF-20181228-0390,3,3,800000.0,0.0,0.0,0.0
AL-RF-20190123-0391,11,6,100000.0,0.0,0.0,0.0
AL-RF-20190223-0392,55,3,0.0,0.0,1.0,1.0
AL-RF-20190414-0393,0,0,0.0,0.0,0.0,0.0
AL-RF-20190419-0394,0,0,0.0,0.0,0.0,0.0
AL-RF-20190607-0395,1,1,0.0,0.0,0.0,0.0
AL-RF-20190717-0396,1,1,0.0,0.0,0.0,0.0
AL-RF-20190825-0397,11,11,0.0,0.0,0.0,0.0
AL-RF-20191006-0398,0,0,0.0,0.0,0.0,0.0
AL-RF-20191026-0399,0,0,0.0,0.0,0.0,0.0
AL-RF-20191030-0400,0,0,0.0,0.0,0.0,0.0
AL-RF-20191201-0401,13,11,0.0,0.0,0.0,0.0
AL-RF-20200111-0402,1,0,0.0,0.0,0.0,0.0
AL-RF-20200114-0403,1,0,0.0,0.0,0.0,0.0
AL-RF-20200206-0404,35,15,250000.0,0.0,1.0,1.0
AL-RF-20200213-0405,20,11,250000.0,0.0,0.0,0.0
AL-RF-20200219-0406,5,0,250000.0,0.0,0.0,0.0
AL-RF-20200220-0407,3,0,250000.0,0.0,0.0,0.0
AL-RF-20200305-0408,0,0,0.0,0.0,0.0,0.0
AL-RF-20200413-0409,44,33,0.0,0.0,0.0,0.0
AL-RF-20200420-0410,5,5,5000.0,0.0,0.0,0.0
AL-RF-20200423-0411,2,2,5000.0,0.0,0.0,0.0
AL-RF-20200528-0412,0,0,0.0,0.0,0.0,0.0
AL-RF-20200606-0413,4,0,0.0,0.0,0.0,0.0
AL-RF-20200609-0414,6,2,25000.0,0.0,0.0,0.0
AL-RF-20200708-0415,1,1,0.0,0.0,0.0,0.0
AL-RF-20200712-0416,3,0,0.0,0.0,0.0,0.0
AL-RF-20200730-0417,0,0,0.0,0.0,0.0,0.0
AL-RF-20200820-0418,2,2,0.0,0.0,0.0,0.0
AL-RF-20200822-0419,0,0,0.0,0.0,0.0,0.0
AL-RF-20200826-0420,9,8,0.0,0.0,0.0,0.0
AL-RF-20200831-0421,7,6,0.0,0.0,0.0,0.0
AL-RF-20200916-0422,26,24,1000000.0,0.0,1.0,0.0
AL-RF-20200925-0423,0,0,0.0,0.0,0.0,0.0
AL-RF-20201029-0424,8,0,0.0,0.0,0.0,0.0
AL-RF-20201111-0425,0,0,0.0,0.0,0.0,0.0
AL-RF-20210316-0426,23,22,0.0,0.0,0.0,0.0
AL-RF-20210326-0427,17,16,0.0,0.0,0.0,0.0
AL-RF-20210331-0428,8,7,0.0,0.0,0.0,0.0
AL-RF-20210410-0429,0,0,0.0,0.0,0.0,0.0
AL-RF-20210415-0430,2,2,0.0,0.0,0.0,0.0
AL-RF-20210418-0431,0,0,0.0,0.0,0.0,0.0
AL-RF-20210424-0432,2,2,0.0,0.0,0.0,0.0
AL-RF-20210505-0433,12,11,0.0,0.0,0.0,0.0
AL-RF-20210606-0434,2,2,0.0,0.0,0.0,0.0
AL-RF-20210608-0435,2,2,0.0,0.0,0.0,0.0
AL-RF-20210611-0436,1,1,0.0,0.0,0.0,0.0
AL-RF-20210611-0437,1,1,0.0,0.0,0.0,0.0
AL-RF-20210620-0438,21,11,3350000.0,0.0,2.0,0.0
AL-RF-20210629-0439,0,0,0.0,0.0,0.0,0.0
AL-RF-20210817-0440,6,6,0.0,0.0,0.0,0.0
AL-RF-20210830-0441,7,3,0.0,0.0,0.0,0.0
AL-RF-20210915-0442,14,14,250000.0,0.0,0.0,0.0
AL-RF-20210918-0443,32,21,5000.0,0.0,2.0,0.0
AL-RF-20210921-0444,27,16,5000.0,0.0,2.0,0.0
AL-RF-20211007-0445,36,36,100000.0,0.0,4.0,0.0
AL-RF-20211210-0446,1,1,0.0,0.0,0.0,0.0
AL-RF-20211219-0447,0,0,0.0,0.0,0.0,0.0
AL-RF-20211230-0448,0,0,0.0,0.0,0.0,0.0
AL-RF-20220204-0449,17,17,200000.0,0.0,0.0,0.0
AL-RF-20220218-0450,4,4,0.0,0.0,0.0,0.0
AL-RF-20220223-0451,10,5,0.0,0.0,0.0,0.0
AL-RF-20220318-0452,14,14,0.0,0.0,0.0,0.0
AL-RF-20220323-0453,8,5,0.0,0.0,3.0,0.0
AL-RF-20220405-0454,0,0,0.0,0.0,0.0,0.0
AL-RF-20220407-0455,0,0,0.0,0.0,0.0,0.0
AL-RF-20220416-0456,2,2,0.0,0.0,0.0,0.0
AL-RF-20220526-0457,1,1,250000.0,0.0,0.0,0.0
AL-RF-20220608-0458,13,13,0.0,0.0,0.0,0.0
AL-RF-20220629-0459,2,2,0.0,0.0,0.0,0.0
AL-RF-20220710-0460,4,4,0.0,0.0,0.0,0.0
AL-RF-20220714-0461,0,0,0.0,0.0,0.0,0.0
AL-RF-20220719-0462,0,0,0.0,0.0,0.0,0.0
AL-RF-20220722-0463,1,1,0.0,0.0,0.0,0.0
AL-RF-20220819-0464,4,4,0.0,0.0,0.0,0.0
AL-RF-20220821-0465,0,0,0.0,0.0,0.0,0.0
AL-RF-20220824-0466,17,16,0.0,0.0,0.0,0.0
AL-RF-20220904-0467,10,4,0.0,0.0,0.0,0.0
AL-RF-20221012-0468,0,0,0.0,0.0,0.0,0.0
AL-RF-20221013-0469,0,0,0.0,0.0,0.0,0.0
AL-RF-20221130-0470,4,3,0.0,0.0,0.0,0.0
AL-RF-20230104-0471,7,5,20000.0,0.0,0.0,0.0
AL-RF-20230302-0472,10,8,0.0,0.0,0.0,0.0
AL-RF-20230325-0473,0,0,0.0,0.0,0.0,0.0
AL-RF-20230327-0474,7,7,0.0,0.0,0.0,0.0
AL-RF-20230511-0475,5,4,0.0,0.0,0.0,0.0
AL-RF-20230616-0476,41,28,0.0,0.0,0.0,0.0
AL-RF-20230621-0477,41,28,0.0,0.0,0.0,0.0
AL-RF-20230710-0478,1,1,0.0,0.0,0.0,0.0
AL-RF-20230713-0479,2,2,0.0,0.0,0.0,0.0
AL-RF-20230721-0480,11,11,0.0,0.0,0.0,0.0
AL-RF-20230804-0481,6,2,0.0,0.0,0.0,0.0
AL-RF-20230902-0482,1,1,0.0,0.0,0.0,0.0
AL-RF-20240109-0483,4,3,0.0,0.0,0.0,0.0
AL-RF-20240125-0484,0,0,0.0,0.0,0.0,0.0
AL-RF-20240127-0485,0,0,0.0,0.0,0.0,0.0
AL-RF-20240212-0486,26,23,125000.0,0.0,0.0,0.0
AL-RF-20240301-0487,6,0,0.0,0.0,0.0,0.0
AL-RF-20240309-0488,9,9,0.0,0.0,0.0,0.0
AL-RF-20240411-0489,3,1,0.0,0.0,0.0,0.0
AL-RF-20240430-0490,0,0,0.0,0.0,0.0,0.0
AL-RF-20240510-0491,7,7,0.0,0.0,0.0,0.0
AL-RF-20240513-0492,2,2,0.0,0.0,0.0,0.0
AL-RF-20240514-0493,2,2,0.0,0.0,0.0,0.0
AL-RF-20240517-0494,7,7,0.0,0.0,0.0,0.0
AL-RF-20240527-0495,3,3,0.0,0.0,0.0,0.0
AL-RF-20240610-0496,0,0,0.0,0.0,0.0,0.0
AL-RF-20240627-0497,0,0,0.0,0.0,0.0,0.0
AL-RF-20240709-0498,0,0,0.0,0.0,0.0,0.0
AL-RF-20240720-0499,0,0,0.0,0.0,0.0,0.0
AL-RF-20240724-0500,3,3,0.0,0.0,0.0,0.0
AL-RF-20240728-0501,2,2,0.0,0.0,0.0,0.0
AL-RF-20240907-0502,0,0,0.0,0.0,0.0,0.0
AL-RF-20240915-0503,26,11,0.0,0.0,0.0,0.0
AL-RF-20240926-0504,4,2,0.0,0.0,0.0,0.0
AL-RF-20240927-0505,4,2,0.0,0.0,0.0,0.0
AL-RF-20241119-0506,0,0,0.0,0.0,0.0,0.0
AL-RF-20241211-0507,0,0,0.0,0.0,0.0,0.0
AL-RF-20241229-0508,0,0,0.0,0.0,0.0,0.0
AL-RF-20250213-0509,16,14,0.0,0.0,0.0,0.0
AL-RF-20250316-0510,4,4,0.0,0.0,0.0,0.0
AL-RF-20250330-0511,0,0,0.0,0.0,0.0,0.0
AL-RF-20250331-0512,0,0,0.0,0.0,0.0,0.0
AL-RF-20250407-0513,22,22,0.0,0.0,0.0,0.0
AL-RF-20250422-0514,1,1,0.0,0.0,0.0,0.0
AL-RF-20250503-0515,0,0,0.0,0.0,0.0,0.0
AL-RF-20250503-0516,0,0,0.0,0.0,0.0,0.0
AL-RF-20250510-0517,3,2,0.0,0.0,0.0,0.0
AL-RF-20250512-0518,3,2,0.0,0.0,0.0,0.0
AL-RF-20250519-0519,7,6,0.0,0.0,0.0,0.0
AL-RF-20250521-0520,7,6,0.0,0.0,0.0,0.0
AL-RF-20250526-0521,2,2,0.0,0.0,0.0,0.0
AL-RF-20250527-0522,4,4,0.0,0.0,0.0,0.0
AL-RF-20250529-0523,2,2,0.0,0.0,0.0,0.0
AL-RF-20250608-0524,0,0,0.0,0.0,0.0,0.0
AL-RF-20250615-0525,1,1,0.0,0.0,0.0,0.0
AL-RF-20250803-0526,6,5,0.0,0.0,1.0,1.0
AL-RF-20250806-0527,0,0,0.0,0.0,0.0,0.0
AL-RF-20250813-0528,2,2,0.0,0.0,0.0,0.0
AL-RF-20251005-0529,0,0,0.0,0.0,0.0,0.0
AL-RF-20251006-0530,0,0,0.0,0.0,0.0,0.0
AL-RF-20251125-0531,0,0,0.0,0.0,0.0,0.0
