catalog_event_id,site_no,site_name,huc12,drainage_area_sqmi,discharge_source,stage_source,event_peak_discharge_cfs,event_peak_discharge_time_utc,event_peak_stage_ft,event_peak_stage_time_utc,rainfall_peak_time_utc,rainfall_to_streamflow_lag_hours,event_lp3_screening_return_period_years,event_flood_screening_class,event_total_rainfall_mm_in_plot_window,rainfall_series_available
AL-RF-19790413-0003,02401390,,031501060305,141.0,legacy USGS daily mean,"legacy IV: ['time', 'value']",10700.0,1979-04-13 00:00:00+00:00,,,1979-04-13 16:00:00+00:00,-16.0,56.131040347252984,50–100-year,144.46273803710938,True
AL-RF-19790413-0003,02423630,,031502020303,72.3,legacy USGS daily mean,"legacy IV: ['time', 'value']",8510.0,1979-04-13 00:00:00+00:00,,,1979-04-13 16:00:00+00:00,-16.0,1000000.0,>500-year,173.24700927734375,True
AL-RF-19790413-0003,02466030,,031601130607,5810.0,legacy USGS daily mean,"legacy IV: ['time', 'value']",222000.0,1979-04-16 00:00:00+00:00,,,1979-04-13 16:00:00+00:00,56.0,644.4520644171224,>500-year,174.7735595703125,True
AL-RF-20030508-0150,0357479650,,060300020303,33.0,legacy USGS daily mean,"legacy IV: ['time', 'value']",1360.0,2003-05-06 00:00:00+00:00,,,2003-05-08 11:00:00+00:00,-59.0,1.2727343086415133,<2-year,193.57688903808594,True
AL-RF-20030508-0150,02458148,,031601110408,4.1,USGS OGC continuous,"legacy IV: ['time', 'value']",1110.0,2003-05-06 02:30:00+00:00,,,2003-05-08 11:00:00+00:00,-56.5,1.6893842444681582,<2-year,228.8304901123047,True
AL-RF-20030508-0150,02423398,,031502020103,19.4,legacy USGS daily mean,"legacy IV: ['time', 'value']",1700.0,2003-05-08 00:00:00+00:00,,,2003-05-08 11:00:00+00:00,-11.0,1.9155458308004083,<2-year,221.59228515625,True
AL-RF-20030508-0150,02423397,,031502020103,17.0,USGS OGC continuous,"legacy IV: ['time', 'value']",5300.0,2003-05-08 02:45:00+00:00,,,2003-05-08 11:00:00+00:00,-8.25,1000000.0,>500-year,221.59228515625,True
AL-RF-20090922-0243,02423397,,031502020103,17.0,USGS OGC continuous,USGS OGC continuous,3360.0,2009-09-18 07:15:00+00:00,12.94,2009-09-18 07:15:00+00:00,2009-09-22 01:00:00+00:00,-89.75,1000000.0,>500-year,232.55653381347656,True
AL-RF-20090922-0243,02465493,,031601130302,32.3,USGS OGC continuous,USGS OGC continuous,218.0,2009-09-21 04:45:00+00:00,5.34,2009-09-21 04:45:00+00:00,2009-09-22 01:00:00+00:00,-20.25,1.099085396629758,<2-year,250.28163146972656,True
AL-RF-20090922-0243,02423400,,031502020103,24.4,USGS OGC continuous,USGS OGC continuous,5050.0,2009-09-18 07:45:00+00:00,6.57,2009-09-18 07:45:00+00:00,2009-09-22 01:00:00+00:00,-89.25,25.324605005824303,25–50-year,232.55653381347656,True
AL-RF-20090922-0243,02398950,,031501050704,42.8,legacy USGS daily mean,"legacy IV: ['time', 'value']",3690.0,2009-09-21 00:00:00+00:00,,,2009-09-22 01:00:00+00:00,-25.0,,Insufficient record,242.80819702148438,True
AL-RF-19901223-0060,03572110,,060300010304,131.0,legacy USGS daily mean,"legacy IV: ['time', 'value']",18100.0,1990-12-23 00:00:00+00:00,,,1990-12-23 01:00:00+00:00,-1.0,1000000.0,>500-year,287.1940002441406,True
AL-RF-19901223-0060,03586500,,060300050105,166.0,legacy USGS daily mean,"legacy IV: ['time', 'value']",18400.0,1990-12-23 00:00:00+00:00,,,1990-12-23 01:00:00+00:00,-1.0,83.89292349749965,50–100-year,313.096435546875,True
AL-RF-19901223-0060,03574500,,060300020203,320.0,legacy USGS daily mean,"legacy IV: ['time', 'value']",50100.0,1990-12-23 00:00:00+00:00,,,1990-12-23 01:00:00+00:00,-1.0,73.73840081374686,50–100-year,239.58287048339844,True
AL-RF-20040206-0166,02442500,,031601050203,247.0,legacy USGS daily mean,"legacy IV: ['time', 'value']",11000.0,2004-02-07 00:00:00+00:00,,,2004-02-06 09:00:00+00:00,15.0,1000000.0,>500-year,165.4053192138672,True
AL-RF-20040206-0166,02458502,,031601110408,36.7,USGS OGC continuous,"legacy IV: ['time', 'value']",6610.0,2004-02-06 11:30:00+00:00,,,2004-02-06 09:00:00+00:00,2.5,32.356261227596896,25–50-year,139.24978637695312,True
AL-RF-20040206-0166,02458600,,031601110408,52.2,USGS OGC continuous,"legacy IV: ['time', 'value']",7110.0,2004-02-06 12:00:00+00:00,,,2004-02-06 09:00:00+00:00,3.0,27.02007715312868,25–50-year,139.24978637695312,True
AL-RF-20040206-0166,02455980,,031601110306,27.4,USGS OGC continuous,"legacy IV: ['time', 'value']",2260.0,2004-02-06 05:45:00+00:00,,,2004-02-06 09:00:00+00:00,-3.25,1.4408635028548842,<2-year,207.37832641601562,True
AL-RF-20200413-0409,02400680,,031501060101,55.4,USGS OGC continuous,USGS OGC continuous,6320.0,2020-04-13 10:30:00+00:00,17.87,2020-04-13 10:15:00+00:00,2020-04-13 04:00:00+00:00,6.5,1000000.0,>500-year,171.21121215820312,True
AL-RF-20200413-0409,02399200,,031501050806,199.0,USGS OGC continuous,USGS OGC continuous,37600.0,2020-04-13 10:30:00+00:00,14.74,2020-04-13 10:30:00+00:00,2020-04-13 04:00:00+00:00,6.5,23.64751033000215,10–25-year,164.203125,True
AL-RF-20200413-0409,03572900,,060300010703,141.0,USGS OGC continuous,USGS OGC continuous,20100.0,2020-04-13 08:15:00+00:00,25.68,2020-04-13 08:15:00+00:00,2020-04-13 04:00:00+00:00,4.25,20.475017355497943,10–25-year,180.90956115722656,True
AL-RF-20200413-0409,03576500,,060300021007,86.3,USGS OGC continuous,USGS OGC continuous,15400.0,2020-04-13 14:30:00+00:00,15.79,2020-04-13 14:30:00+00:00,2020-04-13 04:00:00+00:00,10.5,16.124612574940134,10–25-year,144.59689331054688,True
AL-RF-20041124-0182,02401390,,031501060305,141.0,USGS OGC continuous,"legacy IV: ['time', 'value']",14800.0,2004-11-24 22:30:00+00:00,,,2004-11-24 14:00:00+00:00,8.5,1000000.0,>500-year,210.97259521484375,True
AL-RF-20041124-0182,02423496,,031502020204,226.0,USGS OGC continuous,"legacy IV: ['time', 'value']",14000.0,2004-11-25 08:00:00+00:00,,,2004-11-24 14:00:00+00:00,18.0,10.728428153903831,10–25-year,205.91653442382812,True
AL-RF-20041124-0182,02423414,,031502020103,47.0,USGS OGC continuous,"legacy IV: ['time', 'value']",1160.0,2004-11-23 05:45:00+00:00,,,2004-11-24 14:00:00+00:00,-32.25,1.3698984191008838,<2-year,204.67152404785156,True
AL-RF-20041124-0182,02438000,,031601030303,277.0,USGS OGC continuous,"legacy IV: ['time', 'value']",24300.0,2004-11-24 16:15:00+00:00,,,2004-11-24 14:00:00+00:00,2.25,7.793685427767998,5–10-year,263.8919372558594,True
AL-RF-20090918-0242,02423397,,031502020103,17.0,USGS OGC continuous,USGS OGC continuous,3360.0,2009-09-18 07:15:00+00:00,12.94,2009-09-18 07:15:00+00:00,2009-09-18 02:00:00+00:00,5.25,1000000.0,>500-year,220.63095092773438,True
AL-RF-20090918-0242,02423400,,031502020103,24.4,USGS OGC continuous,USGS OGC continuous,5050.0,2009-09-18 07:45:00+00:00,6.57,2009-09-18 07:45:00+00:00,2009-09-18 02:00:00+00:00,5.75,25.324605005824303,25–50-year,220.63095092773438,True
AL-RF-20090918-0242,02423130,,031502020101,19.7,USGS OGC continuous,USGS OGC continuous,3990.0,2009-09-18 03:15:00+00:00,11.64,2009-09-18 03:15:00+00:00,2009-09-18 02:00:00+00:00,1.25,5.418491171105717,5–10-year,192.855712890625,True
AL-RF-20090918-0242,02457000,,031601110406,23.9,USGS OGC continuous,USGS OGC continuous,4620.0,2009-09-18 03:30:00+00:00,14.1,2009-09-18 03:30:00+00:00,2009-09-18 02:00:00+00:00,1.5,4.206533022034255,2–5-year,177.16754150390625,True
