Station ID,State,Station name,Latitude,Longitude,Post-merge station ID,Co-located station ID,Base duration,Source of data,Period of record,Elevation (ft)
01-0008,AL,ABBEVILLE,31.5703,-85.2483,,,1-day; 1-hour,NCDC,7/1948-8/2010; 6/1948-12/2010,456
01-0063,AL,ADDISON,34.2031,-87.1814,,,1-day; 1-hour; 15-min,NCDC,3/1938-10/2011; 6/1948-12/2010; 10/1976-12/2010,766
01-0140,AL,ALBERTA,32.2322,-87.4106,,,1-day; 1-hour; 15-min,NCDC,10/1940-10/2011; 9/1963-12/2010; 5/1971-12/2010,175
01-0148,AL,ALBERTVILLE 2 SE,34.2333,-86.1667,01-0957,,1-day,NCDC,1/1908-3/1977,1142
01-0178,AL,ALICEVILLE,33.1272,-88.155,,,1-day,NCDC,3/1934-7/2011,195
01-0184,AL,ALICEVILLE L&D,33.21,-88.2878,,,1-day,NCDC,2/1940-8/2010,165
01-0252,AL,ANDALUSIA 3 W,31.3067,-86.5222,,,1-day; 1-hour; 15-min,NCDC,10/1912-8/2011; 6/1948-12/2010; 3/1980-12/2010,250
01-0272,AL,ANNISTON METRO AP,33.5872,-85.8556,,,1-day,NCDC,3/1903-10/2010,594
01-0338,AL,ARLEY 1 S,34.0667,-87.2333,,,1-day,NCDC,3/1938-10/1983,745
01-0369,AL,ASHLAND 3 ENE,33.2942,-85.7789,,,1-day; 1-hour; 15-min,NCDC,3/1940-10/2011; 6/1948-12/2010; 8/1972-12/2010,1022
01-0377,AL,ASHVILLE 4 W,33.85,-86.3333,,,1-day,NCDC,5/1895-2/1973,591
01-0390,AL,ATHENS,34.7772,-86.9511,,,1-day,NCDC,5/1941-10/2011,680
01-0395,AL,ATHENS 2,34.8,-86.9833,01-0390,,1-day,NCDC,10/1955-6/1991,720
01-0402,AL,ATMORE,31.1819,-87.4389,,,1-day; 1-hour; 15-min,NCDC,3/1940-10/2011; 6/1948-12/2010; 10/1983-12/2010,300
01-0422,AL,AUBURN,32.6,-85.5,01-0430,,1-day,NCDC,1/1893-12/1970,732
01-0425,AL,AUBURN #2,32.5992,-85.4653,,,1-day; 1-hour,NCDC,1/1893-10/2011; 6/1948-12/2010,545
01-0427,AL,AUBURN AG RSCH STN 10,32.6,-85.4833,01-0425,,1-hour,NCDC,6/1948-8/1962,702
01-0430,AL,AUBURN AGRONOMY FARM,32.6,-85.5,01-0425,,1-day; 1-hour,NCDC,1/1976-4/1996; 2/1979-6/1996,652
01-0440,AL,AUTAUGAVILLE 3 N,32.4706,-86.68,,,1-day,NCDC,10/1940-9/2001,200
01-0505,AL,BANKHEAD L&D,33.4528,-87.3572,,,1-day,NCDC,8/1930-10/2011,280
01-0546,AL,BARTON,34.7167,-87.8667,01-1819,,1-day,NCDC,1/1949-4/1953,459
01-0583,AL,BAY MINETTE,30.8839,-87.7853,,,1-day,NCDC,11/1913-10/2011,271
01-0616,AL,BEATRICE,31.7222,-87.2119,,,1-day,NCDC,12/1941-11/2000,178
01-0655,AL,BELLE MINA 2 N,34.6908,-86.8825,,,1-day,NCDC,1/1950-10/2011,600
01-0748,AL,BERRY 3 NW,33.6944,-87.6497,,,1-day; 1-hour,NCDC,2/1940-10/2011; 6/1948-12/2010,504
01-0757,AL,BESSEMER 3 SSW,33.3667,-87.0167,01-0764,,1-day,NCDC,10/1954-1/1975,541
01-0764,AL,BESSEMER 3 WSW,33.3953,-87.0078,,,1-day,NCDC,10/1954-10/2011,445
01-0823,AL,BILLINGSLEY 3 NE,32.6731,-86.6653,,,1-day,NCDC,12/1938-10/2011,445
01-0829,AL,BIRMINGHAM WSFO,33.4667,-86.8333,,,1-day,NCDC,4/1893-12/1989,744
01-0831,AL,BIRMINGHAM AP ASOS,33.5656,-86.745,,,1-day; 1-hour,NCDC,1/1930-10/2010; 6/1948-12/2010,615
01-0836,AL,BIRMINGHAM,33.5333,-86.8333,01-4996,,1-day,NCDC,4/1893-10/1953,702
01-0957,AL,BOAZ,34.2008,-86.1633,,,1-day; 1-hour,NCDC,1/1908-7/2011; 6/1948-12/2010,1070
01-1069,AL,BRANTLEY,31.5833,-86.2667,,,1-day,NCDC,7/1930-1/1982,269
01-1080,AL,BREWTON 3 ENE,31.1408,-87.0483,,,1-day,NCDC,4/1977-10/2011,160
01-1084,AL,BREWTON 3 SSE,31.0581,-87.0547,,,1-day,NCDC,2/1926-10/2011,85
01-1099,AL,BRIDGEPORT 5 NW,34.9786,-85.8008,,,1-day,NCDC,9/1896-10/2011,670
01-1143,AL,BROOKWOOD,33.2536,-87.2936,,,1-day,NCDC,6/1960-10/2010,515
01-1178,AL,BRUNDIDGE,31.7056,-85.8369,,,1-day,NCDC,7/1930-10/2011,455
01-1288,AL,CALERA,33.1106,-86.7461,,,1-day,NCDC,9/1900-10/2011,530
01-1300,AL,CAMDEN 3 NNW,32.0333,-87.3167,01-1301,,1-day,NCDC,6/1908-8/1961,112
01-1301,AL,CAMDEN 3 NW,32.0289,-87.3167,,,1-day,NCDC,6/1908-12/2001,235
01-1324,AL,CAMP HILL 2NW,32.8236,-85.6561,,,1-day,NCDC,12/1900-10/2011,680
01-1377,AL,CARBON HILL,33.8925,-87.5283,,,1-day,NCDC,3/1938-10/2011,430
01-1520,AL,CENTREVILLE,32.95,-87.1333,,,1-day,NCDC,12/1916-9/1973,220
01-1525,AL,CENTREVILLE 6 SW,32.8661,-87.2383,,,1-day,NCDC,12/1974-8/2010,450
01-1566,AL,CHATOM,31.4714,-88.2503,,,1-day,NCDC,9/1949-8/2011,285
01-1615,AL,CHILDERSBURG,33.2833,-86.3667,01-1620,,1-day,NCDC,1/1891-3/1968,479
01-1620,AL,CHILDERSBURG WTR PL,33.285,-86.3431,,,1-day,NCDC,1/1891-10/2011,418
01-1690,AL,CLAIBORNE L&D,31.6147,-87.5503,,,1-day,NCDC,10/1952-10/2011,50
01-1694,AL,CLANTON,32.82,-86.6522,,,1-day,NCDC,2/1893-10/2011,610
01-1725,AL,CLAYTON,31.8844,-85.4789,,,1-day,NCDC,11/1928-10/2011,500
01-1799,AL,COCHRANE 2 E,33.0833,-88.2333,01-2141,,1-day,NCDC,11/1909-12/1956,151
01-1803,AL,CODEN,30.3878,-88.2281,,,1-day,NCDC,10/1956-10/2011,12
01-1807,AL,COFFEE SPRINGS 2 NW,31.1833,-85.9333,,,1-day,NCDC,9/1923-12/1983,250
01-1819,AL,COLBERT STEAM PLT,34.75,-87.85,,,1-day; 1-hour,NCDC,1/1949-12/1980; 11/1951-12/1980,469
01-1849,AL,COLLINSVILLE,34.25,-85.8833,,,1-day,NCDC,3/1938-10/1977,751
01-1940,AL,CORDOVA 2 ENE,33.75,-87.15,,,1-day,NCDC,2/1901-7/1991,320
01-2079,AL,CUBA,32.4333,-88.3833,,,1-day,NCDC,2/1940-2/1983,220
01-2119,AL,DADEVILLE,32.8167,-85.75,,,1-day,NCDC,7/1904-4/2010,650
01-2124,AL,DADEVILLE 2,32.8622,-85.7358,,01-2119,1-hour; 15-min,NCDC,6/1948-12/2010; 5/1971-12/2010,733
01-2141,AL,DANCY 4 N,33.0667,-88.2833,,,1-day,NCDC,2/1905-6/1965,210
01-2172,AL,DAUPHIN ISLAND #2,30.25,-88.0833,,,1-day; 1-hour; 15-min,NCDC,6/1866-10/2011; 6/1948-12/2010; 8/1975-12/2010,8
01-2188,AL,DAYTON 1 N,32.3667,-87.65,,,1-day,NCDC,1/1940-3/1982,230
01-2207,AL,DECATUR,34.5833,-86.9667,,,1-day,NCDC,2/1880-5/1969,581
01-2240,AL,DEMOPOLIS LOCK 4,32.5167,-87.85,01-2245,,1-day,NCDC,11/1892-8/1954,102
01-2245,AL,DEMOPOLIS L&D,32.5192,-87.8794,,,1-day,NCDC,11/1892-10/2011,100
01-2350,AL,DORA,33.7386,-87.0792,,,1-day,NCDC,3/1938-10/2011,358
01-2372,AL,DOTHAN FAA AP,31.3167,-85.45,,,1-day,NCDC,4/1902-12/1969,371
01-2377,AL,DOTHAN,31.1942,-85.3708,,,1-day; 1-hour; 15-min,NCDC,4/1952-10/2011; 4/1952-12/2010; 5/1971-12/2010,275
01-2577,AL,ELBA,31.4239,-86.0667,,,1-day,NCDC,3/1893-12/2010,195
01-2632,AL,ELROD,33.2569,-87.7972,,,1-day,NCDC,2/1940-7/2000,252
01-2670,AL,ENTERPRISE,31.3167,-85.85,01-2675,,1-day,NCDC,1/1956-5/1966,381
01-2675,AL,ENTERPRISE 2 W,31.3147,-85.8797,,,1-day; 1-hour; 15-min,NCDC,1/1956-10/2011; 4/1971-12/2010; 5/1971-12/2010,398
01-2727,AL,EUFAULA,31.8667,-85.15,,,1-day,NCDC,6/1892-2/1967,200
01-2730,AL,EUFAULA WILDLIFE REF,32.0086,-85.0919,,,1-day,NCDC,3/1967-9/2011,230
01-2742,AL,WARRIOR L&D,32.7833,-87.8333,01-8673,,1-day; 1-hour,NCDC,5/1938-11/1957; 6/1948-12/1957,112
01-2758,AL,EVERGREEN,31.4449,-86.9532,,,1-day,NCDC,10/1890-10/2011,290
01-2763,AL,EVERGREEN FAA AP,31.4167,-87.0333,01-2758,,1-day,NCDC,12/1949-7/1961,256
01-2813,AL,FAIRHOPE 2 NE,30.5467,-87.8808,,,1-day,NCDC,8/1917-10/2011,23
01-2840,AL,FALKVILLE 1 E,34.3667,-86.8833,,,1-day,NCDC,8/1938-6/1992,625
01-2883,AL,FAYETTE,33.6847,-87.8219,,,1-day,NCDC,3/1892-10/2011,365
01-2971,AL,FLORENCE,34.8,-87.6833,,,1-day,NCDC,1/1893-4/1977,581
01-2976,AL,FLORENCE AT LOCK,34.7833,-87.6667,01-5749,,1-day,NCDC,12/1890-11/1959,449
01-3024,AL,FT DEPOSIT,31.9833,-86.5833,,,1-day,NCDC,11/1891-10/1969,502
01-3035,AL,FT MORGAN,30.2333,-88.0167,01-2172,,1-day; 1-hour,NCDC,5/1940-7/1975; 6/1948-7/1975,10
01-3043,AL,FT PAYNE,34.4406,-85.7236,,,1-day; 1-hour,NCDC,7/1935-10/2011; 6/1948-12/2010,917
01-3105,AL,FRISCO CITY 3 SSW,31.3894,-87.4203,,,1-day,NCDC,7/1930-11/2000,275
01-3151,AL,GADSDEN,34.0167,-86.0,01-3154,,1-day,NCDC,7/1893-3/1968,571
01-3154,AL,GADSDEN,34.0219,-85.9878,,,1-day,NCDC,7/1893-10/2011,565
01-3160,AL,GAINESVILLE LOCK,32.8347,-88.1342,,,1-day,NCDC,6/1948-10/2011,125
01-3200,AL,GARDEN CITY,34.0167,-86.75,01-3655,,1-day; 1-hour,NCDC,3/1938-12/1983; 6/1948-3/1973,502
01-3251,AL,GENEVA #2,31.0383,-85.8708,,,1-day,NCDC,1/1892-10/2011,145
01-3255,AL,GENEVA,31.0386,-85.87,01-3251,,1-day,NCDC,1/1892-3/1976,106
01-3271,AL,GEORGIANA,31.6772,-86.8061,,,1-day,NCDC,2/1956-7/2004,300
01-3399,AL,GOODWATER,33.0667,-86.05,,,1-day,NCDC,11/1895-6/1954,1010
01-3430,AL,GORGAS 2 ENE,33.6667,-87.1833,,,1-day,NCDC,1/1937-10/1994,350
01-3511,AL,GREENSBORO,32.7017,-87.5808,,,1-day,NCDC,2/1890-7/2011,220
01-3519,AL,GREENVILLE,31.7901,-86.6087,,,1-day; 1-hour; 15-min,NCDC,9/1900-10/2011; 6/1948-12/2010; 9/1971-12/2010,342
01-3524,AL,GREENVILLE 2,31.8333,-86.6333,01-3519,,1-hour,NCDC,6/1948-11/1966,420
01-3573,AL,GUNTERSVILLE,34.3344,-86.3297,,,1-day,NCDC,12/1904-10/2011,578
01-3620,AL,HALEYVILLE,34.2311,-87.6347,,,1-day; 1-hour; 15-min,NCDC,11/1902-7/2011; 6/1948-12/2010; 3/1977-12/2010,920
01-3644,AL,HAMILTON,34.1333,-87.9833,01-3645,,1-day,NCDC,9/1930-12/1961,551
01-3645,AL,HAMILTON 3 S,34.0967,-87.9914,,,1-day; 1-hour,NCDC,9/1930-10/2011; 11/1967-12/2010,435
01-3655,AL,HANCEVILLE,34.0675,-86.7917,,,1-day; 1-hour; 15-min,NCDC,6/1948-10/2011; 6/1948-11/2007; 4/1973-11/2007,592
01-3748,AL,HAYNEVILLE,32.1833,-86.5833,,,1-day,NCDC,3/1938-6/1981,171
01-3761,AL,HEADLAND,31.3625,-85.3397,,,1-day,NCDC,4/1950-10/2011,370
01-3775,AL,HEFLIN,33.6483,-85.6006,,,1-day,NCDC,1/1956-10/2011,850
01-3781,AL,HELENA,33.2725,-86.8336,,,1-day,NCDC,9/1900-10/2011,480
01-3783,AL,HELENA 1 S,33.2833,-86.85,01-3781,,1-day,NCDC,9/1900-8/1951,416
01-3816,AL,HIGHLAND HOME,31.8814,-86.2503,,,1-day,NCDC,5/1892-10/2011,433
01-3842,AL,HIGHTOWER,33.5172,-85.3781,,,1-day,NCDC,8/1941-10/2011,1175
01-3899,AL,HODGES,34.3606,-87.9283,,,1-day,NCDC,3/1938-3/2000,840
01-4064,AL,HUNTSVILLE INTNL AP,34.6439,-86.7861,,,1-day; 1-hour,NCDC,1/1937-10/2010; 11/1958-12/2010,624
01-4068,AL,HUNTSVILLE 4 SSE,34.7,-86.5833,01-4064,,1-day,NCDC,1/1937-7/1954,610
01-4192,AL,JACKSON LOCK 1,31.55,-88.0167,01-4193,,1-day,NCDC,1/1930-10/1960,10
01-4193,AL,JACKSON,31.525,-87.9278,,,1-day; 1-hour; 15-min,NCDC,1/1930-10/2011; 10/1961-12/2010; 4/1974-12/2010,220
01-4209,AL,JACKSONVILLE,33.8164,-85.7661,,,1-day; 1-hour,NCDC,7/1948-10/2011; 6/1948-12/2010,688
01-4226,AL,JASPER,33.9053,-87.315,,,1-day,NCDC,8/1960-10/2011,486
01-4306,AL,JORDAN DAM,32.6167,-86.25,,,1-day,NCDC,1/1937-10/2011,290
01-4431,AL,KINSTON,31.2403,-86.1947,,,1-day,NCDC,6/1965-12/2006,270
01-4502,AL,LAFAYETTE 2W,32.9069,-85.4336,,,1-day,NCDC,11/1944-10/2011,740
01-4603,AL,LAY DAM,32.9667,-86.5167,,,1-day,NCDC,1/1937-10/2011,420
01-4619,AL,LEEDS,33.5447,-86.5272,,,1-day,NCDC,2/1917-10/2011,636
01-4627,AL,LEESBURG,34.1833,-85.7667,01-8755,,1-day,NCDC,1/1900-10/1981,591
01-4798,AL,LIVINGSTON,32.5811,-88.1897,,,1-day,NCDC,11/1891-10/2011,128
01-4845,AL,LINCOLN LOCK 4,33.6333,-86.1833,,,1-day,NCDC,12/1896-8/1949,512
01-4855,AL,BANKHEAD L&D,33.45,-87.35,01-0505,,1-day,NCDC,8/1930-1/1957,280
01-4976,AL,MADISON,34.7,-86.75,,,1-day,NCDC,2/1894-12/1974,581
01-4996,AL,MAGELLA,33.5,-86.85,01-0829,,1-day,NCDC,1/1937-1/1977,650
01-5108,AL,MARION 1 N,32.6333,-87.3,01-5112,,1-day,NCDC,12/1893-11/1967,210
01-5112,AL,MARION 7 NE,32.7028,-87.2681,,,1-day; 1-hour; 15-min,NCDC,12/1893-11/2004; 11/1967-12/2004; 12/1971-12/2004,172
01-5116,AL,MARION JUNCTION 2 E,32.45,-87.1833,,,1-day,NCDC,10/1938-10/2011,202
01-5121,AL,MARION JUNCTION 2 NE,32.4714,-87.2306,,,1-day,NCDC,2/1950-7/2011,200
01-5140,AL,MARTIN DAM,32.6667,-85.9167,01-8653,,1-day,NCDC,1/1925-9/1992,340
01-5172,AL,MATHEWS,32.2603,-86.0003,,,1-day,NCDC,8/1956-10/2011,190
01-5354,AL,MELVIN,31.9306,-88.4586,,,1-day,NCDC,1/1940-10/2011,350
01-5397,AL,MIDWAY,32.0597,-85.4953,,,1-hour; 15-min,NCDC,6/1948-12/2010; 5/1971-12/2010,498
01-5417,AL,MILLERS FERRY,32.1,-87.3667,01-5420,,1-day,NCDC,11/1930-10/1967,79
01-5420,AL,MILLERS FERRY L&D,32.1,-87.3981,,,1-day,NCDC,11/1930-10/2011,115
01-5439,AL,MILSTEAD,32.4419,-85.8889,,,1-day,NCDC,9/1902-10/2011,215
01-5465,AL,MITCHELL DAM,32.8,-86.45,,,1-day,NCDC,1/1937-10/2011,350
01-5478,AL,MOBILE RGNL AP,30.6883,-88.2456,,,1-day; 1-hour,NCDC,3/1900-8/2010; 7/1948-12/2010,215
01-5483,AL,MOBILE,30.6833,-88.0333,,,1-day,NCDC,1/1871-12/1965,10
01-5537,AL,MONTEVALLO,33.0981,-86.8667,,,1-day,NCDC,12/1893-10/2011,410
01-5550,AL,MONTGOMERY AP ASOS,32.2997,-86.4075,,,1-day; 1-hour,NCDC,1/1948-10/2010; 7/1948-12/2010,202
01-5553,AL,MONTGOMERY 6SW,32.26,-86.2181,,,1-day,NCDC,12/1921-10/2011,225
01-5555,AL,MONTGOMERY WB CITY,32.3833,-86.3,,,1-day,NCDC,9/1872-9/1954,256
01-5625,AL,MOULTON,34.4667,-87.3,01-5635,01-5635,1-day; 1-hour,NCDC,7/1927-3/1962; 7/1948-8/1977,630
01-5635,AL,MOULTON 2,34.4883,-87.2989,,,1-day,NCDC,7/1927-10/2011,622
01-5685,AL,MOUNT VERNON BARRACKS,31.0881,-88.0258,,,1-day,NCDC,10/1840-2/1892,172
01-5749,AL,MUSCLE SHOALS AP,34.7442,-87.5997,,,1-day,NCDC,12/1890-10/2010,540
01-5785,AL,NATCHEZ,31.7167,-87.2667,01-0616,,1-day,NCDC,3/1951-6/1967,180
01-5862,AL,NEW MARKET,34.9,-86.4333,01-5867,,1-day,NCDC,2/1943-3/1962,761
01-5867,AL,NEW MARKET 2,34.9167,-86.45,,,1-day,NCDC,2/1943-2/1977,732
01-5875,AL,NEWTON,31.3458,-85.6228,,,1-day,NCDC,12/1891-4/1981,139
01-6121,AL,ONEONTA,33.9478,-86.4692,,,1-day,NCDC,8/1894-10/2011,892
01-6129,AL,OPELIKA,32.6592,-85.4492,,,1-day,NCDC,3/1957-10/2011,640
01-6218,AL,OZARK 6 NNW,31.5333,-85.6833,,,1-day,NCDC,5/1902-3/1986,470
01-6226,AL,PAINT ROCK 2 N,34.7,-86.3333,,,1-day; 1-hour,NCDC,11/1935-12/1980; 7/1948-12/1980,640
01-6246,AL,PALMERDALE,33.745,-86.6417,,,1-day,NCDC,6/1948-10/2011,722
01-6334,AL,PENNINGTON 2 NE,32.2258,-88.0281,,,1-day,NCDC,1/1932-6/1998,85
01-6362,AL,PERRYVILLE,32.6567,-87.0928,,,1-day,NCDC,1/1940-10/2004,272
01-6370,AL,PETERMAN,31.5883,-87.2681,,,1-hour; 15-min,NCDC,6/1948-12/2010; 6/1974-12/2010,240
01-6414,AL,PICKENSVILLE,33.2167,-88.25,01-0184,,1-day,NCDC,2/1940-4/1977,171
01-6418,AL,PICKENSVILLE,33.2333,-88.2833,01-0184,,1-day,NCDC,7/1977-4/1980,180
01-6436,AL,PINE APPLE,31.8817,-86.9861,,,1-day,NCDC,10/1967-10/2011,265
01-6468,AL,PINE LEVEL 4 ESE,32.0333,-85.9833,,,1-day,NCDC,5/1941-6/1989,480
01-6478,AL,PINSON,33.6906,-86.6847,,,1-day,NCDC,2/1951-10/2011,608
01-6508,AL,PLANTERSVILLE 2 SSE,32.6131,-86.9056,,,1-day,NCDC,1/1940-10/2011,230
01-6640,AL,PRATTVILLE,32.4833,-86.4833,,,1-day,NCDC,2/1902-9/1977,302
01-6684,AL,PRIMROSE FARM,32.3,-86.25,01-5553,,1-day,NCDC,12/1921-12/1966,180
01-6719,AL,PUSHMATAHA,32.2,-88.35,,,1-day,NCDC,11/1891-12/1964,259
01-6847,AL,REFORM,33.3753,-88.02,,,1-day,NCDC,3/1938-7/2011,238
01-6937,AL,RIVER FALLS,31.35,-86.5333,,,1-day,NCDC,11/1928-12/1980,180
01-6942,AL,RIVER FALLS 2 NE,31.3667,-86.5167,01-0252,,1-hour,NCDC,6/1948-12/1980,190
01-6988,AL,ROBERTSDALE,30.565,-87.7017,,,1-day,NCDC,5/1912-10/2011,161
01-7020,AL,ROCKFORD 3 ESE,32.8711,-86.1758,,,1-day,NCDC,7/1954-7/2011,600
01-7025,AL,ROCK MILLS,33.1581,-85.2911,,,1-day,NCDC,6/1938-10/2011,750
01-7131,AL,RUSSELLVILLE #2,34.51,-87.7319,,,1-day,NCDC,9/1953-10/2011,830
01-7157,AL,SAINT BERNARD,34.1736,-86.8133,,,1-day,NCDC,8/1907-2/2010,800
01-7207,AL,SAND MT SUBSTN,34.2878,-85.9681,,,1-day,NCDC,1/1949-10/2011,1190
01-7282,AL,SAYRE 5 NW,33.75,-87.05,01-2350,,1-day,NCDC,3/1938-3/1992,304
01-7304,AL,SCOTTSBORO,34.6736,-86.0536,,,1-day,NCDC,12/1891-10/2011,615
01-7326,AL,SEALE,32.3217,-85.1683,,,1-day,NCDC,3/1925-10/2011,425
01-7328,AL,SEALE,32.3,-85.1667,01-7326,,1-day,NCDC,3/1925-2/1965,390
01-7366,AL,SELMA,32.41,-87.0153,,,1-day,NCDC,2/1895-10/2011,147
01-7415,AL,SHEFFIELD TVA NURSERY,34.7667,-87.7,01-2971,,1-day,NCDC,3/1935-7/1954,512
01-7733,AL,SPRING HILL,30.7,-88.1667,01-5478,,1-day,NCDC,5/1904-6/1951,180
01-7963,AL,SUTTLE,32.5411,-87.1783,,,1-day,NCDC,10/1949-6/1980,145
01-7994,AL,SYLACAUGA 2 W,33.1667,-86.2833,01-7999,,1-day,NCDC,1/1937-7/1959,551
01-7999,AL,SYLACAUGA 4 NE,33.2053,-86.2114,,,1-day,NCDC,1/1937-10/2011,490
01-8024,AL,TALLADEGA,33.4164,-86.135,,,1-day,NCDC,2/1888-10/2011,448
01-8178,AL,THOMASVILLE,31.9172,-87.7347,,,1-day; 1-hour; 15-min,NCDC,9/1891-10/2011; 11/1967-12/2010; 5/1971-12/2010,390
01-8204,AL,THORSBY 1 SW,32.9,-86.7333,01-8209,,1-hour,NCDC,6/1948-3/1972,200
01-8209,AL,THORSBY EXP STN,32.9206,-86.6708,,,1-day; 1-hour; 15-min,NCDC,6/1948-10/2011; 6/1948-12/2010; 5/1971-12/2010,680
01-8215,AL,THURLOW DAM,32.5333,-85.9,,,1-day,NCDC,1/1937-9/1992,288
01-8259,AL,TONEY,34.9,-86.7333,,,1-hour,NCDC,7/1948-12/1980,830
01-8285,AL,TRAFFORD,33.8167,-86.7333,01-8668,,1-hour,NCDC,6/1948-2/1967,469
01-8323,AL,TROY,31.8075,-85.9722,,,1-day; 1-hour; 15-min,NCDC,6/1908-9/2010; 6/1948-12/2010; 3/1972-12/2010,542
01-8380,AL,TUSCALOOSA ACFD,33.2119,-87.6161,,,1-day,NCDC,6/1948-10/2011,169
01-8385,AL,TUSCALOOSA OLIVER DAM,33.2097,-87.5936,,,1-day; 1-hour,NCDC,2/1900-10/2011; 1/1958-12/2010,152
01-8391,AL,TUSCUMBIA,34.7167,-87.7167,,,1-day,NCDC,1/1892-2/1940,489
01-8398,AL,TUSKEGEE,32.4333,-85.7,01-8403,,1-day,NCDC,11/1899-6/1954,459
01-8403,AL,TUSKEGEE 3 S,32.3833,-85.65,,,1-day,NCDC,11/1899-10/1968,420
01-8438,AL,UNION SPRINGS 9 S,32.0142,-85.7464,,,1-day,NCDC,5/1892-7/2011,440
01-8446,AL,UNIONTOWN,32.4717,-87.5211,,,1-day,NCDC,7/1893-10/2011,257
01-8469,AL,VALLEY HEAD,34.5667,-85.6128,,,1-day,NCDC,1/1893-10/2011,1062
01-8517,AL,VERNON,33.7392,-88.1275,,,1-day; 1-hour,NCDC,3/1938-10/2011; 6/1948-12/2010,298
01-8605,AL,WADLEY,33.1167,-85.5667,01-8608,,1-day,NCDC,2/1933-10/1992,675
01-8608,AL,WADLEY NR 2,33.1361,-85.5869,,,1-day,NCDC,2/1933-10/2011,710
01-8637,AL,WALLACE 2 E,31.2097,-87.1789,,,1-day,NCDC,5/1941-10/2011,205
01-8648,AL,WALNUT GROVE,34.0661,-86.3069,,,1-day,NCDC,6/1941-10/2011,850
01-8653,AL,WALNUT HILL 3 W,32.7028,-85.8936,,,1-day,NCDC,1/1925-10/2011,410
01-8668,AL,WARRIOR,33.8167,-86.8167,01-8670,,1-hour,NCDC,3/1967-4/1972,541
01-8670,AL,WARRIOR,33.7925,-86.8258,,,1-hour; 15-min,NCDC,6/1948-12/2010; 10/1972-12/2010,520
01-8673,AL,WARRIOR L&D,32.7744,-87.8306,,,1-day; 1-hour; 15-min,NCDC,5/1938-10/2011; 6/1948-12/2010; 5/1971-12/2010,110
01-8686,AL,WATERLOO,34.9167,-88.0667,22-4455,,1-day,NCDC,7/1922-4/1975,459
01-8755,AL,WEISS DAM,34.1333,-85.8,,,1-day,NCDC,1/1900-10/2011,590
01-8809,AL,WEST BLOCTON,33.1194,-87.1239,,,1-day,NCDC,3/1940-10/2011,500
01-8859,AL,WETUMPKA,32.5906,-86.2103,,,1-day,NCDC,1/1893-7/2011,257
01-8867,AL,WHATLEY,31.6508,-87.7097,,,1-day,NCDC,1/1940-9/2007,170
01-8925,AL,WHITFIELD LOCK 3,32.2833,-88.0167,01-6334,,1-day,NCDC,1/1932-12/1960,30
01-8998,AL,WINFIELD 2 SW,33.9111,-87.8475,,,1-day,NCDC,4/1923-10/2011,468
01-9103,AL,YATES HYDRO PLT,32.5667,-85.9,,,1-day,NCDC,1/1892-1/1970,341
62-5483,AL,MOBILE POINT,30.2278,-88.0242,01-3035,,1-day,FORTS,6/1866-12/1892,6
