station_id,station_name,latitude,longitude,raw_file,status,request_url,rows_parsed,error
01-0008,ABBEVILLE,31.5703,-85.2483,D:\projstore\Ismail\Dr Koriche\Intense Rainfall and Flash Flooding\Data\ATLAS 14\NOAA_Atlas14_Alabama_PDS\raw_noaa_responses\01-0008_pds_frequency.csv,failed,https://hdsc.nws.noaa.gov/cgi-bin/new/fe_text.csv?lat=31.570300&lon=-85.248300&data=depth&units=metric&series=pds,0,"ValueError: The NOAA response was recognized, but no duration and recurrence-interval records were parsed."
01-0063,ADDISON,34.2031,-87.1814,D:\projstore\Ismail\Dr Koriche\Intense Rainfall and Flash Flooding\Data\ATLAS 14\NOAA_Atlas14_Alabama_PDS\raw_noaa_responses\01-0063_pds_frequency.csv,failed,https://hdsc.nws.noaa.gov/cgi-bin/new/fe_text.csv?lat=34.203100&lon=-87.181400&data=depth&units=metric&series=pds,0,"ValueError: The NOAA response was recognized, but no duration and recurrence-interval records were parsed."
01-0140,ALBERTA,32.2322,-87.4106,D:\projstore\Ismail\Dr Koriche\Intense Rainfall and Flash Flooding\Data\ATLAS 14\NOAA_Atlas14_Alabama_PDS\raw_noaa_responses\01-0140_pds_frequency.csv,failed,https://hdsc.nws.noaa.gov/cgi-bin/new/fe_text.csv?lat=32.232200&lon=-87.410600&data=depth&units=metric&series=pds,0,"ValueError: The NOAA response was recognized, but no duration and recurrence-interval records were parsed."
01-0148,ALBERTVILLE 2 SE,34.2333,-86.1667,D:\projstore\Ismail\Dr Koriche\Intense Rainfall and Flash Flooding\Data\ATLAS 14\NOAA_Atlas14_Alabama_PDS\raw_noaa_responses\01-0148_pds_frequency.csv,failed,https://hdsc.nws.noaa.gov/cgi-bin/new/fe_text.csv?lat=34.233300&lon=-86.166700&data=depth&units=metric&series=pds,0,"ValueError: The NOAA response was recognized, but no duration and recurrence-interval records were parsed."
01-0178,ALICEVILLE,33.1272,-88.155,D:\projstore\Ismail\Dr Koriche\Intense Rainfall and Flash Flooding\Data\ATLAS 14\NOAA_Atlas14_Alabama_PDS\raw_noaa_responses\01-0178_pds_frequency.csv,failed,https://hdsc.nws.noaa.gov/cgi-bin/new/fe_text.csv?lat=33.127200&lon=-88.155000&data=depth&units=metric&series=pds,0,"ValueError: The NOAA response was recognized, but no duration and recurrence-interval records were parsed."
01-0184,ALICEVILLE L&D,33.21,-88.2878,D:\projstore\Ismail\Dr Koriche\Intense Rainfall and Flash Flooding\Data\ATLAS 14\NOAA_Atlas14_Alabama_PDS\raw_noaa_responses\01-0184_pds_frequency.csv,failed,https://hdsc.nws.noaa.gov/cgi-bin/new/fe_text.csv?lat=33.210000&lon=-88.287800&data=depth&units=metric&series=pds,0,"ValueError: The NOAA response was recognized, but no duration and recurrence-interval records were parsed."
01-0252,ANDALUSIA 3 W,31.3067,-86.5222,D:\projstore\Ismail\Dr Koriche\Intense Rainfall and Flash Flooding\Data\ATLAS 14\NOAA_Atlas14_Alabama_PDS\raw_noaa_responses\01-0252_pds_frequency.csv,failed,https://hdsc.nws.noaa.gov/cgi-bin/new/fe_text.csv?lat=31.306700&lon=-86.522200&data=depth&units=metric&series=pds,0,"ValueError: The NOAA response was recognized, but no duration and recurrence-interval records were parsed."
01-0272,ANNISTON METRO AP,33.5872,-85.8556,D:\projstore\Ismail\Dr Koriche\Intense Rainfall and Flash Flooding\Data\ATLAS 14\NOAA_Atlas14_Alabama_PDS\raw_noaa_responses\01-0272_pds_frequency.csv,failed,https://hdsc.nws.noaa.gov/cgi-bin/new/fe_text.csv?lat=33.587200&lon=-85.855600&data=depth&units=metric&series=pds,0,"ValueError: The NOAA response was recognized, but no duration and recurrence-interval records were parsed."
01-0338,ARLEY 1 S,34.0667,-87.2333,D:\projstore\Ismail\Dr Koriche\Intense Rainfall and Flash Flooding\Data\ATLAS 14\NOAA_Atlas14_Alabama_PDS\raw_noaa_responses\01-0338_pds_frequency.csv,failed,https://hdsc.nws.noaa.gov/cgi-bin/new/fe_text.csv?lat=34.066700&lon=-87.233300&data=depth&units=metric&series=pds,0,"ValueError: The NOAA response was recognized, but no duration and recurrence-interval records were parsed."
01-0369,ASHLAND 3 ENE,33.2942,-85.7789,D:\projstore\Ismail\Dr Koriche\Intense Rainfall and Flash Flooding\Data\ATLAS 14\NOAA_Atlas14_Alabama_PDS\raw_noaa_responses\01-0369_pds_frequency.csv,failed,https://hdsc.nws.noaa.gov/cgi-bin/new/fe_text.csv?lat=33.294200&lon=-85.778900&data=depth&units=metric&series=pds,0,"ValueError: The NOAA response was recognized, but no duration and recurrence-interval records were parsed."
01-0377,ASHVILLE 4 W,33.85,-86.3333,D:\projstore\Ismail\Dr Koriche\Intense Rainfall and Flash Flooding\Data\ATLAS 14\NOAA_Atlas14_Alabama_PDS\raw_noaa_responses\01-0377_pds_frequency.csv,failed,https://hdsc.nws.noaa.gov/cgi-bin/new/fe_text.csv?lat=33.850000&lon=-86.333300&data=depth&units=metric&series=pds,0,"ValueError: The NOAA response was recognized, but no duration and recurrence-interval records were parsed."
01-0390,ATHENS,34.7772,-86.9511,D:\projstore\Ismail\Dr Koriche\Intense Rainfall and Flash Flooding\Data\ATLAS 14\NOAA_Atlas14_Alabama_PDS\raw_noaa_responses\01-0390_pds_frequency.csv,failed,https://hdsc.nws.noaa.gov/cgi-bin/new/fe_text.csv?lat=34.777200&lon=-86.951100&data=depth&units=metric&series=pds,0,"ValueError: The NOAA response was recognized, but no duration and recurrence-interval records were parsed."
01-0395,ATHENS 2,34.8,-86.9833,D:\projstore\Ismail\Dr Koriche\Intense Rainfall and Flash Flooding\Data\ATLAS 14\NOAA_Atlas14_Alabama_PDS\raw_noaa_responses\01-0395_pds_frequency.csv,failed,https://hdsc.nws.noaa.gov/cgi-bin/new/fe_text.csv?lat=34.800000&lon=-86.983300&data=depth&units=metric&series=pds,0,"ValueError: The NOAA response was recognized, but no duration and recurrence-interval records were parsed."
01-0402,ATMORE,31.1819,-87.4389,D:\projstore\Ismail\Dr Koriche\Intense Rainfall and Flash Flooding\Data\ATLAS 14\NOAA_Atlas14_Alabama_PDS\raw_noaa_responses\01-0402_pds_frequency.csv,failed,https://hdsc.nws.noaa.gov/cgi-bin/new/fe_text.csv?lat=31.181900&lon=-87.438900&data=depth&units=metric&series=pds,0,"ValueError: The NOAA response was recognized, but no duration and recurrence-interval records were parsed."
01-0422,AUBURN,32.6,-85.5,D:\projstore\Ismail\Dr Koriche\Intense Rainfall and Flash Flooding\Data\ATLAS 14\NOAA_Atlas14_Alabama_PDS\raw_noaa_responses\01-0422_pds_frequency.csv,failed,https://hdsc.nws.noaa.gov/cgi-bin/new/fe_text.csv?lat=32.600000&lon=-85.500000&data=depth&units=metric&series=pds,0,"ValueError: The NOAA response was recognized, but no duration and recurrence-interval records were parsed."
01-0425,AUBURN #2,32.5992,-85.4653,D:\projstore\Ismail\Dr Koriche\Intense Rainfall and Flash Flooding\Data\ATLAS 14\NOAA_Atlas14_Alabama_PDS\raw_noaa_responses\01-0425_pds_frequency.csv,failed,https://hdsc.nws.noaa.gov/cgi-bin/new/fe_text.csv?lat=32.599200&lon=-85.465300&data=depth&units=metric&series=pds,0,"ValueError: The NOAA response was recognized, but no duration and recurrence-interval records were parsed."
01-0427,AUBURN AG RSCH STN 10,32.6,-85.4833,D:\projstore\Ismail\Dr Koriche\Intense Rainfall and Flash Flooding\Data\ATLAS 14\NOAA_Atlas14_Alabama_PDS\raw_noaa_responses\01-0427_pds_frequency.csv,failed,https://hdsc.nws.noaa.gov/cgi-bin/new/fe_text.csv?lat=32.600000&lon=-85.483300&data=depth&units=metric&series=pds,0,"ValueError: The NOAA response was recognized, but no duration and recurrence-interval records were parsed."
01-0430,AUBURN AGRONOMY FARM,32.6,-85.5,D:\projstore\Ismail\Dr Koriche\Intense Rainfall and Flash Flooding\Data\ATLAS 14\NOAA_Atlas14_Alabama_PDS\raw_noaa_responses\01-0430_pds_frequency.csv,failed,https://hdsc.nws.noaa.gov/cgi-bin/new/fe_text.csv?lat=32.600000&lon=-85.500000&data=depth&units=metric&series=pds,0,"ValueError: The NOAA response was recognized, but no duration and recurrence-interval records were parsed."
01-0440,AUTAUGAVILLE 3 N,32.4706,-86.68,D:\projstore\Ismail\Dr Koriche\Intense Rainfall and Flash Flooding\Data\ATLAS 14\NOAA_Atlas14_Alabama_PDS\raw_noaa_responses\01-0440_pds_frequency.csv,failed,https://hdsc.nws.noaa.gov/cgi-bin/new/fe_text.csv?lat=32.470600&lon=-86.680000&data=depth&units=metric&series=pds,0,"ValueError: The NOAA response was recognized, but no duration and recurrence-interval records were parsed."
01-0505,BANKHEAD L&D,33.4528,-87.3572,D:\projstore\Ismail\Dr Koriche\Intense Rainfall and Flash Flooding\Data\ATLAS 14\NOAA_Atlas14_Alabama_PDS\raw_noaa_responses\01-0505_pds_frequency.csv,failed,https://hdsc.nws.noaa.gov/cgi-bin/new/fe_text.csv?lat=33.452800&lon=-87.357200&data=depth&units=metric&series=pds,0,"ValueError: The NOAA response was recognized, but no duration and recurrence-interval records were parsed."
01-0546,BARTON,34.7167,-87.8667,D:\projstore\Ismail\Dr Koriche\Intense Rainfall and Flash Flooding\Data\ATLAS 14\NOAA_Atlas14_Alabama_PDS\raw_noaa_responses\01-0546_pds_frequency.csv,failed,https://hdsc.nws.noaa.gov/cgi-bin/new/fe_text.csv?lat=34.716700&lon=-87.866700&data=depth&units=metric&series=pds,0,"ValueError: The NOAA response was recognized, but no duration and recurrence-interval records were parsed."
01-0583,BAY MINETTE,30.8839,-87.7853,D:\projstore\Ismail\Dr Koriche\Intense Rainfall and Flash Flooding\Data\ATLAS 14\NOAA_Atlas14_Alabama_PDS\raw_noaa_responses\01-0583_pds_frequency.csv,failed,https://hdsc.nws.noaa.gov/cgi-bin/new/fe_text.csv?lat=30.883900&lon=-87.785300&data=depth&units=metric&series=pds,0,"ValueError: The NOAA response was recognized, but no duration and recurrence-interval records were parsed."
01-0616,BEATRICE,31.7222,-87.2119,D:\projstore\Ismail\Dr Koriche\Intense Rainfall and Flash Flooding\Data\ATLAS 14\NOAA_Atlas14_Alabama_PDS\raw_noaa_responses\01-0616_pds_frequency.csv,failed,https://hdsc.nws.noaa.gov/cgi-bin/new/fe_text.csv?lat=31.722200&lon=-87.211900&data=depth&units=metric&series=pds,0,"ValueError: The NOAA response was recognized, but no duration and recurrence-interval records were parsed."
01-0655,BELLE MINA 2 N,34.6908,-86.8825,D:\projstore\Ismail\Dr Koriche\Intense Rainfall and Flash Flooding\Data\ATLAS 14\NOAA_Atlas14_Alabama_PDS\raw_noaa_responses\01-0655_pds_frequency.csv,failed,https://hdsc.nws.noaa.gov/cgi-bin/new/fe_text.csv?lat=34.690800&lon=-86.882500&data=depth&units=metric&series=pds,0,"ValueError: The NOAA response was recognized, but no duration and recurrence-interval records were parsed."
01-0748,BERRY 3 NW,33.6944,-87.6497,D:\projstore\Ismail\Dr Koriche\Intense Rainfall and Flash Flooding\Data\ATLAS 14\NOAA_Atlas14_Alabama_PDS\raw_noaa_responses\01-0748_pds_frequency.csv,failed,https://hdsc.nws.noaa.gov/cgi-bin/new/fe_text.csv?lat=33.694400&lon=-87.649700&data=depth&units=metric&series=pds,0,"ValueError: The NOAA response was recognized, but no duration and recurrence-interval records were parsed."
01-0757,BESSEMER 3 SSW,33.3667,-87.0167,D:\projstore\Ismail\Dr Koriche\Intense Rainfall and Flash Flooding\Data\ATLAS 14\NOAA_Atlas14_Alabama_PDS\raw_noaa_responses\01-0757_pds_frequency.csv,failed,https://hdsc.nws.noaa.gov/cgi-bin/new/fe_text.csv?lat=33.366700&lon=-87.016700&data=depth&units=metric&series=pds,0,"ValueError: The NOAA response was recognized, but no duration and recurrence-interval records were parsed."
01-0764,BESSEMER 3 WSW,33.3953,-87.0078,D:\projstore\Ismail\Dr Koriche\Intense Rainfall and Flash Flooding\Data\ATLAS 14\NOAA_Atlas14_Alabama_PDS\raw_noaa_responses\01-0764_pds_frequency.csv,failed,https://hdsc.nws.noaa.gov/cgi-bin/new/fe_text.csv?lat=33.395300&lon=-87.007800&data=depth&units=metric&series=pds,0,"ValueError: The NOAA response was recognized, but no duration and recurrence-interval records were parsed."
01-0823,BILLINGSLEY 3 NE,32.6731,-86.6653,D:\projstore\Ismail\Dr Koriche\Intense Rainfall and Flash Flooding\Data\ATLAS 14\NOAA_Atlas14_Alabama_PDS\raw_noaa_responses\01-0823_pds_frequency.csv,failed,https://hdsc.nws.noaa.gov/cgi-bin/new/fe_text.csv?lat=32.673100&lon=-86.665300&data=depth&units=metric&series=pds,0,"ValueError: The NOAA response was recognized, but no duration and recurrence-interval records were parsed."
01-0829,BIRMINGHAM WSFO,33.4667,-86.8333,D:\projstore\Ismail\Dr Koriche\Intense Rainfall and Flash Flooding\Data\ATLAS 14\NOAA_Atlas14_Alabama_PDS\raw_noaa_responses\01-0829_pds_frequency.csv,failed,https://hdsc.nws.noaa.gov/cgi-bin/new/fe_text.csv?lat=33.466700&lon=-86.833300&data=depth&units=metric&series=pds,0,"ValueError: The NOAA response was recognized, but no duration and recurrence-interval records were parsed."
01-0831,BIRMINGHAM AP ASOS,33.5656,-86.745,D:\projstore\Ismail\Dr Koriche\Intense Rainfall and Flash Flooding\Data\ATLAS 14\NOAA_Atlas14_Alabama_PDS\raw_noaa_responses\01-0831_pds_frequency.csv,failed,https://hdsc.nws.noaa.gov/cgi-bin/new/fe_text.csv?lat=33.565600&lon=-86.745000&data=depth&units=metric&series=pds,0,"ValueError: The NOAA response was recognized, but no duration and recurrence-interval records were parsed."
01-0836,BIRMINGHAM,33.5333,-86.8333,D:\projstore\Ismail\Dr Koriche\Intense Rainfall and Flash Flooding\Data\ATLAS 14\NOAA_Atlas14_Alabama_PDS\raw_noaa_responses\01-0836_pds_frequency.csv,failed,https://hdsc.nws.noaa.gov/cgi-bin/new/fe_text.csv?lat=33.533300&lon=-86.833300&data=depth&units=metric&series=pds,0,"ValueError: The NOAA response was recognized, but no duration and recurrence-interval records were parsed."
01-0957,BOAZ,34.2008,-86.1633,D:\projstore\Ismail\Dr Koriche\Intense Rainfall and Flash Flooding\Data\ATLAS 14\NOAA_Atlas14_Alabama_PDS\raw_noaa_responses\01-0957_pds_frequency.csv,failed,https://hdsc.nws.noaa.gov/cgi-bin/new/fe_text.csv?lat=34.200800&lon=-86.163300&data=depth&units=metric&series=pds,0,"ValueError: The NOAA response was recognized, but no duration and recurrence-interval records were parsed."
01-1069,BRANTLEY,31.5833,-86.2667,D:\projstore\Ismail\Dr Koriche\Intense Rainfall and Flash Flooding\Data\ATLAS 14\NOAA_Atlas14_Alabama_PDS\raw_noaa_responses\01-1069_pds_frequency.csv,failed,https://hdsc.nws.noaa.gov/cgi-bin/new/fe_text.csv?lat=31.583300&lon=-86.266700&data=depth&units=metric&series=pds,0,"ValueError: The NOAA response was recognized, but no duration and recurrence-interval records were parsed."
01-1080,BREWTON 3 ENE,31.1408,-87.0483,D:\projstore\Ismail\Dr Koriche\Intense Rainfall and Flash Flooding\Data\ATLAS 14\NOAA_Atlas14_Alabama_PDS\raw_noaa_responses\01-1080_pds_frequency.csv,failed,https://hdsc.nws.noaa.gov/cgi-bin/new/fe_text.csv?lat=31.140800&lon=-87.048300&data=depth&units=metric&series=pds,0,"ValueError: The NOAA response was recognized, but no duration and recurrence-interval records were parsed."
01-1084,BREWTON 3 SSE,31.0581,-87.0547,D:\projstore\Ismail\Dr Koriche\Intense Rainfall and Flash Flooding\Data\ATLAS 14\NOAA_Atlas14_Alabama_PDS\raw_noaa_responses\01-1084_pds_frequency.csv,failed,https://hdsc.nws.noaa.gov/cgi-bin/new/fe_text.csv?lat=31.058100&lon=-87.054700&data=depth&units=metric&series=pds,0,"ValueError: The NOAA response was recognized, but no duration and recurrence-interval records were parsed."
01-1099,BRIDGEPORT 5 NW,34.9786,-85.8008,D:\projstore\Ismail\Dr Koriche\Intense Rainfall and Flash Flooding\Data\ATLAS 14\NOAA_Atlas14_Alabama_PDS\raw_noaa_responses\01-1099_pds_frequency.csv,failed,https://hdsc.nws.noaa.gov/cgi-bin/new/fe_text.csv?lat=34.978600&lon=-85.800800&data=depth&units=metric&series=pds,0,"ValueError: The NOAA response was recognized, but no duration and recurrence-interval records were parsed."
01-1143,BROOKWOOD,33.2536,-87.2936,D:\projstore\Ismail\Dr Koriche\Intense Rainfall and Flash Flooding\Data\ATLAS 14\NOAA_Atlas14_Alabama_PDS\raw_noaa_responses\01-1143_pds_frequency.csv,failed,https://hdsc.nws.noaa.gov/cgi-bin/new/fe_text.csv?lat=33.253600&lon=-87.293600&data=depth&units=metric&series=pds,0,"ValueError: The NOAA response was recognized, but no duration and recurrence-interval records were parsed."
01-1178,BRUNDIDGE,31.7056,-85.8369,D:\projstore\Ismail\Dr Koriche\Intense Rainfall and Flash Flooding\Data\ATLAS 14\NOAA_Atlas14_Alabama_PDS\raw_noaa_responses\01-1178_pds_frequency.csv,failed,https://hdsc.nws.noaa.gov/cgi-bin/new/fe_text.csv?lat=31.705600&lon=-85.836900&data=depth&units=metric&series=pds,0,"ValueError: The NOAA response was recognized, but no duration and recurrence-interval records were parsed."
01-1288,CALERA,33.1106,-86.7461,D:\projstore\Ismail\Dr Koriche\Intense Rainfall and Flash Flooding\Data\ATLAS 14\NOAA_Atlas14_Alabama_PDS\raw_noaa_responses\01-1288_pds_frequency.csv,failed,https://hdsc.nws.noaa.gov/cgi-bin/new/fe_text.csv?lat=33.110600&lon=-86.746100&data=depth&units=metric&series=pds,0,"ValueError: The NOAA response was recognized, but no duration and recurrence-interval records were parsed."
01-1300,CAMDEN 3 NNW,32.0333,-87.3167,D:\projstore\Ismail\Dr Koriche\Intense Rainfall and Flash Flooding\Data\ATLAS 14\NOAA_Atlas14_Alabama_PDS\raw_noaa_responses\01-1300_pds_frequency.csv,failed,https://hdsc.nws.noaa.gov/cgi-bin/new/fe_text.csv?lat=32.033300&lon=-87.316700&data=depth&units=metric&series=pds,0,"ValueError: The NOAA response was recognized, but no duration and recurrence-interval records were parsed."
01-1301,CAMDEN 3 NW,32.0289,-87.3167,D:\projstore\Ismail\Dr Koriche\Intense Rainfall and Flash Flooding\Data\ATLAS 14\NOAA_Atlas14_Alabama_PDS\raw_noaa_responses\01-1301_pds_frequency.csv,failed,https://hdsc.nws.noaa.gov/cgi-bin/new/fe_text.csv?lat=32.028900&lon=-87.316700&data=depth&units=metric&series=pds,0,"ValueError: The NOAA response was recognized, but no duration and recurrence-interval records were parsed."
01-1324,CAMP HILL 2NW,32.8236,-85.6561,D:\projstore\Ismail\Dr Koriche\Intense Rainfall and Flash Flooding\Data\ATLAS 14\NOAA_Atlas14_Alabama_PDS\raw_noaa_responses\01-1324_pds_frequency.csv,failed,https://hdsc.nws.noaa.gov/cgi-bin/new/fe_text.csv?lat=32.823600&lon=-85.656100&data=depth&units=metric&series=pds,0,"ValueError: The NOAA response was recognized, but no duration and recurrence-interval records were parsed."
01-1377,CARBON HILL,33.8925,-87.5283,D:\projstore\Ismail\Dr Koriche\Intense Rainfall and Flash Flooding\Data\ATLAS 14\NOAA_Atlas14_Alabama_PDS\raw_noaa_responses\01-1377_pds_frequency.csv,failed,https://hdsc.nws.noaa.gov/cgi-bin/new/fe_text.csv?lat=33.892500&lon=-87.528300&data=depth&units=metric&series=pds,0,"ValueError: The NOAA response was recognized, but no duration and recurrence-interval records were parsed."
01-1520,CENTREVILLE,32.95,-87.1333,D:\projstore\Ismail\Dr Koriche\Intense Rainfall and Flash Flooding\Data\ATLAS 14\NOAA_Atlas14_Alabama_PDS\raw_noaa_responses\01-1520_pds_frequency.csv,failed,https://hdsc.nws.noaa.gov/cgi-bin/new/fe_text.csv?lat=32.950000&lon=-87.133300&data=depth&units=metric&series=pds,0,"ValueError: The NOAA response was recognized, but no duration and recurrence-interval records were parsed."
01-1525,CENTREVILLE 6 SW,32.8661,-87.2383,D:\projstore\Ismail\Dr Koriche\Intense Rainfall and Flash Flooding\Data\ATLAS 14\NOAA_Atlas14_Alabama_PDS\raw_noaa_responses\01-1525_pds_frequency.csv,failed,https://hdsc.nws.noaa.gov/cgi-bin/new/fe_text.csv?lat=32.866100&lon=-87.238300&data=depth&units=metric&series=pds,0,"ValueError: The NOAA response was recognized, but no duration and recurrence-interval records were parsed."
01-1566,CHATOM,31.4714,-88.2503,D:\projstore\Ismail\Dr Koriche\Intense Rainfall and Flash Flooding\Data\ATLAS 14\NOAA_Atlas14_Alabama_PDS\raw_noaa_responses\01-1566_pds_frequency.csv,failed,https://hdsc.nws.noaa.gov/cgi-bin/new/fe_text.csv?lat=31.471400&lon=-88.250300&data=depth&units=metric&series=pds,0,"ValueError: The NOAA response was recognized, but no duration and recurrence-interval records were parsed."
01-1615,CHILDERSBURG,33.2833,-86.3667,D:\projstore\Ismail\Dr Koriche\Intense Rainfall and Flash Flooding\Data\ATLAS 14\NOAA_Atlas14_Alabama_PDS\raw_noaa_responses\01-1615_pds_frequency.csv,failed,https://hdsc.nws.noaa.gov/cgi-bin/new/fe_text.csv?lat=33.283300&lon=-86.366700&data=depth&units=metric&series=pds,0,"ValueError: The NOAA response was recognized, but no duration and recurrence-interval records were parsed."
01-1620,CHILDERSBURG WTR PL,33.285,-86.3431,D:\projstore\Ismail\Dr Koriche\Intense Rainfall and Flash Flooding\Data\ATLAS 14\NOAA_Atlas14_Alabama_PDS\raw_noaa_responses\01-1620_pds_frequency.csv,failed,https://hdsc.nws.noaa.gov/cgi-bin/new/fe_text.csv?lat=33.285000&lon=-86.343100&data=depth&units=metric&series=pds,0,"ValueError: The NOAA response was recognized, but no duration and recurrence-interval records were parsed."
01-1690,CLAIBORNE L&D,31.6147,-87.5503,D:\projstore\Ismail\Dr Koriche\Intense Rainfall and Flash Flooding\Data\ATLAS 14\NOAA_Atlas14_Alabama_PDS\raw_noaa_responses\01-1690_pds_frequency.csv,failed,https://hdsc.nws.noaa.gov/cgi-bin/new/fe_text.csv?lat=31.614700&lon=-87.550300&data=depth&units=metric&series=pds,0,"ValueError: The NOAA response was recognized, but no duration and recurrence-interval records were parsed."
01-1694,CLANTON,32.82,-86.6522,D:\projstore\Ismail\Dr Koriche\Intense Rainfall and Flash Flooding\Data\ATLAS 14\NOAA_Atlas14_Alabama_PDS\raw_noaa_responses\01-1694_pds_frequency.csv,failed,https://hdsc.nws.noaa.gov/cgi-bin/new/fe_text.csv?lat=32.820000&lon=-86.652200&data=depth&units=metric&series=pds,0,"ValueError: The NOAA response was recognized, but no duration and recurrence-interval records were parsed."
01-1725,CLAYTON,31.8844,-85.4789,D:\projstore\Ismail\Dr Koriche\Intense Rainfall and Flash Flooding\Data\ATLAS 14\NOAA_Atlas14_Alabama_PDS\raw_noaa_responses\01-1725_pds_frequency.csv,failed,https://hdsc.nws.noaa.gov/cgi-bin/new/fe_text.csv?lat=31.884400&lon=-85.478900&data=depth&units=metric&series=pds,0,"ValueError: The NOAA response was recognized, but no duration and recurrence-interval records were parsed."
01-1799,COCHRANE 2 E,33.0833,-88.2333,D:\projstore\Ismail\Dr Koriche\Intense Rainfall and Flash Flooding\Data\ATLAS 14\NOAA_Atlas14_Alabama_PDS\raw_noaa_responses\01-1799_pds_frequency.csv,failed,https://hdsc.nws.noaa.gov/cgi-bin/new/fe_text.csv?lat=33.083300&lon=-88.233300&data=depth&units=metric&series=pds,0,"ValueError: The NOAA response was recognized, but no duration and recurrence-interval records were parsed."
01-1803,CODEN,30.3878,-88.2281,D:\projstore\Ismail\Dr Koriche\Intense Rainfall and Flash Flooding\Data\ATLAS 14\NOAA_Atlas14_Alabama_PDS\raw_noaa_responses\01-1803_pds_frequency.csv,failed,https://hdsc.nws.noaa.gov/cgi-bin/new/fe_text.csv?lat=30.387800&lon=-88.228100&data=depth&units=metric&series=pds,0,"ValueError: The NOAA response was recognized, but no duration and recurrence-interval records were parsed."
01-1807,COFFEE SPRINGS 2 NW,31.1833,-85.9333,D:\projstore\Ismail\Dr Koriche\Intense Rainfall and Flash Flooding\Data\ATLAS 14\NOAA_Atlas14_Alabama_PDS\raw_noaa_responses\01-1807_pds_frequency.csv,failed,https://hdsc.nws.noaa.gov/cgi-bin/new/fe_text.csv?lat=31.183300&lon=-85.933300&data=depth&units=metric&series=pds,0,"ValueError: The NOAA response was recognized, but no duration and recurrence-interval records were parsed."
01-1819,COLBERT STEAM PLT,34.75,-87.85,D:\projstore\Ismail\Dr Koriche\Intense Rainfall and Flash Flooding\Data\ATLAS 14\NOAA_Atlas14_Alabama_PDS\raw_noaa_responses\01-1819_pds_frequency.csv,failed,https://hdsc.nws.noaa.gov/cgi-bin/new/fe_text.csv?lat=34.750000&lon=-87.850000&data=depth&units=metric&series=pds,0,"ValueError: The NOAA response was recognized, but no duration and recurrence-interval records were parsed."
01-1849,COLLINSVILLE,34.25,-85.8833,D:\projstore\Ismail\Dr Koriche\Intense Rainfall and Flash Flooding\Data\ATLAS 14\NOAA_Atlas14_Alabama_PDS\raw_noaa_responses\01-1849_pds_frequency.csv,failed,https://hdsc.nws.noaa.gov/cgi-bin/new/fe_text.csv?lat=34.250000&lon=-85.883300&data=depth&units=metric&series=pds,0,"ValueError: The NOAA response was recognized, but no duration and recurrence-interval records were parsed."
01-1940,CORDOVA 2 ENE,33.75,-87.15,D:\projstore\Ismail\Dr Koriche\Intense Rainfall and Flash Flooding\Data\ATLAS 14\NOAA_Atlas14_Alabama_PDS\raw_noaa_responses\01-1940_pds_frequency.csv,failed,https://hdsc.nws.noaa.gov/cgi-bin/new/fe_text.csv?lat=33.750000&lon=-87.150000&data=depth&units=metric&series=pds,0,"ValueError: The NOAA response was recognized, but no duration and recurrence-interval records were parsed."
01-2079,CUBA,32.4333,-88.3833,D:\projstore\Ismail\Dr Koriche\Intense Rainfall and Flash Flooding\Data\ATLAS 14\NOAA_Atlas14_Alabama_PDS\raw_noaa_responses\01-2079_pds_frequency.csv,failed,https://hdsc.nws.noaa.gov/cgi-bin/new/fe_text.csv?lat=32.433300&lon=-88.383300&data=depth&units=metric&series=pds,0,"ValueError: The NOAA response was recognized, but no duration and recurrence-interval records were parsed."
01-2119,DADEVILLE,32.8167,-85.75,D:\projstore\Ismail\Dr Koriche\Intense Rainfall and Flash Flooding\Data\ATLAS 14\NOAA_Atlas14_Alabama_PDS\raw_noaa_responses\01-2119_pds_frequency.csv,failed,https://hdsc.nws.noaa.gov/cgi-bin/new/fe_text.csv?lat=32.816700&lon=-85.750000&data=depth&units=metric&series=pds,0,"ValueError: The NOAA response was recognized, but no duration and recurrence-interval records were parsed."
01-2124,DADEVILLE 2,32.8622,-85.7358,D:\projstore\Ismail\Dr Koriche\Intense Rainfall and Flash Flooding\Data\ATLAS 14\NOAA_Atlas14_Alabama_PDS\raw_noaa_responses\01-2124_pds_frequency.csv,failed,https://hdsc.nws.noaa.gov/cgi-bin/new/fe_text.csv?lat=32.862200&lon=-85.735800&data=depth&units=metric&series=pds,0,"ValueError: The NOAA response was recognized, but no duration and recurrence-interval records were parsed."
01-2141,DANCY 4 N,33.0667,-88.2833,D:\projstore\Ismail\Dr Koriche\Intense Rainfall and Flash Flooding\Data\ATLAS 14\NOAA_Atlas14_Alabama_PDS\raw_noaa_responses\01-2141_pds_frequency.csv,failed,https://hdsc.nws.noaa.gov/cgi-bin/new/fe_text.csv?lat=33.066700&lon=-88.283300&data=depth&units=metric&series=pds,0,"ValueError: The NOAA response was recognized, but no duration and recurrence-interval records were parsed."
01-2172,DAUPHIN ISLAND #2,30.25,-88.0833,D:\projstore\Ismail\Dr Koriche\Intense Rainfall and Flash Flooding\Data\ATLAS 14\NOAA_Atlas14_Alabama_PDS\raw_noaa_responses\01-2172_pds_frequency.csv,failed,https://hdsc.nws.noaa.gov/cgi-bin/new/fe_text.csv?lat=30.250000&lon=-88.083300&data=depth&units=metric&series=pds,0,"ValueError: The NOAA response was recognized, but no duration and recurrence-interval records were parsed."
01-2188,DAYTON 1 N,32.3667,-87.65,D:\projstore\Ismail\Dr Koriche\Intense Rainfall and Flash Flooding\Data\ATLAS 14\NOAA_Atlas14_Alabama_PDS\raw_noaa_responses\01-2188_pds_frequency.csv,failed,https://hdsc.nws.noaa.gov/cgi-bin/new/fe_text.csv?lat=32.366700&lon=-87.650000&data=depth&units=metric&series=pds,0,"ValueError: The NOAA response was recognized, but no duration and recurrence-interval records were parsed."
01-2207,DECATUR,34.5833,-86.9667,D:\projstore\Ismail\Dr Koriche\Intense Rainfall and Flash Flooding\Data\ATLAS 14\NOAA_Atlas14_Alabama_PDS\raw_noaa_responses\01-2207_pds_frequency.csv,failed,https://hdsc.nws.noaa.gov/cgi-bin/new/fe_text.csv?lat=34.583300&lon=-86.966700&data=depth&units=metric&series=pds,0,"ValueError: The NOAA response was recognized, but no duration and recurrence-interval records were parsed."
01-2240,DEMOPOLIS LOCK 4,32.5167,-87.85,D:\projstore\Ismail\Dr Koriche\Intense Rainfall and Flash Flooding\Data\ATLAS 14\NOAA_Atlas14_Alabama_PDS\raw_noaa_responses\01-2240_pds_frequency.csv,failed,https://hdsc.nws.noaa.gov/cgi-bin/new/fe_text.csv?lat=32.516700&lon=-87.850000&data=depth&units=metric&series=pds,0,"ValueError: The NOAA response was recognized, but no duration and recurrence-interval records were parsed."
01-2245,DEMOPOLIS L&D,32.5192,-87.8794,D:\projstore\Ismail\Dr Koriche\Intense Rainfall and Flash Flooding\Data\ATLAS 14\NOAA_Atlas14_Alabama_PDS\raw_noaa_responses\01-2245_pds_frequency.csv,failed,https://hdsc.nws.noaa.gov/cgi-bin/new/fe_text.csv?lat=32.519200&lon=-87.879400&data=depth&units=metric&series=pds,0,"ValueError: The NOAA response was recognized, but no duration and recurrence-interval records were parsed."
01-2350,DORA,33.7386,-87.0792,D:\projstore\Ismail\Dr Koriche\Intense Rainfall and Flash Flooding\Data\ATLAS 14\NOAA_Atlas14_Alabama_PDS\raw_noaa_responses\01-2350_pds_frequency.csv,failed,https://hdsc.nws.noaa.gov/cgi-bin/new/fe_text.csv?lat=33.738600&lon=-87.079200&data=depth&units=metric&series=pds,0,"ValueError: The NOAA response was recognized, but no duration and recurrence-interval records were parsed."
01-2372,DOTHAN FAA AP,31.3167,-85.45,D:\projstore\Ismail\Dr Koriche\Intense Rainfall and Flash Flooding\Data\ATLAS 14\NOAA_Atlas14_Alabama_PDS\raw_noaa_responses\01-2372_pds_frequency.csv,failed,https://hdsc.nws.noaa.gov/cgi-bin/new/fe_text.csv?lat=31.316700&lon=-85.450000&data=depth&units=metric&series=pds,0,"ValueError: The NOAA response was recognized, but no duration and recurrence-interval records were parsed."
01-2377,DOTHAN,31.1942,-85.3708,D:\projstore\Ismail\Dr Koriche\Intense Rainfall and Flash Flooding\Data\ATLAS 14\NOAA_Atlas14_Alabama_PDS\raw_noaa_responses\01-2377_pds_frequency.csv,failed,https://hdsc.nws.noaa.gov/cgi-bin/new/fe_text.csv?lat=31.194200&lon=-85.370800&data=depth&units=metric&series=pds,0,"ValueError: The NOAA response was recognized, but no duration and recurrence-interval records were parsed."
01-2577,ELBA,31.4239,-86.0667,D:\projstore\Ismail\Dr Koriche\Intense Rainfall and Flash Flooding\Data\ATLAS 14\NOAA_Atlas14_Alabama_PDS\raw_noaa_responses\01-2577_pds_frequency.csv,failed,https://hdsc.nws.noaa.gov/cgi-bin/new/fe_text.csv?lat=31.423900&lon=-86.066700&data=depth&units=metric&series=pds,0,"ValueError: The NOAA response was recognized, but no duration and recurrence-interval records were parsed."
01-2632,ELROD,33.2569,-87.7972,D:\projstore\Ismail\Dr Koriche\Intense Rainfall and Flash Flooding\Data\ATLAS 14\NOAA_Atlas14_Alabama_PDS\raw_noaa_responses\01-2632_pds_frequency.csv,failed,https://hdsc.nws.noaa.gov/cgi-bin/new/fe_text.csv?lat=33.256900&lon=-87.797200&data=depth&units=metric&series=pds,0,"ValueError: The NOAA response was recognized, but no duration and recurrence-interval records were parsed."
01-2670,ENTERPRISE,31.3167,-85.85,D:\projstore\Ismail\Dr Koriche\Intense Rainfall and Flash Flooding\Data\ATLAS 14\NOAA_Atlas14_Alabama_PDS\raw_noaa_responses\01-2670_pds_frequency.csv,failed,https://hdsc.nws.noaa.gov/cgi-bin/new/fe_text.csv?lat=31.316700&lon=-85.850000&data=depth&units=metric&series=pds,0,"ValueError: The NOAA response was recognized, but no duration and recurrence-interval records were parsed."
01-2675,ENTERPRISE 2 W,31.3147,-85.8797,D:\projstore\Ismail\Dr Koriche\Intense Rainfall and Flash Flooding\Data\ATLAS 14\NOAA_Atlas14_Alabama_PDS\raw_noaa_responses\01-2675_pds_frequency.csv,failed,https://hdsc.nws.noaa.gov/cgi-bin/new/fe_text.csv?lat=31.314700&lon=-85.879700&data=depth&units=metric&series=pds,0,"ValueError: The NOAA response was recognized, but no duration and recurrence-interval records were parsed."
01-2727,EUFAULA,31.8667,-85.15,D:\projstore\Ismail\Dr Koriche\Intense Rainfall and Flash Flooding\Data\ATLAS 14\NOAA_Atlas14_Alabama_PDS\raw_noaa_responses\01-2727_pds_frequency.csv,failed,https://hdsc.nws.noaa.gov/cgi-bin/new/fe_text.csv?lat=31.866700&lon=-85.150000&data=depth&units=metric&series=pds,0,"ValueError: The NOAA response was recognized, but no duration and recurrence-interval records were parsed."
01-2730,EUFAULA WILDLIFE REF,32.0086,-85.0919,D:\projstore\Ismail\Dr Koriche\Intense Rainfall and Flash Flooding\Data\ATLAS 14\NOAA_Atlas14_Alabama_PDS\raw_noaa_responses\01-2730_pds_frequency.csv,failed,https://hdsc.nws.noaa.gov/cgi-bin/new/fe_text.csv?lat=32.008600&lon=-85.091900&data=depth&units=metric&series=pds,0,"ValueError: The NOAA response was recognized, but no duration and recurrence-interval records were parsed."
01-2742,WARRIOR L&D,32.7833,-87.8333,D:\projstore\Ismail\Dr Koriche\Intense Rainfall and Flash Flooding\Data\ATLAS 14\NOAA_Atlas14_Alabama_PDS\raw_noaa_responses\01-2742_pds_frequency.csv,failed,https://hdsc.nws.noaa.gov/cgi-bin/new/fe_text.csv?lat=32.783300&lon=-87.833300&data=depth&units=metric&series=pds,0,"ValueError: The NOAA response was recognized, but no duration and recurrence-interval records were parsed."
01-2758,EVERGREEN,31.4449,-86.9532,D:\projstore\Ismail\Dr Koriche\Intense Rainfall and Flash Flooding\Data\ATLAS 14\NOAA_Atlas14_Alabama_PDS\raw_noaa_responses\01-2758_pds_frequency.csv,failed,https://hdsc.nws.noaa.gov/cgi-bin/new/fe_text.csv?lat=31.444900&lon=-86.953200&data=depth&units=metric&series=pds,0,"ValueError: The NOAA response was recognized, but no duration and recurrence-interval records were parsed."
01-2763,EVERGREEN FAA AP,31.4167,-87.0333,D:\projstore\Ismail\Dr Koriche\Intense Rainfall and Flash Flooding\Data\ATLAS 14\NOAA_Atlas14_Alabama_PDS\raw_noaa_responses\01-2763_pds_frequency.csv,failed,https://hdsc.nws.noaa.gov/cgi-bin/new/fe_text.csv?lat=31.416700&lon=-87.033300&data=depth&units=metric&series=pds,0,"ValueError: The NOAA response was recognized, but no duration and recurrence-interval records were parsed."
01-2813,FAIRHOPE 2 NE,30.5467,-87.8808,D:\projstore\Ismail\Dr Koriche\Intense Rainfall and Flash Flooding\Data\ATLAS 14\NOAA_Atlas14_Alabama_PDS\raw_noaa_responses\01-2813_pds_frequency.csv,failed,https://hdsc.nws.noaa.gov/cgi-bin/new/fe_text.csv?lat=30.546700&lon=-87.880800&data=depth&units=metric&series=pds,0,"ValueError: The NOAA response was recognized, but no duration and recurrence-interval records were parsed."
01-2840,FALKVILLE 1 E,34.3667,-86.8833,D:\projstore\Ismail\Dr Koriche\Intense Rainfall and Flash Flooding\Data\ATLAS 14\NOAA_Atlas14_Alabama_PDS\raw_noaa_responses\01-2840_pds_frequency.csv,failed,https://hdsc.nws.noaa.gov/cgi-bin/new/fe_text.csv?lat=34.366700&lon=-86.883300&data=depth&units=metric&series=pds,0,"ValueError: The NOAA response was recognized, but no duration and recurrence-interval records were parsed."
01-2883,FAYETTE,33.6847,-87.8219,D:\projstore\Ismail\Dr Koriche\Intense Rainfall and Flash Flooding\Data\ATLAS 14\NOAA_Atlas14_Alabama_PDS\raw_noaa_responses\01-2883_pds_frequency.csv,failed,https://hdsc.nws.noaa.gov/cgi-bin/new/fe_text.csv?lat=33.684700&lon=-87.821900&data=depth&units=metric&series=pds,0,"ValueError: The NOAA response was recognized, but no duration and recurrence-interval records were parsed."
01-2971,FLORENCE,34.8,-87.6833,D:\projstore\Ismail\Dr Koriche\Intense Rainfall and Flash Flooding\Data\ATLAS 14\NOAA_Atlas14_Alabama_PDS\raw_noaa_responses\01-2971_pds_frequency.csv,failed,https://hdsc.nws.noaa.gov/cgi-bin/new/fe_text.csv?lat=34.800000&lon=-87.683300&data=depth&units=metric&series=pds,0,"ValueError: The NOAA response was recognized, but no duration and recurrence-interval records were parsed."
01-2976,FLORENCE AT LOCK,34.7833,-87.6667,D:\projstore\Ismail\Dr Koriche\Intense Rainfall and Flash Flooding\Data\ATLAS 14\NOAA_Atlas14_Alabama_PDS\raw_noaa_responses\01-2976_pds_frequency.csv,failed,https://hdsc.nws.noaa.gov/cgi-bin/new/fe_text.csv?lat=34.783300&lon=-87.666700&data=depth&units=metric&series=pds,0,"ValueError: The NOAA response was recognized, but no duration and recurrence-interval records were parsed."
01-3024,FT DEPOSIT,31.9833,-86.5833,D:\projstore\Ismail\Dr Koriche\Intense Rainfall and Flash Flooding\Data\ATLAS 14\NOAA_Atlas14_Alabama_PDS\raw_noaa_responses\01-3024_pds_frequency.csv,failed,https://hdsc.nws.noaa.gov/cgi-bin/new/fe_text.csv?lat=31.983300&lon=-86.583300&data=depth&units=metric&series=pds,0,"ValueError: The NOAA response was recognized, but no duration and recurrence-interval records were parsed."
01-3035,FT MORGAN,30.2333,-88.0167,D:\projstore\Ismail\Dr Koriche\Intense Rainfall and Flash Flooding\Data\ATLAS 14\NOAA_Atlas14_Alabama_PDS\raw_noaa_responses\01-3035_pds_frequency.csv,failed,https://hdsc.nws.noaa.gov/cgi-bin/new/fe_text.csv?lat=30.233300&lon=-88.016700&data=depth&units=metric&series=pds,0,"ValueError: The NOAA response was recognized, but no duration and recurrence-interval records were parsed."
01-3043,FT PAYNE,34.4406,-85.7236,D:\projstore\Ismail\Dr Koriche\Intense Rainfall and Flash Flooding\Data\ATLAS 14\NOAA_Atlas14_Alabama_PDS\raw_noaa_responses\01-3043_pds_frequency.csv,failed,https://hdsc.nws.noaa.gov/cgi-bin/new/fe_text.csv?lat=34.440600&lon=-85.723600&data=depth&units=metric&series=pds,0,"ValueError: The NOAA response was recognized, but no duration and recurrence-interval records were parsed."
01-3105,FRISCO CITY 3 SSW,31.3894,-87.4203,D:\projstore\Ismail\Dr Koriche\Intense Rainfall and Flash Flooding\Data\ATLAS 14\NOAA_Atlas14_Alabama_PDS\raw_noaa_responses\01-3105_pds_frequency.csv,failed,https://hdsc.nws.noaa.gov/cgi-bin/new/fe_text.csv?lat=31.389400&lon=-87.420300&data=depth&units=metric&series=pds,0,"ValueError: The NOAA response was recognized, but no duration and recurrence-interval records were parsed."
01-3151,GADSDEN,34.0167,-86.0,D:\projstore\Ismail\Dr Koriche\Intense Rainfall and Flash Flooding\Data\ATLAS 14\NOAA_Atlas14_Alabama_PDS\raw_noaa_responses\01-3151_pds_frequency.csv,failed,https://hdsc.nws.noaa.gov/cgi-bin/new/fe_text.csv?lat=34.016700&lon=-86.000000&data=depth&units=metric&series=pds,0,"ValueError: The NOAA response was recognized, but no duration and recurrence-interval records were parsed."
01-3154,GADSDEN,34.0219,-85.9878,D:\projstore\Ismail\Dr Koriche\Intense Rainfall and Flash Flooding\Data\ATLAS 14\NOAA_Atlas14_Alabama_PDS\raw_noaa_responses\01-3154_pds_frequency.csv,failed,https://hdsc.nws.noaa.gov/cgi-bin/new/fe_text.csv?lat=34.021900&lon=-85.987800&data=depth&units=metric&series=pds,0,"ValueError: The NOAA response was recognized, but no duration and recurrence-interval records were parsed."
01-3160,GAINESVILLE LOCK,32.8347,-88.1342,D:\projstore\Ismail\Dr Koriche\Intense Rainfall and Flash Flooding\Data\ATLAS 14\NOAA_Atlas14_Alabama_PDS\raw_noaa_responses\01-3160_pds_frequency.csv,failed,https://hdsc.nws.noaa.gov/cgi-bin/new/fe_text.csv?lat=32.834700&lon=-88.134200&data=depth&units=metric&series=pds,0,"ValueError: The NOAA response was recognized, but no duration and recurrence-interval records were parsed."
01-3200,GARDEN CITY,34.0167,-86.75,D:\projstore\Ismail\Dr Koriche\Intense Rainfall and Flash Flooding\Data\ATLAS 14\NOAA_Atlas14_Alabama_PDS\raw_noaa_responses\01-3200_pds_frequency.csv,failed,https://hdsc.nws.noaa.gov/cgi-bin/new/fe_text.csv?lat=34.016700&lon=-86.750000&data=depth&units=metric&series=pds,0,"ValueError: The NOAA response was recognized, but no duration and recurrence-interval records were parsed."
01-3251,GENEVA #2,31.0383,-85.8708,D:\projstore\Ismail\Dr Koriche\Intense Rainfall and Flash Flooding\Data\ATLAS 14\NOAA_Atlas14_Alabama_PDS\raw_noaa_responses\01-3251_pds_frequency.csv,failed,https://hdsc.nws.noaa.gov/cgi-bin/new/fe_text.csv?lat=31.038300&lon=-85.870800&data=depth&units=metric&series=pds,0,"ValueError: The NOAA response was recognized, but no duration and recurrence-interval records were parsed."
01-3255,GENEVA,31.0386,-85.87,D:\projstore\Ismail\Dr Koriche\Intense Rainfall and Flash Flooding\Data\ATLAS 14\NOAA_Atlas14_Alabama_PDS\raw_noaa_responses\01-3255_pds_frequency.csv,failed,https://hdsc.nws.noaa.gov/cgi-bin/new/fe_text.csv?lat=31.038600&lon=-85.870000&data=depth&units=metric&series=pds,0,"ValueError: The NOAA response was recognized, but no duration and recurrence-interval records were parsed."
01-3271,GEORGIANA,31.6772,-86.8061,D:\projstore\Ismail\Dr Koriche\Intense Rainfall and Flash Flooding\Data\ATLAS 14\NOAA_Atlas14_Alabama_PDS\raw_noaa_responses\01-3271_pds_frequency.csv,failed,https://hdsc.nws.noaa.gov/cgi-bin/new/fe_text.csv?lat=31.677200&lon=-86.806100&data=depth&units=metric&series=pds,0,"ValueError: The NOAA response was recognized, but no duration and recurrence-interval records were parsed."
01-3399,GOODWATER,33.0667,-86.05,D:\projstore\Ismail\Dr Koriche\Intense Rainfall and Flash Flooding\Data\ATLAS 14\NOAA_Atlas14_Alabama_PDS\raw_noaa_responses\01-3399_pds_frequency.csv,failed,https://hdsc.nws.noaa.gov/cgi-bin/new/fe_text.csv?lat=33.066700&lon=-86.050000&data=depth&units=metric&series=pds,0,"ValueError: The NOAA response was recognized, but no duration and recurrence-interval records were parsed."
01-3430,GORGAS 2 ENE,33.6667,-87.1833,D:\projstore\Ismail\Dr Koriche\Intense Rainfall and Flash Flooding\Data\ATLAS 14\NOAA_Atlas14_Alabama_PDS\raw_noaa_responses\01-3430_pds_frequency.csv,failed,https://hdsc.nws.noaa.gov/cgi-bin/new/fe_text.csv?lat=33.666700&lon=-87.183300&data=depth&units=metric&series=pds,0,"ValueError: The NOAA response was recognized, but no duration and recurrence-interval records were parsed."
01-3511,GREENSBORO,32.7017,-87.5808,D:\projstore\Ismail\Dr Koriche\Intense Rainfall and Flash Flooding\Data\ATLAS 14\NOAA_Atlas14_Alabama_PDS\raw_noaa_responses\01-3511_pds_frequency.csv,failed,https://hdsc.nws.noaa.gov/cgi-bin/new/fe_text.csv?lat=32.701700&lon=-87.580800&data=depth&units=metric&series=pds,0,"ValueError: The NOAA response was recognized, but no duration and recurrence-interval records were parsed."
01-3519,GREENVILLE,31.7901,-86.6087,D:\projstore\Ismail\Dr Koriche\Intense Rainfall and Flash Flooding\Data\ATLAS 14\NOAA_Atlas14_Alabama_PDS\raw_noaa_responses\01-3519_pds_frequency.csv,failed,https://hdsc.nws.noaa.gov/cgi-bin/new/fe_text.csv?lat=31.790100&lon=-86.608700&data=depth&units=metric&series=pds,0,"ValueError: The NOAA response was recognized, but no duration and recurrence-interval records were parsed."
01-3524,GREENVILLE 2,31.8333,-86.6333,D:\projstore\Ismail\Dr Koriche\Intense Rainfall and Flash Flooding\Data\ATLAS 14\NOAA_Atlas14_Alabama_PDS\raw_noaa_responses\01-3524_pds_frequency.csv,failed,https://hdsc.nws.noaa.gov/cgi-bin/new/fe_text.csv?lat=31.833300&lon=-86.633300&data=depth&units=metric&series=pds,0,"ValueError: The NOAA response was recognized, but no duration and recurrence-interval records were parsed."
01-3573,GUNTERSVILLE,34.3344,-86.3297,D:\projstore\Ismail\Dr Koriche\Intense Rainfall and Flash Flooding\Data\ATLAS 14\NOAA_Atlas14_Alabama_PDS\raw_noaa_responses\01-3573_pds_frequency.csv,failed,https://hdsc.nws.noaa.gov/cgi-bin/new/fe_text.csv?lat=34.334400&lon=-86.329700&data=depth&units=metric&series=pds,0,"ValueError: The NOAA response was recognized, but no duration and recurrence-interval records were parsed."
01-3620,HALEYVILLE,34.2311,-87.6347,D:\projstore\Ismail\Dr Koriche\Intense Rainfall and Flash Flooding\Data\ATLAS 14\NOAA_Atlas14_Alabama_PDS\raw_noaa_responses\01-3620_pds_frequency.csv,failed,https://hdsc.nws.noaa.gov/cgi-bin/new/fe_text.csv?lat=34.231100&lon=-87.634700&data=depth&units=metric&series=pds,0,"ValueError: The NOAA response was recognized, but no duration and recurrence-interval records were parsed."
01-3644,HAMILTON,34.1333,-87.9833,D:\projstore\Ismail\Dr Koriche\Intense Rainfall and Flash Flooding\Data\ATLAS 14\NOAA_Atlas14_Alabama_PDS\raw_noaa_responses\01-3644_pds_frequency.csv,failed,https://hdsc.nws.noaa.gov/cgi-bin/new/fe_text.csv?lat=34.133300&lon=-87.983300&data=depth&units=metric&series=pds,0,"ValueError: The NOAA response was recognized, but no duration and recurrence-interval records were parsed."
01-3645,HAMILTON 3 S,34.0967,-87.9914,D:\projstore\Ismail\Dr Koriche\Intense Rainfall and Flash Flooding\Data\ATLAS 14\NOAA_Atlas14_Alabama_PDS\raw_noaa_responses\01-3645_pds_frequency.csv,failed,https://hdsc.nws.noaa.gov/cgi-bin/new/fe_text.csv?lat=34.096700&lon=-87.991400&data=depth&units=metric&series=pds,0,"ValueError: The NOAA response was recognized, but no duration and recurrence-interval records were parsed."
01-3655,HANCEVILLE,34.0675,-86.7917,D:\projstore\Ismail\Dr Koriche\Intense Rainfall and Flash Flooding\Data\ATLAS 14\NOAA_Atlas14_Alabama_PDS\raw_noaa_responses\01-3655_pds_frequency.csv,failed,https://hdsc.nws.noaa.gov/cgi-bin/new/fe_text.csv?lat=34.067500&lon=-86.791700&data=depth&units=metric&series=pds,0,"ValueError: The NOAA response was recognized, but no duration and recurrence-interval records were parsed."
01-3748,HAYNEVILLE,32.1833,-86.5833,D:\projstore\Ismail\Dr Koriche\Intense Rainfall and Flash Flooding\Data\ATLAS 14\NOAA_Atlas14_Alabama_PDS\raw_noaa_responses\01-3748_pds_frequency.csv,failed,https://hdsc.nws.noaa.gov/cgi-bin/new/fe_text.csv?lat=32.183300&lon=-86.583300&data=depth&units=metric&series=pds,0,"ValueError: The NOAA response was recognized, but no duration and recurrence-interval records were parsed."
01-3761,HEADLAND,31.3625,-85.3397,D:\projstore\Ismail\Dr Koriche\Intense Rainfall and Flash Flooding\Data\ATLAS 14\NOAA_Atlas14_Alabama_PDS\raw_noaa_responses\01-3761_pds_frequency.csv,failed,https://hdsc.nws.noaa.gov/cgi-bin/new/fe_text.csv?lat=31.362500&lon=-85.339700&data=depth&units=metric&series=pds,0,"ValueError: The NOAA response was recognized, but no duration and recurrence-interval records were parsed."
01-3775,HEFLIN,33.6483,-85.6006,D:\projstore\Ismail\Dr Koriche\Intense Rainfall and Flash Flooding\Data\ATLAS 14\NOAA_Atlas14_Alabama_PDS\raw_noaa_responses\01-3775_pds_frequency.csv,failed,https://hdsc.nws.noaa.gov/cgi-bin/new/fe_text.csv?lat=33.648300&lon=-85.600600&data=depth&units=metric&series=pds,0,"ValueError: The NOAA response was recognized, but no duration and recurrence-interval records were parsed."
01-3781,HELENA,33.2725,-86.8336,D:\projstore\Ismail\Dr Koriche\Intense Rainfall and Flash Flooding\Data\ATLAS 14\NOAA_Atlas14_Alabama_PDS\raw_noaa_responses\01-3781_pds_frequency.csv,failed,https://hdsc.nws.noaa.gov/cgi-bin/new/fe_text.csv?lat=33.272500&lon=-86.833600&data=depth&units=metric&series=pds,0,"ValueError: The NOAA response was recognized, but no duration and recurrence-interval records were parsed."
01-3783,HELENA 1 S,33.2833,-86.85,D:\projstore\Ismail\Dr Koriche\Intense Rainfall and Flash Flooding\Data\ATLAS 14\NOAA_Atlas14_Alabama_PDS\raw_noaa_responses\01-3783_pds_frequency.csv,failed,https://hdsc.nws.noaa.gov/cgi-bin/new/fe_text.csv?lat=33.283300&lon=-86.850000&data=depth&units=metric&series=pds,0,"ValueError: The NOAA response was recognized, but no duration and recurrence-interval records were parsed."
01-3816,HIGHLAND HOME,31.8814,-86.2503,D:\projstore\Ismail\Dr Koriche\Intense Rainfall and Flash Flooding\Data\ATLAS 14\NOAA_Atlas14_Alabama_PDS\raw_noaa_responses\01-3816_pds_frequency.csv,failed,https://hdsc.nws.noaa.gov/cgi-bin/new/fe_text.csv?lat=31.881400&lon=-86.250300&data=depth&units=metric&series=pds,0,"ValueError: The NOAA response was recognized, but no duration and recurrence-interval records were parsed."
01-3842,HIGHTOWER,33.5172,-85.3781,D:\projstore\Ismail\Dr Koriche\Intense Rainfall and Flash Flooding\Data\ATLAS 14\NOAA_Atlas14_Alabama_PDS\raw_noaa_responses\01-3842_pds_frequency.csv,failed,https://hdsc.nws.noaa.gov/cgi-bin/new/fe_text.csv?lat=33.517200&lon=-85.378100&data=depth&units=metric&series=pds,0,"ValueError: The NOAA response was recognized, but no duration and recurrence-interval records were parsed."
01-3899,HODGES,34.3606,-87.9283,D:\projstore\Ismail\Dr Koriche\Intense Rainfall and Flash Flooding\Data\ATLAS 14\NOAA_Atlas14_Alabama_PDS\raw_noaa_responses\01-3899_pds_frequency.csv,failed,https://hdsc.nws.noaa.gov/cgi-bin/new/fe_text.csv?lat=34.360600&lon=-87.928300&data=depth&units=metric&series=pds,0,"ValueError: The NOAA response was recognized, but no duration and recurrence-interval records were parsed."
01-4064,HUNTSVILLE INTNL AP,34.6439,-86.7861,D:\projstore\Ismail\Dr Koriche\Intense Rainfall and Flash Flooding\Data\ATLAS 14\NOAA_Atlas14_Alabama_PDS\raw_noaa_responses\01-4064_pds_frequency.csv,failed,https://hdsc.nws.noaa.gov/cgi-bin/new/fe_text.csv?lat=34.643900&lon=-86.786100&data=depth&units=metric&series=pds,0,"ValueError: The NOAA response was recognized, but no duration and recurrence-interval records were parsed."
01-4068,HUNTSVILLE 4 SSE,34.7,-86.5833,D:\projstore\Ismail\Dr Koriche\Intense Rainfall and Flash Flooding\Data\ATLAS 14\NOAA_Atlas14_Alabama_PDS\raw_noaa_responses\01-4068_pds_frequency.csv,failed,https://hdsc.nws.noaa.gov/cgi-bin/new/fe_text.csv?lat=34.700000&lon=-86.583300&data=depth&units=metric&series=pds,0,"ValueError: The NOAA response was recognized, but no duration and recurrence-interval records were parsed."
01-4192,JACKSON LOCK 1,31.55,-88.0167,D:\projstore\Ismail\Dr Koriche\Intense Rainfall and Flash Flooding\Data\ATLAS 14\NOAA_Atlas14_Alabama_PDS\raw_noaa_responses\01-4192_pds_frequency.csv,failed,https://hdsc.nws.noaa.gov/cgi-bin/new/fe_text.csv?lat=31.550000&lon=-88.016700&data=depth&units=metric&series=pds,0,"ValueError: The NOAA response was recognized, but no duration and recurrence-interval records were parsed."
01-4193,JACKSON,31.525,-87.9278,D:\projstore\Ismail\Dr Koriche\Intense Rainfall and Flash Flooding\Data\ATLAS 14\NOAA_Atlas14_Alabama_PDS\raw_noaa_responses\01-4193_pds_frequency.csv,failed,https://hdsc.nws.noaa.gov/cgi-bin/new/fe_text.csv?lat=31.525000&lon=-87.927800&data=depth&units=metric&series=pds,0,"ValueError: The NOAA response was recognized, but no duration and recurrence-interval records were parsed."
01-4209,JACKSONVILLE,33.8164,-85.7661,D:\projstore\Ismail\Dr Koriche\Intense Rainfall and Flash Flooding\Data\ATLAS 14\NOAA_Atlas14_Alabama_PDS\raw_noaa_responses\01-4209_pds_frequency.csv,failed,https://hdsc.nws.noaa.gov/cgi-bin/new/fe_text.csv?lat=33.816400&lon=-85.766100&data=depth&units=metric&series=pds,0,"ValueError: The NOAA response was recognized, but no duration and recurrence-interval records were parsed."
01-4226,JASPER,33.9053,-87.315,D:\projstore\Ismail\Dr Koriche\Intense Rainfall and Flash Flooding\Data\ATLAS 14\NOAA_Atlas14_Alabama_PDS\raw_noaa_responses\01-4226_pds_frequency.csv,failed,https://hdsc.nws.noaa.gov/cgi-bin/new/fe_text.csv?lat=33.905300&lon=-87.315000&data=depth&units=metric&series=pds,0,"ValueError: The NOAA response was recognized, but no duration and recurrence-interval records were parsed."
01-4306,JORDAN DAM,32.6167,-86.25,D:\projstore\Ismail\Dr Koriche\Intense Rainfall and Flash Flooding\Data\ATLAS 14\NOAA_Atlas14_Alabama_PDS\raw_noaa_responses\01-4306_pds_frequency.csv,failed,https://hdsc.nws.noaa.gov/cgi-bin/new/fe_text.csv?lat=32.616700&lon=-86.250000&data=depth&units=metric&series=pds,0,"ValueError: The NOAA response was recognized, but no duration and recurrence-interval records were parsed."
01-4431,KINSTON,31.2403,-86.1947,D:\projstore\Ismail\Dr Koriche\Intense Rainfall and Flash Flooding\Data\ATLAS 14\NOAA_Atlas14_Alabama_PDS\raw_noaa_responses\01-4431_pds_frequency.csv,failed,https://hdsc.nws.noaa.gov/cgi-bin/new/fe_text.csv?lat=31.240300&lon=-86.194700&data=depth&units=metric&series=pds,0,"ValueError: The NOAA response was recognized, but no duration and recurrence-interval records were parsed."
01-4502,LAFAYETTE 2W,32.9069,-85.4336,D:\projstore\Ismail\Dr Koriche\Intense Rainfall and Flash Flooding\Data\ATLAS 14\NOAA_Atlas14_Alabama_PDS\raw_noaa_responses\01-4502_pds_frequency.csv,failed,https://hdsc.nws.noaa.gov/cgi-bin/new/fe_text.csv?lat=32.906900&lon=-85.433600&data=depth&units=metric&series=pds,0,"ValueError: The NOAA response was recognized, but no duration and recurrence-interval records were parsed."
01-4603,LAY DAM,32.9667,-86.5167,D:\projstore\Ismail\Dr Koriche\Intense Rainfall and Flash Flooding\Data\ATLAS 14\NOAA_Atlas14_Alabama_PDS\raw_noaa_responses\01-4603_pds_frequency.csv,failed,https://hdsc.nws.noaa.gov/cgi-bin/new/fe_text.csv?lat=32.966700&lon=-86.516700&data=depth&units=metric&series=pds,0,"ValueError: The NOAA response was recognized, but no duration and recurrence-interval records were parsed."
01-4619,LEEDS,33.5447,-86.5272,D:\projstore\Ismail\Dr Koriche\Intense Rainfall and Flash Flooding\Data\ATLAS 14\NOAA_Atlas14_Alabama_PDS\raw_noaa_responses\01-4619_pds_frequency.csv,failed,https://hdsc.nws.noaa.gov/cgi-bin/new/fe_text.csv?lat=33.544700&lon=-86.527200&data=depth&units=metric&series=pds,0,"ValueError: The NOAA response was recognized, but no duration and recurrence-interval records were parsed."
01-4627,LEESBURG,34.1833,-85.7667,D:\projstore\Ismail\Dr Koriche\Intense Rainfall and Flash Flooding\Data\ATLAS 14\NOAA_Atlas14_Alabama_PDS\raw_noaa_responses\01-4627_pds_frequency.csv,failed,https://hdsc.nws.noaa.gov/cgi-bin/new/fe_text.csv?lat=34.183300&lon=-85.766700&data=depth&units=metric&series=pds,0,"ValueError: The NOAA response was recognized, but no duration and recurrence-interval records were parsed."
01-4798,LIVINGSTON,32.5811,-88.1897,D:\projstore\Ismail\Dr Koriche\Intense Rainfall and Flash Flooding\Data\ATLAS 14\NOAA_Atlas14_Alabama_PDS\raw_noaa_responses\01-4798_pds_frequency.csv,failed,https://hdsc.nws.noaa.gov/cgi-bin/new/fe_text.csv?lat=32.581100&lon=-88.189700&data=depth&units=metric&series=pds,0,"ValueError: The NOAA response was recognized, but no duration and recurrence-interval records were parsed."
01-4845,LINCOLN LOCK 4,33.6333,-86.1833,D:\projstore\Ismail\Dr Koriche\Intense Rainfall and Flash Flooding\Data\ATLAS 14\NOAA_Atlas14_Alabama_PDS\raw_noaa_responses\01-4845_pds_frequency.csv,failed,https://hdsc.nws.noaa.gov/cgi-bin/new/fe_text.csv?lat=33.633300&lon=-86.183300&data=depth&units=metric&series=pds,0,"ValueError: The NOAA response was recognized, but no duration and recurrence-interval records were parsed."
01-4855,BANKHEAD L&D,33.45,-87.35,D:\projstore\Ismail\Dr Koriche\Intense Rainfall and Flash Flooding\Data\ATLAS 14\NOAA_Atlas14_Alabama_PDS\raw_noaa_responses\01-4855_pds_frequency.csv,failed,https://hdsc.nws.noaa.gov/cgi-bin/new/fe_text.csv?lat=33.450000&lon=-87.350000&data=depth&units=metric&series=pds,0,"ValueError: The NOAA response was recognized, but no duration and recurrence-interval records were parsed."
01-4976,MADISON,34.7,-86.75,D:\projstore\Ismail\Dr Koriche\Intense Rainfall and Flash Flooding\Data\ATLAS 14\NOAA_Atlas14_Alabama_PDS\raw_noaa_responses\01-4976_pds_frequency.csv,failed,https://hdsc.nws.noaa.gov/cgi-bin/new/fe_text.csv?lat=34.700000&lon=-86.750000&data=depth&units=metric&series=pds,0,"ValueError: The NOAA response was recognized, but no duration and recurrence-interval records were parsed."
01-4996,MAGELLA,33.5,-86.85,D:\projstore\Ismail\Dr Koriche\Intense Rainfall and Flash Flooding\Data\ATLAS 14\NOAA_Atlas14_Alabama_PDS\raw_noaa_responses\01-4996_pds_frequency.csv,failed,https://hdsc.nws.noaa.gov/cgi-bin/new/fe_text.csv?lat=33.500000&lon=-86.850000&data=depth&units=metric&series=pds,0,"ValueError: The NOAA response was recognized, but no duration and recurrence-interval records were parsed."
01-5108,MARION 1 N,32.6333,-87.3,D:\projstore\Ismail\Dr Koriche\Intense Rainfall and Flash Flooding\Data\ATLAS 14\NOAA_Atlas14_Alabama_PDS\raw_noaa_responses\01-5108_pds_frequency.csv,failed,https://hdsc.nws.noaa.gov/cgi-bin/new/fe_text.csv?lat=32.633300&lon=-87.300000&data=depth&units=metric&series=pds,0,"ValueError: The NOAA response was recognized, but no duration and recurrence-interval records were parsed."
01-5112,MARION 7 NE,32.7028,-87.2681,D:\projstore\Ismail\Dr Koriche\Intense Rainfall and Flash Flooding\Data\ATLAS 14\NOAA_Atlas14_Alabama_PDS\raw_noaa_responses\01-5112_pds_frequency.csv,failed,https://hdsc.nws.noaa.gov/cgi-bin/new/fe_text.csv?lat=32.702800&lon=-87.268100&data=depth&units=metric&series=pds,0,"ValueError: The NOAA response was recognized, but no duration and recurrence-interval records were parsed."
01-5116,MARION JUNCTION 2 E,32.45,-87.1833,D:\projstore\Ismail\Dr Koriche\Intense Rainfall and Flash Flooding\Data\ATLAS 14\NOAA_Atlas14_Alabama_PDS\raw_noaa_responses\01-5116_pds_frequency.csv,failed,https://hdsc.nws.noaa.gov/cgi-bin/new/fe_text.csv?lat=32.450000&lon=-87.183300&data=depth&units=metric&series=pds,0,"ValueError: The NOAA response was recognized, but no duration and recurrence-interval records were parsed."
01-5121,MARION JUNCTION 2 NE,32.4714,-87.2306,D:\projstore\Ismail\Dr Koriche\Intense Rainfall and Flash Flooding\Data\ATLAS 14\NOAA_Atlas14_Alabama_PDS\raw_noaa_responses\01-5121_pds_frequency.csv,failed,https://hdsc.nws.noaa.gov/cgi-bin/new/fe_text.csv?lat=32.471400&lon=-87.230600&data=depth&units=metric&series=pds,0,"ValueError: The NOAA response was recognized, but no duration and recurrence-interval records were parsed."
01-5140,MARTIN DAM,32.6667,-85.9167,D:\projstore\Ismail\Dr Koriche\Intense Rainfall and Flash Flooding\Data\ATLAS 14\NOAA_Atlas14_Alabama_PDS\raw_noaa_responses\01-5140_pds_frequency.csv,failed,https://hdsc.nws.noaa.gov/cgi-bin/new/fe_text.csv?lat=32.666700&lon=-85.916700&data=depth&units=metric&series=pds,0,"ValueError: The NOAA response was recognized, but no duration and recurrence-interval records were parsed."
01-5172,MATHEWS,32.2603,-86.0003,D:\projstore\Ismail\Dr Koriche\Intense Rainfall and Flash Flooding\Data\ATLAS 14\NOAA_Atlas14_Alabama_PDS\raw_noaa_responses\01-5172_pds_frequency.csv,failed,https://hdsc.nws.noaa.gov/cgi-bin/new/fe_text.csv?lat=32.260300&lon=-86.000300&data=depth&units=metric&series=pds,0,"ValueError: The NOAA response was recognized, but no duration and recurrence-interval records were parsed."
01-5354,MELVIN,31.9306,-88.4586,D:\projstore\Ismail\Dr Koriche\Intense Rainfall and Flash Flooding\Data\ATLAS 14\NOAA_Atlas14_Alabama_PDS\raw_noaa_responses\01-5354_pds_frequency.csv,failed,https://hdsc.nws.noaa.gov/cgi-bin/new/fe_text.csv?lat=31.930600&lon=-88.458600&data=depth&units=metric&series=pds,0,"ValueError: The NOAA response was recognized, but no duration and recurrence-interval records were parsed."
01-5397,MIDWAY,32.0597,-85.4953,D:\projstore\Ismail\Dr Koriche\Intense Rainfall and Flash Flooding\Data\ATLAS 14\NOAA_Atlas14_Alabama_PDS\raw_noaa_responses\01-5397_pds_frequency.csv,failed,https://hdsc.nws.noaa.gov/cgi-bin/new/fe_text.csv?lat=32.059700&lon=-85.495300&data=depth&units=metric&series=pds,0,"ValueError: The NOAA response was recognized, but no duration and recurrence-interval records were parsed."
01-5417,MILLERS FERRY,32.1,-87.3667,D:\projstore\Ismail\Dr Koriche\Intense Rainfall and Flash Flooding\Data\ATLAS 14\NOAA_Atlas14_Alabama_PDS\raw_noaa_responses\01-5417_pds_frequency.csv,failed,https://hdsc.nws.noaa.gov/cgi-bin/new/fe_text.csv?lat=32.100000&lon=-87.366700&data=depth&units=metric&series=pds,0,"ValueError: The NOAA response was recognized, but no duration and recurrence-interval records were parsed."
01-5420,MILLERS FERRY L&D,32.1,-87.3981,D:\projstore\Ismail\Dr Koriche\Intense Rainfall and Flash Flooding\Data\ATLAS 14\NOAA_Atlas14_Alabama_PDS\raw_noaa_responses\01-5420_pds_frequency.csv,failed,https://hdsc.nws.noaa.gov/cgi-bin/new/fe_text.csv?lat=32.100000&lon=-87.398100&data=depth&units=metric&series=pds,0,"ValueError: The NOAA response was recognized, but no duration and recurrence-interval records were parsed."
01-5439,MILSTEAD,32.4419,-85.8889,D:\projstore\Ismail\Dr Koriche\Intense Rainfall and Flash Flooding\Data\ATLAS 14\NOAA_Atlas14_Alabama_PDS\raw_noaa_responses\01-5439_pds_frequency.csv,failed,https://hdsc.nws.noaa.gov/cgi-bin/new/fe_text.csv?lat=32.441900&lon=-85.888900&data=depth&units=metric&series=pds,0,"ValueError: The NOAA response was recognized, but no duration and recurrence-interval records were parsed."
01-5465,MITCHELL DAM,32.8,-86.45,D:\projstore\Ismail\Dr Koriche\Intense Rainfall and Flash Flooding\Data\ATLAS 14\NOAA_Atlas14_Alabama_PDS\raw_noaa_responses\01-5465_pds_frequency.csv,failed,https://hdsc.nws.noaa.gov/cgi-bin/new/fe_text.csv?lat=32.800000&lon=-86.450000&data=depth&units=metric&series=pds,0,"ValueError: The NOAA response was recognized, but no duration and recurrence-interval records were parsed."
01-5478,MOBILE RGNL AP,30.6883,-88.2456,D:\projstore\Ismail\Dr Koriche\Intense Rainfall and Flash Flooding\Data\ATLAS 14\NOAA_Atlas14_Alabama_PDS\raw_noaa_responses\01-5478_pds_frequency.csv,failed,https://hdsc.nws.noaa.gov/cgi-bin/new/fe_text.csv?lat=30.688300&lon=-88.245600&data=depth&units=metric&series=pds,0,"ValueError: The NOAA response was recognized, but no duration and recurrence-interval records were parsed."
01-5483,MOBILE,30.6833,-88.0333,D:\projstore\Ismail\Dr Koriche\Intense Rainfall and Flash Flooding\Data\ATLAS 14\NOAA_Atlas14_Alabama_PDS\raw_noaa_responses\01-5483_pds_frequency.csv,failed,https://hdsc.nws.noaa.gov/cgi-bin/new/fe_text.csv?lat=30.683300&lon=-88.033300&data=depth&units=metric&series=pds,0,"ValueError: The NOAA response was recognized, but no duration and recurrence-interval records were parsed."
01-5537,MONTEVALLO,33.0981,-86.8667,D:\projstore\Ismail\Dr Koriche\Intense Rainfall and Flash Flooding\Data\ATLAS 14\NOAA_Atlas14_Alabama_PDS\raw_noaa_responses\01-5537_pds_frequency.csv,failed,https://hdsc.nws.noaa.gov/cgi-bin/new/fe_text.csv?lat=33.098100&lon=-86.866700&data=depth&units=metric&series=pds,0,"ValueError: The NOAA response was recognized, but no duration and recurrence-interval records were parsed."
01-5550,MONTGOMERY AP ASOS,32.2997,-86.4075,D:\projstore\Ismail\Dr Koriche\Intense Rainfall and Flash Flooding\Data\ATLAS 14\NOAA_Atlas14_Alabama_PDS\raw_noaa_responses\01-5550_pds_frequency.csv,failed,https://hdsc.nws.noaa.gov/cgi-bin/new/fe_text.csv?lat=32.299700&lon=-86.407500&data=depth&units=metric&series=pds,0,"ValueError: The NOAA response was recognized, but no duration and recurrence-interval records were parsed."
01-5553,MONTGOMERY 6SW,32.26,-86.2181,D:\projstore\Ismail\Dr Koriche\Intense Rainfall and Flash Flooding\Data\ATLAS 14\NOAA_Atlas14_Alabama_PDS\raw_noaa_responses\01-5553_pds_frequency.csv,failed,https://hdsc.nws.noaa.gov/cgi-bin/new/fe_text.csv?lat=32.260000&lon=-86.218100&data=depth&units=metric&series=pds,0,"ValueError: The NOAA response was recognized, but no duration and recurrence-interval records were parsed."
01-5555,MONTGOMERY WB CITY,32.3833,-86.3,D:\projstore\Ismail\Dr Koriche\Intense Rainfall and Flash Flooding\Data\ATLAS 14\NOAA_Atlas14_Alabama_PDS\raw_noaa_responses\01-5555_pds_frequency.csv,failed,https://hdsc.nws.noaa.gov/cgi-bin/new/fe_text.csv?lat=32.383300&lon=-86.300000&data=depth&units=metric&series=pds,0,"ValueError: The NOAA response was recognized, but no duration and recurrence-interval records were parsed."
01-5625,MOULTON,34.4667,-87.3,D:\projstore\Ismail\Dr Koriche\Intense Rainfall and Flash Flooding\Data\ATLAS 14\NOAA_Atlas14_Alabama_PDS\raw_noaa_responses\01-5625_pds_frequency.csv,failed,https://hdsc.nws.noaa.gov/cgi-bin/new/fe_text.csv?lat=34.466700&lon=-87.300000&data=depth&units=metric&series=pds,0,"ValueError: The NOAA response was recognized, but no duration and recurrence-interval records were parsed."
01-5635,MOULTON 2,34.4883,-87.2989,D:\projstore\Ismail\Dr Koriche\Intense Rainfall and Flash Flooding\Data\ATLAS 14\NOAA_Atlas14_Alabama_PDS\raw_noaa_responses\01-5635_pds_frequency.csv,failed,https://hdsc.nws.noaa.gov/cgi-bin/new/fe_text.csv?lat=34.488300&lon=-87.298900&data=depth&units=metric&series=pds,0,"ValueError: The NOAA response was recognized, but no duration and recurrence-interval records were parsed."
01-5685,MOUNT VERNON BARRACKS,31.0881,-88.0258,D:\projstore\Ismail\Dr Koriche\Intense Rainfall and Flash Flooding\Data\ATLAS 14\NOAA_Atlas14_Alabama_PDS\raw_noaa_responses\01-5685_pds_frequency.csv,failed,https://hdsc.nws.noaa.gov/cgi-bin/new/fe_text.csv?lat=31.088100&lon=-88.025800&data=depth&units=metric&series=pds,0,"ValueError: The NOAA response was recognized, but no duration and recurrence-interval records were parsed."
01-5749,MUSCLE SHOALS AP,34.7442,-87.5997,D:\projstore\Ismail\Dr Koriche\Intense Rainfall and Flash Flooding\Data\ATLAS 14\NOAA_Atlas14_Alabama_PDS\raw_noaa_responses\01-5749_pds_frequency.csv,failed,https://hdsc.nws.noaa.gov/cgi-bin/new/fe_text.csv?lat=34.744200&lon=-87.599700&data=depth&units=metric&series=pds,0,"ValueError: The NOAA response was recognized, but no duration and recurrence-interval records were parsed."
01-5785,NATCHEZ,31.7167,-87.2667,D:\projstore\Ismail\Dr Koriche\Intense Rainfall and Flash Flooding\Data\ATLAS 14\NOAA_Atlas14_Alabama_PDS\raw_noaa_responses\01-5785_pds_frequency.csv,failed,https://hdsc.nws.noaa.gov/cgi-bin/new/fe_text.csv?lat=31.716700&lon=-87.266700&data=depth&units=metric&series=pds,0,"ValueError: The NOAA response was recognized, but no duration and recurrence-interval records were parsed."
01-5862,NEW MARKET,34.9,-86.4333,D:\projstore\Ismail\Dr Koriche\Intense Rainfall and Flash Flooding\Data\ATLAS 14\NOAA_Atlas14_Alabama_PDS\raw_noaa_responses\01-5862_pds_frequency.csv,failed,https://hdsc.nws.noaa.gov/cgi-bin/new/fe_text.csv?lat=34.900000&lon=-86.433300&data=depth&units=metric&series=pds,0,"ValueError: The NOAA response was recognized, but no duration and recurrence-interval records were parsed."
01-5867,NEW MARKET 2,34.9167,-86.45,D:\projstore\Ismail\Dr Koriche\Intense Rainfall and Flash Flooding\Data\ATLAS 14\NOAA_Atlas14_Alabama_PDS\raw_noaa_responses\01-5867_pds_frequency.csv,failed,https://hdsc.nws.noaa.gov/cgi-bin/new/fe_text.csv?lat=34.916700&lon=-86.450000&data=depth&units=metric&series=pds,0,"ValueError: The NOAA response was recognized, but no duration and recurrence-interval records were parsed."
01-5875,NEWTON,31.3458,-85.6228,D:\projstore\Ismail\Dr Koriche\Intense Rainfall and Flash Flooding\Data\ATLAS 14\NOAA_Atlas14_Alabama_PDS\raw_noaa_responses\01-5875_pds_frequency.csv,failed,https://hdsc.nws.noaa.gov/cgi-bin/new/fe_text.csv?lat=31.345800&lon=-85.622800&data=depth&units=metric&series=pds,0,"ValueError: The NOAA response was recognized, but no duration and recurrence-interval records were parsed."
01-6121,ONEONTA,33.9478,-86.4692,D:\projstore\Ismail\Dr Koriche\Intense Rainfall and Flash Flooding\Data\ATLAS 14\NOAA_Atlas14_Alabama_PDS\raw_noaa_responses\01-6121_pds_frequency.csv,failed,https://hdsc.nws.noaa.gov/cgi-bin/new/fe_text.csv?lat=33.947800&lon=-86.469200&data=depth&units=metric&series=pds,0,"ValueError: The NOAA response was recognized, but no duration and recurrence-interval records were parsed."
01-6129,OPELIKA,32.6592,-85.4492,D:\projstore\Ismail\Dr Koriche\Intense Rainfall and Flash Flooding\Data\ATLAS 14\NOAA_Atlas14_Alabama_PDS\raw_noaa_responses\01-6129_pds_frequency.csv,failed,https://hdsc.nws.noaa.gov/cgi-bin/new/fe_text.csv?lat=32.659200&lon=-85.449200&data=depth&units=metric&series=pds,0,"ValueError: The NOAA response was recognized, but no duration and recurrence-interval records were parsed."
01-6218,OZARK 6 NNW,31.5333,-85.6833,D:\projstore\Ismail\Dr Koriche\Intense Rainfall and Flash Flooding\Data\ATLAS 14\NOAA_Atlas14_Alabama_PDS\raw_noaa_responses\01-6218_pds_frequency.csv,failed,https://hdsc.nws.noaa.gov/cgi-bin/new/fe_text.csv?lat=31.533300&lon=-85.683300&data=depth&units=metric&series=pds,0,"ValueError: The NOAA response was recognized, but no duration and recurrence-interval records were parsed."
01-6226,PAINT ROCK 2 N,34.7,-86.3333,D:\projstore\Ismail\Dr Koriche\Intense Rainfall and Flash Flooding\Data\ATLAS 14\NOAA_Atlas14_Alabama_PDS\raw_noaa_responses\01-6226_pds_frequency.csv,failed,https://hdsc.nws.noaa.gov/cgi-bin/new/fe_text.csv?lat=34.700000&lon=-86.333300&data=depth&units=metric&series=pds,0,"ValueError: The NOAA response was recognized, but no duration and recurrence-interval records were parsed."
01-6246,PALMERDALE,33.745,-86.6417,D:\projstore\Ismail\Dr Koriche\Intense Rainfall and Flash Flooding\Data\ATLAS 14\NOAA_Atlas14_Alabama_PDS\raw_noaa_responses\01-6246_pds_frequency.csv,failed,https://hdsc.nws.noaa.gov/cgi-bin/new/fe_text.csv?lat=33.745000&lon=-86.641700&data=depth&units=metric&series=pds,0,"ValueError: The NOAA response was recognized, but no duration and recurrence-interval records were parsed."
01-6334,PENNINGTON 2 NE,32.2258,-88.0281,D:\projstore\Ismail\Dr Koriche\Intense Rainfall and Flash Flooding\Data\ATLAS 14\NOAA_Atlas14_Alabama_PDS\raw_noaa_responses\01-6334_pds_frequency.csv,failed,https://hdsc.nws.noaa.gov/cgi-bin/new/fe_text.csv?lat=32.225800&lon=-88.028100&data=depth&units=metric&series=pds,0,"ValueError: The NOAA response was recognized, but no duration and recurrence-interval records were parsed."
01-6362,PERRYVILLE,32.6567,-87.0928,D:\projstore\Ismail\Dr Koriche\Intense Rainfall and Flash Flooding\Data\ATLAS 14\NOAA_Atlas14_Alabama_PDS\raw_noaa_responses\01-6362_pds_frequency.csv,failed,https://hdsc.nws.noaa.gov/cgi-bin/new/fe_text.csv?lat=32.656700&lon=-87.092800&data=depth&units=metric&series=pds,0,"ValueError: The NOAA response was recognized, but no duration and recurrence-interval records were parsed."
01-6370,PETERMAN,31.5883,-87.2681,D:\projstore\Ismail\Dr Koriche\Intense Rainfall and Flash Flooding\Data\ATLAS 14\NOAA_Atlas14_Alabama_PDS\raw_noaa_responses\01-6370_pds_frequency.csv,failed,https://hdsc.nws.noaa.gov/cgi-bin/new/fe_text.csv?lat=31.588300&lon=-87.268100&data=depth&units=metric&series=pds,0,"ValueError: The NOAA response was recognized, but no duration and recurrence-interval records were parsed."
01-6414,PICKENSVILLE,33.2167,-88.25,D:\projstore\Ismail\Dr Koriche\Intense Rainfall and Flash Flooding\Data\ATLAS 14\NOAA_Atlas14_Alabama_PDS\raw_noaa_responses\01-6414_pds_frequency.csv,failed,https://hdsc.nws.noaa.gov/cgi-bin/new/fe_text.csv?lat=33.216700&lon=-88.250000&data=depth&units=metric&series=pds,0,"ValueError: The NOAA response was recognized, but no duration and recurrence-interval records were parsed."
01-6418,PICKENSVILLE,33.2333,-88.2833,D:\projstore\Ismail\Dr Koriche\Intense Rainfall and Flash Flooding\Data\ATLAS 14\NOAA_Atlas14_Alabama_PDS\raw_noaa_responses\01-6418_pds_frequency.csv,failed,https://hdsc.nws.noaa.gov/cgi-bin/new/fe_text.csv?lat=33.233300&lon=-88.283300&data=depth&units=metric&series=pds,0,"ValueError: The NOAA response was recognized, but no duration and recurrence-interval records were parsed."
01-6436,PINE APPLE,31.8817,-86.9861,D:\projstore\Ismail\Dr Koriche\Intense Rainfall and Flash Flooding\Data\ATLAS 14\NOAA_Atlas14_Alabama_PDS\raw_noaa_responses\01-6436_pds_frequency.csv,failed,https://hdsc.nws.noaa.gov/cgi-bin/new/fe_text.csv?lat=31.881700&lon=-86.986100&data=depth&units=metric&series=pds,0,"ValueError: The NOAA response was recognized, but no duration and recurrence-interval records were parsed."
01-6468,PINE LEVEL 4 ESE,32.0333,-85.9833,D:\projstore\Ismail\Dr Koriche\Intense Rainfall and Flash Flooding\Data\ATLAS 14\NOAA_Atlas14_Alabama_PDS\raw_noaa_responses\01-6468_pds_frequency.csv,failed,https://hdsc.nws.noaa.gov/cgi-bin/new/fe_text.csv?lat=32.033300&lon=-85.983300&data=depth&units=metric&series=pds,0,"ValueError: The NOAA response was recognized, but no duration and recurrence-interval records were parsed."
01-6478,PINSON,33.6906,-86.6847,D:\projstore\Ismail\Dr Koriche\Intense Rainfall and Flash Flooding\Data\ATLAS 14\NOAA_Atlas14_Alabama_PDS\raw_noaa_responses\01-6478_pds_frequency.csv,failed,https://hdsc.nws.noaa.gov/cgi-bin/new/fe_text.csv?lat=33.690600&lon=-86.684700&data=depth&units=metric&series=pds,0,"ValueError: The NOAA response was recognized, but no duration and recurrence-interval records were parsed."
01-6508,PLANTERSVILLE 2 SSE,32.6131,-86.9056,D:\projstore\Ismail\Dr Koriche\Intense Rainfall and Flash Flooding\Data\ATLAS 14\NOAA_Atlas14_Alabama_PDS\raw_noaa_responses\01-6508_pds_frequency.csv,failed,https://hdsc.nws.noaa.gov/cgi-bin/new/fe_text.csv?lat=32.613100&lon=-86.905600&data=depth&units=metric&series=pds,0,"ValueError: The NOAA response was recognized, but no duration and recurrence-interval records were parsed."
01-6640,PRATTVILLE,32.4833,-86.4833,D:\projstore\Ismail\Dr Koriche\Intense Rainfall and Flash Flooding\Data\ATLAS 14\NOAA_Atlas14_Alabama_PDS\raw_noaa_responses\01-6640_pds_frequency.csv,failed,https://hdsc.nws.noaa.gov/cgi-bin/new/fe_text.csv?lat=32.483300&lon=-86.483300&data=depth&units=metric&series=pds,0,"ValueError: The NOAA response was recognized, but no duration and recurrence-interval records were parsed."
01-6684,PRIMROSE FARM,32.3,-86.25,D:\projstore\Ismail\Dr Koriche\Intense Rainfall and Flash Flooding\Data\ATLAS 14\NOAA_Atlas14_Alabama_PDS\raw_noaa_responses\01-6684_pds_frequency.csv,failed,https://hdsc.nws.noaa.gov/cgi-bin/new/fe_text.csv?lat=32.300000&lon=-86.250000&data=depth&units=metric&series=pds,0,"ValueError: The NOAA response was recognized, but no duration and recurrence-interval records were parsed."
01-6719,PUSHMATAHA,32.2,-88.35,D:\projstore\Ismail\Dr Koriche\Intense Rainfall and Flash Flooding\Data\ATLAS 14\NOAA_Atlas14_Alabama_PDS\raw_noaa_responses\01-6719_pds_frequency.csv,failed,https://hdsc.nws.noaa.gov/cgi-bin/new/fe_text.csv?lat=32.200000&lon=-88.350000&data=depth&units=metric&series=pds,0,"ValueError: The NOAA response was recognized, but no duration and recurrence-interval records were parsed."
01-6847,REFORM,33.3753,-88.02,D:\projstore\Ismail\Dr Koriche\Intense Rainfall and Flash Flooding\Data\ATLAS 14\NOAA_Atlas14_Alabama_PDS\raw_noaa_responses\01-6847_pds_frequency.csv,failed,https://hdsc.nws.noaa.gov/cgi-bin/new/fe_text.csv?lat=33.375300&lon=-88.020000&data=depth&units=metric&series=pds,0,"ValueError: The NOAA response was recognized, but no duration and recurrence-interval records were parsed."
01-6937,RIVER FALLS,31.35,-86.5333,D:\projstore\Ismail\Dr Koriche\Intense Rainfall and Flash Flooding\Data\ATLAS 14\NOAA_Atlas14_Alabama_PDS\raw_noaa_responses\01-6937_pds_frequency.csv,failed,https://hdsc.nws.noaa.gov/cgi-bin/new/fe_text.csv?lat=31.350000&lon=-86.533300&data=depth&units=metric&series=pds,0,"ValueError: The NOAA response was recognized, but no duration and recurrence-interval records were parsed."
01-6942,RIVER FALLS 2 NE,31.3667,-86.5167,D:\projstore\Ismail\Dr Koriche\Intense Rainfall and Flash Flooding\Data\ATLAS 14\NOAA_Atlas14_Alabama_PDS\raw_noaa_responses\01-6942_pds_frequency.csv,failed,https://hdsc.nws.noaa.gov/cgi-bin/new/fe_text.csv?lat=31.366700&lon=-86.516700&data=depth&units=metric&series=pds,0,"ValueError: The NOAA response was recognized, but no duration and recurrence-interval records were parsed."
01-6988,ROBERTSDALE,30.565,-87.7017,D:\projstore\Ismail\Dr Koriche\Intense Rainfall and Flash Flooding\Data\ATLAS 14\NOAA_Atlas14_Alabama_PDS\raw_noaa_responses\01-6988_pds_frequency.csv,failed,https://hdsc.nws.noaa.gov/cgi-bin/new/fe_text.csv?lat=30.565000&lon=-87.701700&data=depth&units=metric&series=pds,0,"ValueError: The NOAA response was recognized, but no duration and recurrence-interval records were parsed."
01-7020,ROCKFORD 3 ESE,32.8711,-86.1758,D:\projstore\Ismail\Dr Koriche\Intense Rainfall and Flash Flooding\Data\ATLAS 14\NOAA_Atlas14_Alabama_PDS\raw_noaa_responses\01-7020_pds_frequency.csv,failed,https://hdsc.nws.noaa.gov/cgi-bin/new/fe_text.csv?lat=32.871100&lon=-86.175800&data=depth&units=metric&series=pds,0,"ValueError: The NOAA response was recognized, but no duration and recurrence-interval records were parsed."
01-7025,ROCK MILLS,33.1581,-85.2911,D:\projstore\Ismail\Dr Koriche\Intense Rainfall and Flash Flooding\Data\ATLAS 14\NOAA_Atlas14_Alabama_PDS\raw_noaa_responses\01-7025_pds_frequency.csv,failed,https://hdsc.nws.noaa.gov/cgi-bin/new/fe_text.csv?lat=33.158100&lon=-85.291100&data=depth&units=metric&series=pds,0,"ValueError: The NOAA response was recognized, but no duration and recurrence-interval records were parsed."
01-7131,RUSSELLVILLE #2,34.51,-87.7319,D:\projstore\Ismail\Dr Koriche\Intense Rainfall and Flash Flooding\Data\ATLAS 14\NOAA_Atlas14_Alabama_PDS\raw_noaa_responses\01-7131_pds_frequency.csv,failed,https://hdsc.nws.noaa.gov/cgi-bin/new/fe_text.csv?lat=34.510000&lon=-87.731900&data=depth&units=metric&series=pds,0,"ValueError: The NOAA response was recognized, but no duration and recurrence-interval records were parsed."
01-7157,SAINT BERNARD,34.1736,-86.8133,D:\projstore\Ismail\Dr Koriche\Intense Rainfall and Flash Flooding\Data\ATLAS 14\NOAA_Atlas14_Alabama_PDS\raw_noaa_responses\01-7157_pds_frequency.csv,failed,https://hdsc.nws.noaa.gov/cgi-bin/new/fe_text.csv?lat=34.173600&lon=-86.813300&data=depth&units=metric&series=pds,0,"ValueError: The NOAA response was recognized, but no duration and recurrence-interval records were parsed."
01-7207,SAND MT SUBSTN,34.2878,-85.9681,D:\projstore\Ismail\Dr Koriche\Intense Rainfall and Flash Flooding\Data\ATLAS 14\NOAA_Atlas14_Alabama_PDS\raw_noaa_responses\01-7207_pds_frequency.csv,failed,https://hdsc.nws.noaa.gov/cgi-bin/new/fe_text.csv?lat=34.287800&lon=-85.968100&data=depth&units=metric&series=pds,0,"ValueError: The NOAA response was recognized, but no duration and recurrence-interval records were parsed."
01-7282,SAYRE 5 NW,33.75,-87.05,D:\projstore\Ismail\Dr Koriche\Intense Rainfall and Flash Flooding\Data\ATLAS 14\NOAA_Atlas14_Alabama_PDS\raw_noaa_responses\01-7282_pds_frequency.csv,failed,https://hdsc.nws.noaa.gov/cgi-bin/new/fe_text.csv?lat=33.750000&lon=-87.050000&data=depth&units=metric&series=pds,0,"ValueError: The NOAA response was recognized, but no duration and recurrence-interval records were parsed."
01-7304,SCOTTSBORO,34.6736,-86.0536,D:\projstore\Ismail\Dr Koriche\Intense Rainfall and Flash Flooding\Data\ATLAS 14\NOAA_Atlas14_Alabama_PDS\raw_noaa_responses\01-7304_pds_frequency.csv,failed,https://hdsc.nws.noaa.gov/cgi-bin/new/fe_text.csv?lat=34.673600&lon=-86.053600&data=depth&units=metric&series=pds,0,"ValueError: The NOAA response was recognized, but no duration and recurrence-interval records were parsed."
01-7326,SEALE,32.3217,-85.1683,D:\projstore\Ismail\Dr Koriche\Intense Rainfall and Flash Flooding\Data\ATLAS 14\NOAA_Atlas14_Alabama_PDS\raw_noaa_responses\01-7326_pds_frequency.csv,failed,https://hdsc.nws.noaa.gov/cgi-bin/new/fe_text.csv?lat=32.321700&lon=-85.168300&data=depth&units=metric&series=pds,0,"ValueError: The NOAA response was recognized, but no duration and recurrence-interval records were parsed."
01-7328,SEALE,32.3,-85.1667,D:\projstore\Ismail\Dr Koriche\Intense Rainfall and Flash Flooding\Data\ATLAS 14\NOAA_Atlas14_Alabama_PDS\raw_noaa_responses\01-7328_pds_frequency.csv,failed,https://hdsc.nws.noaa.gov/cgi-bin/new/fe_text.csv?lat=32.300000&lon=-85.166700&data=depth&units=metric&series=pds,0,"ValueError: The NOAA response was recognized, but no duration and recurrence-interval records were parsed."
01-7366,SELMA,32.41,-87.0153,D:\projstore\Ismail\Dr Koriche\Intense Rainfall and Flash Flooding\Data\ATLAS 14\NOAA_Atlas14_Alabama_PDS\raw_noaa_responses\01-7366_pds_frequency.csv,failed,https://hdsc.nws.noaa.gov/cgi-bin/new/fe_text.csv?lat=32.410000&lon=-87.015300&data=depth&units=metric&series=pds,0,"ValueError: The NOAA response was recognized, but no duration and recurrence-interval records were parsed."
01-7415,SHEFFIELD TVA NURSERY,34.7667,-87.7,D:\projstore\Ismail\Dr Koriche\Intense Rainfall and Flash Flooding\Data\ATLAS 14\NOAA_Atlas14_Alabama_PDS\raw_noaa_responses\01-7415_pds_frequency.csv,failed,https://hdsc.nws.noaa.gov/cgi-bin/new/fe_text.csv?lat=34.766700&lon=-87.700000&data=depth&units=metric&series=pds,0,"ValueError: The NOAA response was recognized, but no duration and recurrence-interval records were parsed."
01-7733,SPRING HILL,30.7,-88.1667,D:\projstore\Ismail\Dr Koriche\Intense Rainfall and Flash Flooding\Data\ATLAS 14\NOAA_Atlas14_Alabama_PDS\raw_noaa_responses\01-7733_pds_frequency.csv,failed,https://hdsc.nws.noaa.gov/cgi-bin/new/fe_text.csv?lat=30.700000&lon=-88.166700&data=depth&units=metric&series=pds,0,"ValueError: The NOAA response was recognized, but no duration and recurrence-interval records were parsed."
01-7963,SUTTLE,32.5411,-87.1783,D:\projstore\Ismail\Dr Koriche\Intense Rainfall and Flash Flooding\Data\ATLAS 14\NOAA_Atlas14_Alabama_PDS\raw_noaa_responses\01-7963_pds_frequency.csv,failed,https://hdsc.nws.noaa.gov/cgi-bin/new/fe_text.csv?lat=32.541100&lon=-87.178300&data=depth&units=metric&series=pds,0,"ValueError: The NOAA response was recognized, but no duration and recurrence-interval records were parsed."
01-7994,SYLACAUGA 2 W,33.1667,-86.2833,D:\projstore\Ismail\Dr Koriche\Intense Rainfall and Flash Flooding\Data\ATLAS 14\NOAA_Atlas14_Alabama_PDS\raw_noaa_responses\01-7994_pds_frequency.csv,failed,https://hdsc.nws.noaa.gov/cgi-bin/new/fe_text.csv?lat=33.166700&lon=-86.283300&data=depth&units=metric&series=pds,0,"ValueError: The NOAA response was recognized, but no duration and recurrence-interval records were parsed."
01-7999,SYLACAUGA 4 NE,33.2053,-86.2114,D:\projstore\Ismail\Dr Koriche\Intense Rainfall and Flash Flooding\Data\ATLAS 14\NOAA_Atlas14_Alabama_PDS\raw_noaa_responses\01-7999_pds_frequency.csv,failed,https://hdsc.nws.noaa.gov/cgi-bin/new/fe_text.csv?lat=33.205300&lon=-86.211400&data=depth&units=metric&series=pds,0,"ValueError: The NOAA response was recognized, but no duration and recurrence-interval records were parsed."
01-8024,TALLADEGA,33.4164,-86.135,D:\projstore\Ismail\Dr Koriche\Intense Rainfall and Flash Flooding\Data\ATLAS 14\NOAA_Atlas14_Alabama_PDS\raw_noaa_responses\01-8024_pds_frequency.csv,failed,https://hdsc.nws.noaa.gov/cgi-bin/new/fe_text.csv?lat=33.416400&lon=-86.135000&data=depth&units=metric&series=pds,0,"ValueError: The NOAA response was recognized, but no duration and recurrence-interval records were parsed."
01-8178,THOMASVILLE,31.9172,-87.7347,D:\projstore\Ismail\Dr Koriche\Intense Rainfall and Flash Flooding\Data\ATLAS 14\NOAA_Atlas14_Alabama_PDS\raw_noaa_responses\01-8178_pds_frequency.csv,failed,https://hdsc.nws.noaa.gov/cgi-bin/new/fe_text.csv?lat=31.917200&lon=-87.734700&data=depth&units=metric&series=pds,0,"ValueError: The NOAA response was recognized, but no duration and recurrence-interval records were parsed."
01-8204,THORSBY 1 SW,32.9,-86.7333,D:\projstore\Ismail\Dr Koriche\Intense Rainfall and Flash Flooding\Data\ATLAS 14\NOAA_Atlas14_Alabama_PDS\raw_noaa_responses\01-8204_pds_frequency.csv,failed,https://hdsc.nws.noaa.gov/cgi-bin/new/fe_text.csv?lat=32.900000&lon=-86.733300&data=depth&units=metric&series=pds,0,"ValueError: The NOAA response was recognized, but no duration and recurrence-interval records were parsed."
01-8209,THORSBY EXP STN,32.9206,-86.6708,D:\projstore\Ismail\Dr Koriche\Intense Rainfall and Flash Flooding\Data\ATLAS 14\NOAA_Atlas14_Alabama_PDS\raw_noaa_responses\01-8209_pds_frequency.csv,failed,https://hdsc.nws.noaa.gov/cgi-bin/new/fe_text.csv?lat=32.920600&lon=-86.670800&data=depth&units=metric&series=pds,0,"ValueError: The NOAA response was recognized, but no duration and recurrence-interval records were parsed."
01-8215,THURLOW DAM,32.5333,-85.9,D:\projstore\Ismail\Dr Koriche\Intense Rainfall and Flash Flooding\Data\ATLAS 14\NOAA_Atlas14_Alabama_PDS\raw_noaa_responses\01-8215_pds_frequency.csv,failed,https://hdsc.nws.noaa.gov/cgi-bin/new/fe_text.csv?lat=32.533300&lon=-85.900000&data=depth&units=metric&series=pds,0,"ValueError: The NOAA response was recognized, but no duration and recurrence-interval records were parsed."
01-8259,TONEY,34.9,-86.7333,D:\projstore\Ismail\Dr Koriche\Intense Rainfall and Flash Flooding\Data\ATLAS 14\NOAA_Atlas14_Alabama_PDS\raw_noaa_responses\01-8259_pds_frequency.csv,failed,https://hdsc.nws.noaa.gov/cgi-bin/new/fe_text.csv?lat=34.900000&lon=-86.733300&data=depth&units=metric&series=pds,0,"ValueError: The NOAA response was recognized, but no duration and recurrence-interval records were parsed."
01-8285,TRAFFORD,33.8167,-86.7333,D:\projstore\Ismail\Dr Koriche\Intense Rainfall and Flash Flooding\Data\ATLAS 14\NOAA_Atlas14_Alabama_PDS\raw_noaa_responses\01-8285_pds_frequency.csv,failed,https://hdsc.nws.noaa.gov/cgi-bin/new/fe_text.csv?lat=33.816700&lon=-86.733300&data=depth&units=metric&series=pds,0,"ValueError: The NOAA response was recognized, but no duration and recurrence-interval records were parsed."
01-8323,TROY,31.8075,-85.9722,D:\projstore\Ismail\Dr Koriche\Intense Rainfall and Flash Flooding\Data\ATLAS 14\NOAA_Atlas14_Alabama_PDS\raw_noaa_responses\01-8323_pds_frequency.csv,failed,https://hdsc.nws.noaa.gov/cgi-bin/new/fe_text.csv?lat=31.807500&lon=-85.972200&data=depth&units=metric&series=pds,0,"ValueError: The NOAA response was recognized, but no duration and recurrence-interval records were parsed."
01-8380,TUSCALOOSA ACFD,33.2119,-87.6161,D:\projstore\Ismail\Dr Koriche\Intense Rainfall and Flash Flooding\Data\ATLAS 14\NOAA_Atlas14_Alabama_PDS\raw_noaa_responses\01-8380_pds_frequency.csv,failed,https://hdsc.nws.noaa.gov/cgi-bin/new/fe_text.csv?lat=33.211900&lon=-87.616100&data=depth&units=metric&series=pds,0,"ValueError: The NOAA response was recognized, but no duration and recurrence-interval records were parsed."
01-8385,TUSCALOOSA OLIVER DAM,33.2097,-87.5936,D:\projstore\Ismail\Dr Koriche\Intense Rainfall and Flash Flooding\Data\ATLAS 14\NOAA_Atlas14_Alabama_PDS\raw_noaa_responses\01-8385_pds_frequency.csv,failed,https://hdsc.nws.noaa.gov/cgi-bin/new/fe_text.csv?lat=33.209700&lon=-87.593600&data=depth&units=metric&series=pds,0,"ValueError: The NOAA response was recognized, but no duration and recurrence-interval records were parsed."
01-8391,TUSCUMBIA,34.7167,-87.7167,D:\projstore\Ismail\Dr Koriche\Intense Rainfall and Flash Flooding\Data\ATLAS 14\NOAA_Atlas14_Alabama_PDS\raw_noaa_responses\01-8391_pds_frequency.csv,failed,https://hdsc.nws.noaa.gov/cgi-bin/new/fe_text.csv?lat=34.716700&lon=-87.716700&data=depth&units=metric&series=pds,0,"ValueError: The NOAA response was recognized, but no duration and recurrence-interval records were parsed."
01-8398,TUSKEGEE,32.4333,-85.7,D:\projstore\Ismail\Dr Koriche\Intense Rainfall and Flash Flooding\Data\ATLAS 14\NOAA_Atlas14_Alabama_PDS\raw_noaa_responses\01-8398_pds_frequency.csv,failed,https://hdsc.nws.noaa.gov/cgi-bin/new/fe_text.csv?lat=32.433300&lon=-85.700000&data=depth&units=metric&series=pds,0,"ValueError: The NOAA response was recognized, but no duration and recurrence-interval records were parsed."
01-8403,TUSKEGEE 3 S,32.3833,-85.65,D:\projstore\Ismail\Dr Koriche\Intense Rainfall and Flash Flooding\Data\ATLAS 14\NOAA_Atlas14_Alabama_PDS\raw_noaa_responses\01-8403_pds_frequency.csv,failed,https://hdsc.nws.noaa.gov/cgi-bin/new/fe_text.csv?lat=32.383300&lon=-85.650000&data=depth&units=metric&series=pds,0,"ValueError: The NOAA response was recognized, but no duration and recurrence-interval records were parsed."
01-8438,UNION SPRINGS 9 S,32.0142,-85.7464,D:\projstore\Ismail\Dr Koriche\Intense Rainfall and Flash Flooding\Data\ATLAS 14\NOAA_Atlas14_Alabama_PDS\raw_noaa_responses\01-8438_pds_frequency.csv,failed,https://hdsc.nws.noaa.gov/cgi-bin/new/fe_text.csv?lat=32.014200&lon=-85.746400&data=depth&units=metric&series=pds,0,"ValueError: The NOAA response was recognized, but no duration and recurrence-interval records were parsed."
01-8446,UNIONTOWN,32.4717,-87.5211,D:\projstore\Ismail\Dr Koriche\Intense Rainfall and Flash Flooding\Data\ATLAS 14\NOAA_Atlas14_Alabama_PDS\raw_noaa_responses\01-8446_pds_frequency.csv,failed,https://hdsc.nws.noaa.gov/cgi-bin/new/fe_text.csv?lat=32.471700&lon=-87.521100&data=depth&units=metric&series=pds,0,"ValueError: The NOAA response was recognized, but no duration and recurrence-interval records were parsed."
01-8469,VALLEY HEAD,34.5667,-85.6128,D:\projstore\Ismail\Dr Koriche\Intense Rainfall and Flash Flooding\Data\ATLAS 14\NOAA_Atlas14_Alabama_PDS\raw_noaa_responses\01-8469_pds_frequency.csv,failed,https://hdsc.nws.noaa.gov/cgi-bin/new/fe_text.csv?lat=34.566700&lon=-85.612800&data=depth&units=metric&series=pds,0,"ValueError: The NOAA response was recognized, but no duration and recurrence-interval records were parsed."
01-8517,VERNON,33.7392,-88.1275,D:\projstore\Ismail\Dr Koriche\Intense Rainfall and Flash Flooding\Data\ATLAS 14\NOAA_Atlas14_Alabama_PDS\raw_noaa_responses\01-8517_pds_frequency.csv,failed,https://hdsc.nws.noaa.gov/cgi-bin/new/fe_text.csv?lat=33.739200&lon=-88.127500&data=depth&units=metric&series=pds,0,"ValueError: The NOAA response was recognized, but no duration and recurrence-interval records were parsed."
01-8605,WADLEY,33.1167,-85.5667,D:\projstore\Ismail\Dr Koriche\Intense Rainfall and Flash Flooding\Data\ATLAS 14\NOAA_Atlas14_Alabama_PDS\raw_noaa_responses\01-8605_pds_frequency.csv,failed,https://hdsc.nws.noaa.gov/cgi-bin/new/fe_text.csv?lat=33.116700&lon=-85.566700&data=depth&units=metric&series=pds,0,"ValueError: The NOAA response was recognized, but no duration and recurrence-interval records were parsed."
01-8608,WADLEY NR 2,33.1361,-85.5869,D:\projstore\Ismail\Dr Koriche\Intense Rainfall and Flash Flooding\Data\ATLAS 14\NOAA_Atlas14_Alabama_PDS\raw_noaa_responses\01-8608_pds_frequency.csv,failed,https://hdsc.nws.noaa.gov/cgi-bin/new/fe_text.csv?lat=33.136100&lon=-85.586900&data=depth&units=metric&series=pds,0,"ValueError: The NOAA response was recognized, but no duration and recurrence-interval records were parsed."
01-8637,WALLACE 2 E,31.2097,-87.1789,D:\projstore\Ismail\Dr Koriche\Intense Rainfall and Flash Flooding\Data\ATLAS 14\NOAA_Atlas14_Alabama_PDS\raw_noaa_responses\01-8637_pds_frequency.csv,failed,https://hdsc.nws.noaa.gov/cgi-bin/new/fe_text.csv?lat=31.209700&lon=-87.178900&data=depth&units=metric&series=pds,0,"ValueError: The NOAA response was recognized, but no duration and recurrence-interval records were parsed."
01-8648,WALNUT GROVE,34.0661,-86.3069,D:\projstore\Ismail\Dr Koriche\Intense Rainfall and Flash Flooding\Data\ATLAS 14\NOAA_Atlas14_Alabama_PDS\raw_noaa_responses\01-8648_pds_frequency.csv,failed,https://hdsc.nws.noaa.gov/cgi-bin/new/fe_text.csv?lat=34.066100&lon=-86.306900&data=depth&units=metric&series=pds,0,"ValueError: The NOAA response was recognized, but no duration and recurrence-interval records were parsed."
01-8653,WALNUT HILL 3 W,32.7028,-85.8936,D:\projstore\Ismail\Dr Koriche\Intense Rainfall and Flash Flooding\Data\ATLAS 14\NOAA_Atlas14_Alabama_PDS\raw_noaa_responses\01-8653_pds_frequency.csv,failed,https://hdsc.nws.noaa.gov/cgi-bin/new/fe_text.csv?lat=32.702800&lon=-85.893600&data=depth&units=metric&series=pds,0,"ValueError: The NOAA response was recognized, but no duration and recurrence-interval records were parsed."
01-8668,WARRIOR,33.8167,-86.8167,D:\projstore\Ismail\Dr Koriche\Intense Rainfall and Flash Flooding\Data\ATLAS 14\NOAA_Atlas14_Alabama_PDS\raw_noaa_responses\01-8668_pds_frequency.csv,failed,https://hdsc.nws.noaa.gov/cgi-bin/new/fe_text.csv?lat=33.816700&lon=-86.816700&data=depth&units=metric&series=pds,0,"ValueError: The NOAA response was recognized, but no duration and recurrence-interval records were parsed."
01-8670,WARRIOR,33.7925,-86.8258,D:\projstore\Ismail\Dr Koriche\Intense Rainfall and Flash Flooding\Data\ATLAS 14\NOAA_Atlas14_Alabama_PDS\raw_noaa_responses\01-8670_pds_frequency.csv,failed,https://hdsc.nws.noaa.gov/cgi-bin/new/fe_text.csv?lat=33.792500&lon=-86.825800&data=depth&units=metric&series=pds,0,"ValueError: The NOAA response was recognized, but no duration and recurrence-interval records were parsed."
01-8673,WARRIOR L&D,32.7744,-87.8306,D:\projstore\Ismail\Dr Koriche\Intense Rainfall and Flash Flooding\Data\ATLAS 14\NOAA_Atlas14_Alabama_PDS\raw_noaa_responses\01-8673_pds_frequency.csv,failed,https://hdsc.nws.noaa.gov/cgi-bin/new/fe_text.csv?lat=32.774400&lon=-87.830600&data=depth&units=metric&series=pds,0,"ValueError: The NOAA response was recognized, but no duration and recurrence-interval records were parsed."
01-8686,WATERLOO,34.9167,-88.0667,D:\projstore\Ismail\Dr Koriche\Intense Rainfall and Flash Flooding\Data\ATLAS 14\NOAA_Atlas14_Alabama_PDS\raw_noaa_responses\01-8686_pds_frequency.csv,failed,https://hdsc.nws.noaa.gov/cgi-bin/new/fe_text.csv?lat=34.916700&lon=-88.066700&data=depth&units=metric&series=pds,0,"ValueError: The NOAA response was recognized, but no duration and recurrence-interval records were parsed."
01-8755,WEISS DAM,34.1333,-85.8,D:\projstore\Ismail\Dr Koriche\Intense Rainfall and Flash Flooding\Data\ATLAS 14\NOAA_Atlas14_Alabama_PDS\raw_noaa_responses\01-8755_pds_frequency.csv,failed,https://hdsc.nws.noaa.gov/cgi-bin/new/fe_text.csv?lat=34.133300&lon=-85.800000&data=depth&units=metric&series=pds,0,"ValueError: The NOAA response was recognized, but no duration and recurrence-interval records were parsed."
01-8809,WEST BLOCTON,33.1194,-87.1239,D:\projstore\Ismail\Dr Koriche\Intense Rainfall and Flash Flooding\Data\ATLAS 14\NOAA_Atlas14_Alabama_PDS\raw_noaa_responses\01-8809_pds_frequency.csv,failed,https://hdsc.nws.noaa.gov/cgi-bin/new/fe_text.csv?lat=33.119400&lon=-87.123900&data=depth&units=metric&series=pds,0,"ValueError: The NOAA response was recognized, but no duration and recurrence-interval records were parsed."
01-8859,WETUMPKA,32.5906,-86.2103,D:\projstore\Ismail\Dr Koriche\Intense Rainfall and Flash Flooding\Data\ATLAS 14\NOAA_Atlas14_Alabama_PDS\raw_noaa_responses\01-8859_pds_frequency.csv,failed,https://hdsc.nws.noaa.gov/cgi-bin/new/fe_text.csv?lat=32.590600&lon=-86.210300&data=depth&units=metric&series=pds,0,"ValueError: The NOAA response was recognized, but no duration and recurrence-interval records were parsed."
01-8867,WHATLEY,31.6508,-87.7097,D:\projstore\Ismail\Dr Koriche\Intense Rainfall and Flash Flooding\Data\ATLAS 14\NOAA_Atlas14_Alabama_PDS\raw_noaa_responses\01-8867_pds_frequency.csv,failed,https://hdsc.nws.noaa.gov/cgi-bin/new/fe_text.csv?lat=31.650800&lon=-87.709700&data=depth&units=metric&series=pds,0,"ValueError: The NOAA response was recognized, but no duration and recurrence-interval records were parsed."
01-8925,WHITFIELD LOCK 3,32.2833,-88.0167,D:\projstore\Ismail\Dr Koriche\Intense Rainfall and Flash Flooding\Data\ATLAS 14\NOAA_Atlas14_Alabama_PDS\raw_noaa_responses\01-8925_pds_frequency.csv,failed,https://hdsc.nws.noaa.gov/cgi-bin/new/fe_text.csv?lat=32.283300&lon=-88.016700&data=depth&units=metric&series=pds,0,"ValueError: The NOAA response was recognized, but no duration and recurrence-interval records were parsed."
01-8998,WINFIELD 2 SW,33.9111,-87.8475,D:\projstore\Ismail\Dr Koriche\Intense Rainfall and Flash Flooding\Data\ATLAS 14\NOAA_Atlas14_Alabama_PDS\raw_noaa_responses\01-8998_pds_frequency.csv,failed,https://hdsc.nws.noaa.gov/cgi-bin/new/fe_text.csv?lat=33.911100&lon=-87.847500&data=depth&units=metric&series=pds,0,"ValueError: The NOAA response was recognized, but no duration and recurrence-interval records were parsed."
01-9103,YATES HYDRO PLT,32.5667,-85.9,D:\projstore\Ismail\Dr Koriche\Intense Rainfall and Flash Flooding\Data\ATLAS 14\NOAA_Atlas14_Alabama_PDS\raw_noaa_responses\01-9103_pds_frequency.csv,failed,https://hdsc.nws.noaa.gov/cgi-bin/new/fe_text.csv?lat=32.566700&lon=-85.900000&data=depth&units=metric&series=pds,0,"ValueError: The NOAA response was recognized, but no duration and recurrence-interval records were parsed."
62-5483,MOBILE POINT,30.2278,-88.0242,D:\projstore\Ismail\Dr Koriche\Intense Rainfall and Flash Flooding\Data\ATLAS 14\NOAA_Atlas14_Alabama_PDS\raw_noaa_responses\62-5483_pds_frequency.csv,failed,https://hdsc.nws.noaa.gov/cgi-bin/new/fe_text.csv?lat=30.227800&lon=-88.024200&data=depth&units=metric&series=pds,0,"ValueError: The NOAA response was recognized, but no duration and recurrence-interval records were parsed."
