station_id,raw_file,status,rows_parsed,error
01-0008,D:\projstore\Ismail\Dr Koriche\Intense Rainfall and Flash Flooding\Data\ATLAS 14\NOAA_Atlas14_Alabama_PDS\raw_noaa_responses\01-0008_pds_frequency.csv,reparsed_successfully,570,
01-0063,D:\projstore\Ismail\Dr Koriche\Intense Rainfall and Flash Flooding\Data\ATLAS 14\NOAA_Atlas14_Alabama_PDS\raw_noaa_responses\01-0063_pds_frequency.csv,reparsed_successfully,570,
01-0140,D:\projstore\Ismail\Dr Koriche\Intense Rainfall and Flash Flooding\Data\ATLAS 14\NOAA_Atlas14_Alabama_PDS\raw_noaa_responses\01-0140_pds_frequency.csv,reparsed_successfully,570,
01-0148,D:\projstore\Ismail\Dr Koriche\Intense Rainfall and Flash Flooding\Data\ATLAS 14\NOAA_Atlas14_Alabama_PDS\raw_noaa_responses\01-0148_pds_frequency.csv,reparsed_successfully,570,
01-0178,D:\projstore\Ismail\Dr Koriche\Intense Rainfall and Flash Flooding\Data\ATLAS 14\NOAA_Atlas14_Alabama_PDS\raw_noaa_responses\01-0178_pds_frequency.csv,reparsed_successfully,570,
01-0184,D:\projstore\Ismail\Dr Koriche\Intense Rainfall and Flash Flooding\Data\ATLAS 14\NOAA_Atlas14_Alabama_PDS\raw_noaa_responses\01-0184_pds_frequency.csv,reparsed_successfully,570,
01-0252,D:\projstore\Ismail\Dr Koriche\Intense Rainfall and Flash Flooding\Data\ATLAS 14\NOAA_Atlas14_Alabama_PDS\raw_noaa_responses\01-0252_pds_frequency.csv,reparsed_successfully,570,
01-0272,D:\projstore\Ismail\Dr Koriche\Intense Rainfall and Flash Flooding\Data\ATLAS 14\NOAA_Atlas14_Alabama_PDS\raw_noaa_responses\01-0272_pds_frequency.csv,reparsed_successfully,570,
01-0338,D:\projstore\Ismail\Dr Koriche\Intense Rainfall and Flash Flooding\Data\ATLAS 14\NOAA_Atlas14_Alabama_PDS\raw_noaa_responses\01-0338_pds_frequency.csv,reparsed_successfully,570,
01-0369,D:\projstore\Ismail\Dr Koriche\Intense Rainfall and Flash Flooding\Data\ATLAS 14\NOAA_Atlas14_Alabama_PDS\raw_noaa_responses\01-0369_pds_frequency.csv,reparsed_successfully,570,
01-0377,D:\projstore\Ismail\Dr Koriche\Intense Rainfall and Flash Flooding\Data\ATLAS 14\NOAA_Atlas14_Alabama_PDS\raw_noaa_responses\01-0377_pds_frequency.csv,reparsed_successfully,570,
01-0390,D:\projstore\Ismail\Dr Koriche\Intense Rainfall and Flash Flooding\Data\ATLAS 14\NOAA_Atlas14_Alabama_PDS\raw_noaa_responses\01-0390_pds_frequency.csv,reparsed_successfully,570,
01-0395,D:\projstore\Ismail\Dr Koriche\Intense Rainfall and Flash Flooding\Data\ATLAS 14\NOAA_Atlas14_Alabama_PDS\raw_noaa_responses\01-0395_pds_frequency.csv,reparsed_successfully,570,
01-0402,D:\projstore\Ismail\Dr Koriche\Intense Rainfall and Flash Flooding\Data\ATLAS 14\NOAA_Atlas14_Alabama_PDS\raw_noaa_responses\01-0402_pds_frequency.csv,reparsed_successfully,570,
01-0422,D:\projstore\Ismail\Dr Koriche\Intense Rainfall and Flash Flooding\Data\ATLAS 14\NOAA_Atlas14_Alabama_PDS\raw_noaa_responses\01-0422_pds_frequency.csv,reparsed_successfully,570,
01-0425,D:\projstore\Ismail\Dr Koriche\Intense Rainfall and Flash Flooding\Data\ATLAS 14\NOAA_Atlas14_Alabama_PDS\raw_noaa_responses\01-0425_pds_frequency.csv,reparsed_successfully,570,
01-0427,D:\projstore\Ismail\Dr Koriche\Intense Rainfall and Flash Flooding\Data\ATLAS 14\NOAA_Atlas14_Alabama_PDS\raw_noaa_responses\01-0427_pds_frequency.csv,reparsed_successfully,570,
01-0430,D:\projstore\Ismail\Dr Koriche\Intense Rainfall and Flash Flooding\Data\ATLAS 14\NOAA_Atlas14_Alabama_PDS\raw_noaa_responses\01-0430_pds_frequency.csv,reparsed_successfully,570,
01-0440,D:\projstore\Ismail\Dr Koriche\Intense Rainfall and Flash Flooding\Data\ATLAS 14\NOAA_Atlas14_Alabama_PDS\raw_noaa_responses\01-0440_pds_frequency.csv,reparsed_successfully,570,
01-0505,D:\projstore\Ismail\Dr Koriche\Intense Rainfall and Flash Flooding\Data\ATLAS 14\NOAA_Atlas14_Alabama_PDS\raw_noaa_responses\01-0505_pds_frequency.csv,reparsed_successfully,570,
01-0546,D:\projstore\Ismail\Dr Koriche\Intense Rainfall and Flash Flooding\Data\ATLAS 14\NOAA_Atlas14_Alabama_PDS\raw_noaa_responses\01-0546_pds_frequency.csv,reparsed_successfully,570,
01-0583,D:\projstore\Ismail\Dr Koriche\Intense Rainfall and Flash Flooding\Data\ATLAS 14\NOAA_Atlas14_Alabama_PDS\raw_noaa_responses\01-0583_pds_frequency.csv,reparsed_successfully,570,
01-0616,D:\projstore\Ismail\Dr Koriche\Intense Rainfall and Flash Flooding\Data\ATLAS 14\NOAA_Atlas14_Alabama_PDS\raw_noaa_responses\01-0616_pds_frequency.csv,reparsed_successfully,570,
01-0655,D:\projstore\Ismail\Dr Koriche\Intense Rainfall and Flash Flooding\Data\ATLAS 14\NOAA_Atlas14_Alabama_PDS\raw_noaa_responses\01-0655_pds_frequency.csv,reparsed_successfully,570,
01-0748,D:\projstore\Ismail\Dr Koriche\Intense Rainfall and Flash Flooding\Data\ATLAS 14\NOAA_Atlas14_Alabama_PDS\raw_noaa_responses\01-0748_pds_frequency.csv,reparsed_successfully,570,
01-0757,D:\projstore\Ismail\Dr Koriche\Intense Rainfall and Flash Flooding\Data\ATLAS 14\NOAA_Atlas14_Alabama_PDS\raw_noaa_responses\01-0757_pds_frequency.csv,reparsed_successfully,570,
01-0764,D:\projstore\Ismail\Dr Koriche\Intense Rainfall and Flash Flooding\Data\ATLAS 14\NOAA_Atlas14_Alabama_PDS\raw_noaa_responses\01-0764_pds_frequency.csv,reparsed_successfully,570,
01-0823,D:\projstore\Ismail\Dr Koriche\Intense Rainfall and Flash Flooding\Data\ATLAS 14\NOAA_Atlas14_Alabama_PDS\raw_noaa_responses\01-0823_pds_frequency.csv,reparsed_successfully,570,
01-0829,D:\projstore\Ismail\Dr Koriche\Intense Rainfall and Flash Flooding\Data\ATLAS 14\NOAA_Atlas14_Alabama_PDS\raw_noaa_responses\01-0829_pds_frequency.csv,reparsed_successfully,570,
01-0831,D:\projstore\Ismail\Dr Koriche\Intense Rainfall and Flash Flooding\Data\ATLAS 14\NOAA_Atlas14_Alabama_PDS\raw_noaa_responses\01-0831_pds_frequency.csv,reparsed_successfully,570,
01-0836,D:\projstore\Ismail\Dr Koriche\Intense Rainfall and Flash Flooding\Data\ATLAS 14\NOAA_Atlas14_Alabama_PDS\raw_noaa_responses\01-0836_pds_frequency.csv,reparsed_successfully,570,
01-0957,D:\projstore\Ismail\Dr Koriche\Intense Rainfall and Flash Flooding\Data\ATLAS 14\NOAA_Atlas14_Alabama_PDS\raw_noaa_responses\01-0957_pds_frequency.csv,reparsed_successfully,570,
01-1069,D:\projstore\Ismail\Dr Koriche\Intense Rainfall and Flash Flooding\Data\ATLAS 14\NOAA_Atlas14_Alabama_PDS\raw_noaa_responses\01-1069_pds_frequency.csv,reparsed_successfully,570,
01-1080,D:\projstore\Ismail\Dr Koriche\Intense Rainfall and Flash Flooding\Data\ATLAS 14\NOAA_Atlas14_Alabama_PDS\raw_noaa_responses\01-1080_pds_frequency.csv,reparsed_successfully,570,
01-1084,D:\projstore\Ismail\Dr Koriche\Intense Rainfall and Flash Flooding\Data\ATLAS 14\NOAA_Atlas14_Alabama_PDS\raw_noaa_responses\01-1084_pds_frequency.csv,reparsed_successfully,570,
01-1099,D:\projstore\Ismail\Dr Koriche\Intense Rainfall and Flash Flooding\Data\ATLAS 14\NOAA_Atlas14_Alabama_PDS\raw_noaa_responses\01-1099_pds_frequency.csv,reparsed_successfully,570,
01-1143,D:\projstore\Ismail\Dr Koriche\Intense Rainfall and Flash Flooding\Data\ATLAS 14\NOAA_Atlas14_Alabama_PDS\raw_noaa_responses\01-1143_pds_frequency.csv,reparsed_successfully,570,
01-1178,D:\projstore\Ismail\Dr Koriche\Intense Rainfall and Flash Flooding\Data\ATLAS 14\NOAA_Atlas14_Alabama_PDS\raw_noaa_responses\01-1178_pds_frequency.csv,reparsed_successfully,570,
01-1288,D:\projstore\Ismail\Dr Koriche\Intense Rainfall and Flash Flooding\Data\ATLAS 14\NOAA_Atlas14_Alabama_PDS\raw_noaa_responses\01-1288_pds_frequency.csv,reparsed_successfully,570,
01-1300,D:\projstore\Ismail\Dr Koriche\Intense Rainfall and Flash Flooding\Data\ATLAS 14\NOAA_Atlas14_Alabama_PDS\raw_noaa_responses\01-1300_pds_frequency.csv,reparsed_successfully,570,
01-1301,D:\projstore\Ismail\Dr Koriche\Intense Rainfall and Flash Flooding\Data\ATLAS 14\NOAA_Atlas14_Alabama_PDS\raw_noaa_responses\01-1301_pds_frequency.csv,reparsed_successfully,570,
01-1324,D:\projstore\Ismail\Dr Koriche\Intense Rainfall and Flash Flooding\Data\ATLAS 14\NOAA_Atlas14_Alabama_PDS\raw_noaa_responses\01-1324_pds_frequency.csv,reparsed_successfully,570,
01-1377,D:\projstore\Ismail\Dr Koriche\Intense Rainfall and Flash Flooding\Data\ATLAS 14\NOAA_Atlas14_Alabama_PDS\raw_noaa_responses\01-1377_pds_frequency.csv,reparsed_successfully,570,
01-1520,D:\projstore\Ismail\Dr Koriche\Intense Rainfall and Flash Flooding\Data\ATLAS 14\NOAA_Atlas14_Alabama_PDS\raw_noaa_responses\01-1520_pds_frequency.csv,reparsed_successfully,570,
01-1525,D:\projstore\Ismail\Dr Koriche\Intense Rainfall and Flash Flooding\Data\ATLAS 14\NOAA_Atlas14_Alabama_PDS\raw_noaa_responses\01-1525_pds_frequency.csv,reparsed_successfully,570,
01-1566,D:\projstore\Ismail\Dr Koriche\Intense Rainfall and Flash Flooding\Data\ATLAS 14\NOAA_Atlas14_Alabama_PDS\raw_noaa_responses\01-1566_pds_frequency.csv,reparsed_successfully,570,
01-1615,D:\projstore\Ismail\Dr Koriche\Intense Rainfall and Flash Flooding\Data\ATLAS 14\NOAA_Atlas14_Alabama_PDS\raw_noaa_responses\01-1615_pds_frequency.csv,reparsed_successfully,570,
01-1620,D:\projstore\Ismail\Dr Koriche\Intense Rainfall and Flash Flooding\Data\ATLAS 14\NOAA_Atlas14_Alabama_PDS\raw_noaa_responses\01-1620_pds_frequency.csv,reparsed_successfully,570,
01-1690,D:\projstore\Ismail\Dr Koriche\Intense Rainfall and Flash Flooding\Data\ATLAS 14\NOAA_Atlas14_Alabama_PDS\raw_noaa_responses\01-1690_pds_frequency.csv,reparsed_successfully,570,
01-1694,D:\projstore\Ismail\Dr Koriche\Intense Rainfall and Flash Flooding\Data\ATLAS 14\NOAA_Atlas14_Alabama_PDS\raw_noaa_responses\01-1694_pds_frequency.csv,reparsed_successfully,570,
01-1725,D:\projstore\Ismail\Dr Koriche\Intense Rainfall and Flash Flooding\Data\ATLAS 14\NOAA_Atlas14_Alabama_PDS\raw_noaa_responses\01-1725_pds_frequency.csv,reparsed_successfully,570,
01-1799,D:\projstore\Ismail\Dr Koriche\Intense Rainfall and Flash Flooding\Data\ATLAS 14\NOAA_Atlas14_Alabama_PDS\raw_noaa_responses\01-1799_pds_frequency.csv,reparsed_successfully,570,
01-1803,D:\projstore\Ismail\Dr Koriche\Intense Rainfall and Flash Flooding\Data\ATLAS 14\NOAA_Atlas14_Alabama_PDS\raw_noaa_responses\01-1803_pds_frequency.csv,reparsed_successfully,570,
01-1807,D:\projstore\Ismail\Dr Koriche\Intense Rainfall and Flash Flooding\Data\ATLAS 14\NOAA_Atlas14_Alabama_PDS\raw_noaa_responses\01-1807_pds_frequency.csv,reparsed_successfully,570,
01-1819,D:\projstore\Ismail\Dr Koriche\Intense Rainfall and Flash Flooding\Data\ATLAS 14\NOAA_Atlas14_Alabama_PDS\raw_noaa_responses\01-1819_pds_frequency.csv,reparsed_successfully,570,
01-1849,D:\projstore\Ismail\Dr Koriche\Intense Rainfall and Flash Flooding\Data\ATLAS 14\NOAA_Atlas14_Alabama_PDS\raw_noaa_responses\01-1849_pds_frequency.csv,reparsed_successfully,570,
01-1940,D:\projstore\Ismail\Dr Koriche\Intense Rainfall and Flash Flooding\Data\ATLAS 14\NOAA_Atlas14_Alabama_PDS\raw_noaa_responses\01-1940_pds_frequency.csv,reparsed_successfully,570,
01-2079,D:\projstore\Ismail\Dr Koriche\Intense Rainfall and Flash Flooding\Data\ATLAS 14\NOAA_Atlas14_Alabama_PDS\raw_noaa_responses\01-2079_pds_frequency.csv,reparsed_successfully,570,
01-2119,D:\projstore\Ismail\Dr Koriche\Intense Rainfall and Flash Flooding\Data\ATLAS 14\NOAA_Atlas14_Alabama_PDS\raw_noaa_responses\01-2119_pds_frequency.csv,reparsed_successfully,570,
01-2124,D:\projstore\Ismail\Dr Koriche\Intense Rainfall and Flash Flooding\Data\ATLAS 14\NOAA_Atlas14_Alabama_PDS\raw_noaa_responses\01-2124_pds_frequency.csv,reparsed_successfully,570,
01-2141,D:\projstore\Ismail\Dr Koriche\Intense Rainfall and Flash Flooding\Data\ATLAS 14\NOAA_Atlas14_Alabama_PDS\raw_noaa_responses\01-2141_pds_frequency.csv,reparsed_successfully,570,
01-2172,D:\projstore\Ismail\Dr Koriche\Intense Rainfall and Flash Flooding\Data\ATLAS 14\NOAA_Atlas14_Alabama_PDS\raw_noaa_responses\01-2172_pds_frequency.csv,reparsed_successfully,570,
01-2188,D:\projstore\Ismail\Dr Koriche\Intense Rainfall and Flash Flooding\Data\ATLAS 14\NOAA_Atlas14_Alabama_PDS\raw_noaa_responses\01-2188_pds_frequency.csv,reparsed_successfully,570,
01-2207,D:\projstore\Ismail\Dr Koriche\Intense Rainfall and Flash Flooding\Data\ATLAS 14\NOAA_Atlas14_Alabama_PDS\raw_noaa_responses\01-2207_pds_frequency.csv,reparsed_successfully,570,
01-2240,D:\projstore\Ismail\Dr Koriche\Intense Rainfall and Flash Flooding\Data\ATLAS 14\NOAA_Atlas14_Alabama_PDS\raw_noaa_responses\01-2240_pds_frequency.csv,reparsed_successfully,570,
01-2245,D:\projstore\Ismail\Dr Koriche\Intense Rainfall and Flash Flooding\Data\ATLAS 14\NOAA_Atlas14_Alabama_PDS\raw_noaa_responses\01-2245_pds_frequency.csv,reparsed_successfully,570,
01-2350,D:\projstore\Ismail\Dr Koriche\Intense Rainfall and Flash Flooding\Data\ATLAS 14\NOAA_Atlas14_Alabama_PDS\raw_noaa_responses\01-2350_pds_frequency.csv,reparsed_successfully,570,
01-2372,D:\projstore\Ismail\Dr Koriche\Intense Rainfall and Flash Flooding\Data\ATLAS 14\NOAA_Atlas14_Alabama_PDS\raw_noaa_responses\01-2372_pds_frequency.csv,reparsed_successfully,570,
01-2377,D:\projstore\Ismail\Dr Koriche\Intense Rainfall and Flash Flooding\Data\ATLAS 14\NOAA_Atlas14_Alabama_PDS\raw_noaa_responses\01-2377_pds_frequency.csv,reparsed_successfully,570,
01-2577,D:\projstore\Ismail\Dr Koriche\Intense Rainfall and Flash Flooding\Data\ATLAS 14\NOAA_Atlas14_Alabama_PDS\raw_noaa_responses\01-2577_pds_frequency.csv,reparsed_successfully,570,
01-2632,D:\projstore\Ismail\Dr Koriche\Intense Rainfall and Flash Flooding\Data\ATLAS 14\NOAA_Atlas14_Alabama_PDS\raw_noaa_responses\01-2632_pds_frequency.csv,reparsed_successfully,570,
01-2670,D:\projstore\Ismail\Dr Koriche\Intense Rainfall and Flash Flooding\Data\ATLAS 14\NOAA_Atlas14_Alabama_PDS\raw_noaa_responses\01-2670_pds_frequency.csv,reparsed_successfully,570,
01-2675,D:\projstore\Ismail\Dr Koriche\Intense Rainfall and Flash Flooding\Data\ATLAS 14\NOAA_Atlas14_Alabama_PDS\raw_noaa_responses\01-2675_pds_frequency.csv,reparsed_successfully,570,
01-2727,D:\projstore\Ismail\Dr Koriche\Intense Rainfall and Flash Flooding\Data\ATLAS 14\NOAA_Atlas14_Alabama_PDS\raw_noaa_responses\01-2727_pds_frequency.csv,reparsed_successfully,570,
01-2730,D:\projstore\Ismail\Dr Koriche\Intense Rainfall and Flash Flooding\Data\ATLAS 14\NOAA_Atlas14_Alabama_PDS\raw_noaa_responses\01-2730_pds_frequency.csv,reparsed_successfully,570,
01-2742,D:\projstore\Ismail\Dr Koriche\Intense Rainfall and Flash Flooding\Data\ATLAS 14\NOAA_Atlas14_Alabama_PDS\raw_noaa_responses\01-2742_pds_frequency.csv,reparsed_successfully,570,
01-2758,D:\projstore\Ismail\Dr Koriche\Intense Rainfall and Flash Flooding\Data\ATLAS 14\NOAA_Atlas14_Alabama_PDS\raw_noaa_responses\01-2758_pds_frequency.csv,reparsed_successfully,570,
01-2763,D:\projstore\Ismail\Dr Koriche\Intense Rainfall and Flash Flooding\Data\ATLAS 14\NOAA_Atlas14_Alabama_PDS\raw_noaa_responses\01-2763_pds_frequency.csv,reparsed_successfully,570,
01-2813,D:\projstore\Ismail\Dr Koriche\Intense Rainfall and Flash Flooding\Data\ATLAS 14\NOAA_Atlas14_Alabama_PDS\raw_noaa_responses\01-2813_pds_frequency.csv,reparsed_successfully,570,
01-2840,D:\projstore\Ismail\Dr Koriche\Intense Rainfall and Flash Flooding\Data\ATLAS 14\NOAA_Atlas14_Alabama_PDS\raw_noaa_responses\01-2840_pds_frequency.csv,reparsed_successfully,570,
01-2883,D:\projstore\Ismail\Dr Koriche\Intense Rainfall and Flash Flooding\Data\ATLAS 14\NOAA_Atlas14_Alabama_PDS\raw_noaa_responses\01-2883_pds_frequency.csv,reparsed_successfully,570,
01-2971,D:\projstore\Ismail\Dr Koriche\Intense Rainfall and Flash Flooding\Data\ATLAS 14\NOAA_Atlas14_Alabama_PDS\raw_noaa_responses\01-2971_pds_frequency.csv,reparsed_successfully,570,
01-2976,D:\projstore\Ismail\Dr Koriche\Intense Rainfall and Flash Flooding\Data\ATLAS 14\NOAA_Atlas14_Alabama_PDS\raw_noaa_responses\01-2976_pds_frequency.csv,reparsed_successfully,570,
01-3024,D:\projstore\Ismail\Dr Koriche\Intense Rainfall and Flash Flooding\Data\ATLAS 14\NOAA_Atlas14_Alabama_PDS\raw_noaa_responses\01-3024_pds_frequency.csv,reparsed_successfully,570,
01-3035,D:\projstore\Ismail\Dr Koriche\Intense Rainfall and Flash Flooding\Data\ATLAS 14\NOAA_Atlas14_Alabama_PDS\raw_noaa_responses\01-3035_pds_frequency.csv,reparsed_successfully,570,
01-3043,D:\projstore\Ismail\Dr Koriche\Intense Rainfall and Flash Flooding\Data\ATLAS 14\NOAA_Atlas14_Alabama_PDS\raw_noaa_responses\01-3043_pds_frequency.csv,reparsed_successfully,570,
01-3105,D:\projstore\Ismail\Dr Koriche\Intense Rainfall and Flash Flooding\Data\ATLAS 14\NOAA_Atlas14_Alabama_PDS\raw_noaa_responses\01-3105_pds_frequency.csv,reparsed_successfully,570,
01-3151,D:\projstore\Ismail\Dr Koriche\Intense Rainfall and Flash Flooding\Data\ATLAS 14\NOAA_Atlas14_Alabama_PDS\raw_noaa_responses\01-3151_pds_frequency.csv,reparsed_successfully,570,
01-3154,D:\projstore\Ismail\Dr Koriche\Intense Rainfall and Flash Flooding\Data\ATLAS 14\NOAA_Atlas14_Alabama_PDS\raw_noaa_responses\01-3154_pds_frequency.csv,reparsed_successfully,570,
01-3160,D:\projstore\Ismail\Dr Koriche\Intense Rainfall and Flash Flooding\Data\ATLAS 14\NOAA_Atlas14_Alabama_PDS\raw_noaa_responses\01-3160_pds_frequency.csv,reparsed_successfully,570,
01-3200,D:\projstore\Ismail\Dr Koriche\Intense Rainfall and Flash Flooding\Data\ATLAS 14\NOAA_Atlas14_Alabama_PDS\raw_noaa_responses\01-3200_pds_frequency.csv,reparsed_successfully,570,
01-3251,D:\projstore\Ismail\Dr Koriche\Intense Rainfall and Flash Flooding\Data\ATLAS 14\NOAA_Atlas14_Alabama_PDS\raw_noaa_responses\01-3251_pds_frequency.csv,reparsed_successfully,570,
01-3255,D:\projstore\Ismail\Dr Koriche\Intense Rainfall and Flash Flooding\Data\ATLAS 14\NOAA_Atlas14_Alabama_PDS\raw_noaa_responses\01-3255_pds_frequency.csv,reparsed_successfully,570,
01-3271,D:\projstore\Ismail\Dr Koriche\Intense Rainfall and Flash Flooding\Data\ATLAS 14\NOAA_Atlas14_Alabama_PDS\raw_noaa_responses\01-3271_pds_frequency.csv,reparsed_successfully,570,
01-3399,D:\projstore\Ismail\Dr Koriche\Intense Rainfall and Flash Flooding\Data\ATLAS 14\NOAA_Atlas14_Alabama_PDS\raw_noaa_responses\01-3399_pds_frequency.csv,reparsed_successfully,570,
01-3430,D:\projstore\Ismail\Dr Koriche\Intense Rainfall and Flash Flooding\Data\ATLAS 14\NOAA_Atlas14_Alabama_PDS\raw_noaa_responses\01-3430_pds_frequency.csv,reparsed_successfully,570,
01-3511,D:\projstore\Ismail\Dr Koriche\Intense Rainfall and Flash Flooding\Data\ATLAS 14\NOAA_Atlas14_Alabama_PDS\raw_noaa_responses\01-3511_pds_frequency.csv,reparsed_successfully,570,
01-3519,D:\projstore\Ismail\Dr Koriche\Intense Rainfall and Flash Flooding\Data\ATLAS 14\NOAA_Atlas14_Alabama_PDS\raw_noaa_responses\01-3519_pds_frequency.csv,reparsed_successfully,570,
01-3524,D:\projstore\Ismail\Dr Koriche\Intense Rainfall and Flash Flooding\Data\ATLAS 14\NOAA_Atlas14_Alabama_PDS\raw_noaa_responses\01-3524_pds_frequency.csv,reparsed_successfully,570,
01-3573,D:\projstore\Ismail\Dr Koriche\Intense Rainfall and Flash Flooding\Data\ATLAS 14\NOAA_Atlas14_Alabama_PDS\raw_noaa_responses\01-3573_pds_frequency.csv,reparsed_successfully,570,
01-3620,D:\projstore\Ismail\Dr Koriche\Intense Rainfall and Flash Flooding\Data\ATLAS 14\NOAA_Atlas14_Alabama_PDS\raw_noaa_responses\01-3620_pds_frequency.csv,reparsed_successfully,570,
01-3644,D:\projstore\Ismail\Dr Koriche\Intense Rainfall and Flash Flooding\Data\ATLAS 14\NOAA_Atlas14_Alabama_PDS\raw_noaa_responses\01-3644_pds_frequency.csv,reparsed_successfully,570,
01-3645,D:\projstore\Ismail\Dr Koriche\Intense Rainfall and Flash Flooding\Data\ATLAS 14\NOAA_Atlas14_Alabama_PDS\raw_noaa_responses\01-3645_pds_frequency.csv,reparsed_successfully,570,
01-3655,D:\projstore\Ismail\Dr Koriche\Intense Rainfall and Flash Flooding\Data\ATLAS 14\NOAA_Atlas14_Alabama_PDS\raw_noaa_responses\01-3655_pds_frequency.csv,reparsed_successfully,570,
01-3748,D:\projstore\Ismail\Dr Koriche\Intense Rainfall and Flash Flooding\Data\ATLAS 14\NOAA_Atlas14_Alabama_PDS\raw_noaa_responses\01-3748_pds_frequency.csv,reparsed_successfully,570,
01-3761,D:\projstore\Ismail\Dr Koriche\Intense Rainfall and Flash Flooding\Data\ATLAS 14\NOAA_Atlas14_Alabama_PDS\raw_noaa_responses\01-3761_pds_frequency.csv,reparsed_successfully,570,
01-3775,D:\projstore\Ismail\Dr Koriche\Intense Rainfall and Flash Flooding\Data\ATLAS 14\NOAA_Atlas14_Alabama_PDS\raw_noaa_responses\01-3775_pds_frequency.csv,reparsed_successfully,570,
01-3781,D:\projstore\Ismail\Dr Koriche\Intense Rainfall and Flash Flooding\Data\ATLAS 14\NOAA_Atlas14_Alabama_PDS\raw_noaa_responses\01-3781_pds_frequency.csv,reparsed_successfully,570,
01-3783,D:\projstore\Ismail\Dr Koriche\Intense Rainfall and Flash Flooding\Data\ATLAS 14\NOAA_Atlas14_Alabama_PDS\raw_noaa_responses\01-3783_pds_frequency.csv,reparsed_successfully,570,
01-3816,D:\projstore\Ismail\Dr Koriche\Intense Rainfall and Flash Flooding\Data\ATLAS 14\NOAA_Atlas14_Alabama_PDS\raw_noaa_responses\01-3816_pds_frequency.csv,reparsed_successfully,570,
01-3842,D:\projstore\Ismail\Dr Koriche\Intense Rainfall and Flash Flooding\Data\ATLAS 14\NOAA_Atlas14_Alabama_PDS\raw_noaa_responses\01-3842_pds_frequency.csv,reparsed_successfully,570,
01-3899,D:\projstore\Ismail\Dr Koriche\Intense Rainfall and Flash Flooding\Data\ATLAS 14\NOAA_Atlas14_Alabama_PDS\raw_noaa_responses\01-3899_pds_frequency.csv,reparsed_successfully,570,
01-4064,D:\projstore\Ismail\Dr Koriche\Intense Rainfall and Flash Flooding\Data\ATLAS 14\NOAA_Atlas14_Alabama_PDS\raw_noaa_responses\01-4064_pds_frequency.csv,reparsed_successfully,570,
01-4068,D:\projstore\Ismail\Dr Koriche\Intense Rainfall and Flash Flooding\Data\ATLAS 14\NOAA_Atlas14_Alabama_PDS\raw_noaa_responses\01-4068_pds_frequency.csv,reparsed_successfully,570,
01-4192,D:\projstore\Ismail\Dr Koriche\Intense Rainfall and Flash Flooding\Data\ATLAS 14\NOAA_Atlas14_Alabama_PDS\raw_noaa_responses\01-4192_pds_frequency.csv,reparsed_successfully,570,
01-4193,D:\projstore\Ismail\Dr Koriche\Intense Rainfall and Flash Flooding\Data\ATLAS 14\NOAA_Atlas14_Alabama_PDS\raw_noaa_responses\01-4193_pds_frequency.csv,reparsed_successfully,570,
01-4209,D:\projstore\Ismail\Dr Koriche\Intense Rainfall and Flash Flooding\Data\ATLAS 14\NOAA_Atlas14_Alabama_PDS\raw_noaa_responses\01-4209_pds_frequency.csv,reparsed_successfully,570,
01-4226,D:\projstore\Ismail\Dr Koriche\Intense Rainfall and Flash Flooding\Data\ATLAS 14\NOAA_Atlas14_Alabama_PDS\raw_noaa_responses\01-4226_pds_frequency.csv,reparsed_successfully,570,
01-4306,D:\projstore\Ismail\Dr Koriche\Intense Rainfall and Flash Flooding\Data\ATLAS 14\NOAA_Atlas14_Alabama_PDS\raw_noaa_responses\01-4306_pds_frequency.csv,reparsed_successfully,570,
01-4431,D:\projstore\Ismail\Dr Koriche\Intense Rainfall and Flash Flooding\Data\ATLAS 14\NOAA_Atlas14_Alabama_PDS\raw_noaa_responses\01-4431_pds_frequency.csv,reparsed_successfully,570,
01-4502,D:\projstore\Ismail\Dr Koriche\Intense Rainfall and Flash Flooding\Data\ATLAS 14\NOAA_Atlas14_Alabama_PDS\raw_noaa_responses\01-4502_pds_frequency.csv,reparsed_successfully,570,
01-4603,D:\projstore\Ismail\Dr Koriche\Intense Rainfall and Flash Flooding\Data\ATLAS 14\NOAA_Atlas14_Alabama_PDS\raw_noaa_responses\01-4603_pds_frequency.csv,reparsed_successfully,570,
01-4619,D:\projstore\Ismail\Dr Koriche\Intense Rainfall and Flash Flooding\Data\ATLAS 14\NOAA_Atlas14_Alabama_PDS\raw_noaa_responses\01-4619_pds_frequency.csv,reparsed_successfully,570,
01-4627,D:\projstore\Ismail\Dr Koriche\Intense Rainfall and Flash Flooding\Data\ATLAS 14\NOAA_Atlas14_Alabama_PDS\raw_noaa_responses\01-4627_pds_frequency.csv,reparsed_successfully,570,
01-4798,D:\projstore\Ismail\Dr Koriche\Intense Rainfall and Flash Flooding\Data\ATLAS 14\NOAA_Atlas14_Alabama_PDS\raw_noaa_responses\01-4798_pds_frequency.csv,reparsed_successfully,570,
01-4845,D:\projstore\Ismail\Dr Koriche\Intense Rainfall and Flash Flooding\Data\ATLAS 14\NOAA_Atlas14_Alabama_PDS\raw_noaa_responses\01-4845_pds_frequency.csv,reparsed_successfully,570,
01-4855,D:\projstore\Ismail\Dr Koriche\Intense Rainfall and Flash Flooding\Data\ATLAS 14\NOAA_Atlas14_Alabama_PDS\raw_noaa_responses\01-4855_pds_frequency.csv,reparsed_successfully,570,
01-4976,D:\projstore\Ismail\Dr Koriche\Intense Rainfall and Flash Flooding\Data\ATLAS 14\NOAA_Atlas14_Alabama_PDS\raw_noaa_responses\01-4976_pds_frequency.csv,reparsed_successfully,570,
01-4996,D:\projstore\Ismail\Dr Koriche\Intense Rainfall and Flash Flooding\Data\ATLAS 14\NOAA_Atlas14_Alabama_PDS\raw_noaa_responses\01-4996_pds_frequency.csv,reparsed_successfully,570,
01-5108,D:\projstore\Ismail\Dr Koriche\Intense Rainfall and Flash Flooding\Data\ATLAS 14\NOAA_Atlas14_Alabama_PDS\raw_noaa_responses\01-5108_pds_frequency.csv,reparsed_successfully,570,
01-5112,D:\projstore\Ismail\Dr Koriche\Intense Rainfall and Flash Flooding\Data\ATLAS 14\NOAA_Atlas14_Alabama_PDS\raw_noaa_responses\01-5112_pds_frequency.csv,reparsed_successfully,570,
01-5116,D:\projstore\Ismail\Dr Koriche\Intense Rainfall and Flash Flooding\Data\ATLAS 14\NOAA_Atlas14_Alabama_PDS\raw_noaa_responses\01-5116_pds_frequency.csv,reparsed_successfully,570,
01-5121,D:\projstore\Ismail\Dr Koriche\Intense Rainfall and Flash Flooding\Data\ATLAS 14\NOAA_Atlas14_Alabama_PDS\raw_noaa_responses\01-5121_pds_frequency.csv,reparsed_successfully,570,
01-5140,D:\projstore\Ismail\Dr Koriche\Intense Rainfall and Flash Flooding\Data\ATLAS 14\NOAA_Atlas14_Alabama_PDS\raw_noaa_responses\01-5140_pds_frequency.csv,reparsed_successfully,570,
01-5172,D:\projstore\Ismail\Dr Koriche\Intense Rainfall and Flash Flooding\Data\ATLAS 14\NOAA_Atlas14_Alabama_PDS\raw_noaa_responses\01-5172_pds_frequency.csv,reparsed_successfully,570,
01-5354,D:\projstore\Ismail\Dr Koriche\Intense Rainfall and Flash Flooding\Data\ATLAS 14\NOAA_Atlas14_Alabama_PDS\raw_noaa_responses\01-5354_pds_frequency.csv,reparsed_successfully,570,
01-5397,D:\projstore\Ismail\Dr Koriche\Intense Rainfall and Flash Flooding\Data\ATLAS 14\NOAA_Atlas14_Alabama_PDS\raw_noaa_responses\01-5397_pds_frequency.csv,reparsed_successfully,570,
01-5417,D:\projstore\Ismail\Dr Koriche\Intense Rainfall and Flash Flooding\Data\ATLAS 14\NOAA_Atlas14_Alabama_PDS\raw_noaa_responses\01-5417_pds_frequency.csv,reparsed_successfully,570,
01-5420,D:\projstore\Ismail\Dr Koriche\Intense Rainfall and Flash Flooding\Data\ATLAS 14\NOAA_Atlas14_Alabama_PDS\raw_noaa_responses\01-5420_pds_frequency.csv,reparsed_successfully,570,
01-5439,D:\projstore\Ismail\Dr Koriche\Intense Rainfall and Flash Flooding\Data\ATLAS 14\NOAA_Atlas14_Alabama_PDS\raw_noaa_responses\01-5439_pds_frequency.csv,reparsed_successfully,570,
01-5465,D:\projstore\Ismail\Dr Koriche\Intense Rainfall and Flash Flooding\Data\ATLAS 14\NOAA_Atlas14_Alabama_PDS\raw_noaa_responses\01-5465_pds_frequency.csv,reparsed_successfully,570,
01-5478,D:\projstore\Ismail\Dr Koriche\Intense Rainfall and Flash Flooding\Data\ATLAS 14\NOAA_Atlas14_Alabama_PDS\raw_noaa_responses\01-5478_pds_frequency.csv,reparsed_successfully,570,
01-5483,D:\projstore\Ismail\Dr Koriche\Intense Rainfall and Flash Flooding\Data\ATLAS 14\NOAA_Atlas14_Alabama_PDS\raw_noaa_responses\01-5483_pds_frequency.csv,reparsed_successfully,570,
01-5537,D:\projstore\Ismail\Dr Koriche\Intense Rainfall and Flash Flooding\Data\ATLAS 14\NOAA_Atlas14_Alabama_PDS\raw_noaa_responses\01-5537_pds_frequency.csv,reparsed_successfully,570,
01-5550,D:\projstore\Ismail\Dr Koriche\Intense Rainfall and Flash Flooding\Data\ATLAS 14\NOAA_Atlas14_Alabama_PDS\raw_noaa_responses\01-5550_pds_frequency.csv,reparsed_successfully,570,
01-5553,D:\projstore\Ismail\Dr Koriche\Intense Rainfall and Flash Flooding\Data\ATLAS 14\NOAA_Atlas14_Alabama_PDS\raw_noaa_responses\01-5553_pds_frequency.csv,reparsed_successfully,570,
01-5555,D:\projstore\Ismail\Dr Koriche\Intense Rainfall and Flash Flooding\Data\ATLAS 14\NOAA_Atlas14_Alabama_PDS\raw_noaa_responses\01-5555_pds_frequency.csv,reparsed_successfully,570,
01-5625,D:\projstore\Ismail\Dr Koriche\Intense Rainfall and Flash Flooding\Data\ATLAS 14\NOAA_Atlas14_Alabama_PDS\raw_noaa_responses\01-5625_pds_frequency.csv,reparsed_successfully,570,
01-5635,D:\projstore\Ismail\Dr Koriche\Intense Rainfall and Flash Flooding\Data\ATLAS 14\NOAA_Atlas14_Alabama_PDS\raw_noaa_responses\01-5635_pds_frequency.csv,reparsed_successfully,570,
01-5685,D:\projstore\Ismail\Dr Koriche\Intense Rainfall and Flash Flooding\Data\ATLAS 14\NOAA_Atlas14_Alabama_PDS\raw_noaa_responses\01-5685_pds_frequency.csv,reparsed_successfully,570,
01-5749,D:\projstore\Ismail\Dr Koriche\Intense Rainfall and Flash Flooding\Data\ATLAS 14\NOAA_Atlas14_Alabama_PDS\raw_noaa_responses\01-5749_pds_frequency.csv,reparsed_successfully,570,
01-5785,D:\projstore\Ismail\Dr Koriche\Intense Rainfall and Flash Flooding\Data\ATLAS 14\NOAA_Atlas14_Alabama_PDS\raw_noaa_responses\01-5785_pds_frequency.csv,reparsed_successfully,570,
01-5862,D:\projstore\Ismail\Dr Koriche\Intense Rainfall and Flash Flooding\Data\ATLAS 14\NOAA_Atlas14_Alabama_PDS\raw_noaa_responses\01-5862_pds_frequency.csv,reparsed_successfully,570,
01-5867,D:\projstore\Ismail\Dr Koriche\Intense Rainfall and Flash Flooding\Data\ATLAS 14\NOAA_Atlas14_Alabama_PDS\raw_noaa_responses\01-5867_pds_frequency.csv,reparsed_successfully,570,
01-5875,D:\projstore\Ismail\Dr Koriche\Intense Rainfall and Flash Flooding\Data\ATLAS 14\NOAA_Atlas14_Alabama_PDS\raw_noaa_responses\01-5875_pds_frequency.csv,reparsed_successfully,570,
01-6121,D:\projstore\Ismail\Dr Koriche\Intense Rainfall and Flash Flooding\Data\ATLAS 14\NOAA_Atlas14_Alabama_PDS\raw_noaa_responses\01-6121_pds_frequency.csv,reparsed_successfully,570,
01-6129,D:\projstore\Ismail\Dr Koriche\Intense Rainfall and Flash Flooding\Data\ATLAS 14\NOAA_Atlas14_Alabama_PDS\raw_noaa_responses\01-6129_pds_frequency.csv,reparsed_successfully,570,
01-6218,D:\projstore\Ismail\Dr Koriche\Intense Rainfall and Flash Flooding\Data\ATLAS 14\NOAA_Atlas14_Alabama_PDS\raw_noaa_responses\01-6218_pds_frequency.csv,reparsed_successfully,570,
01-6226,D:\projstore\Ismail\Dr Koriche\Intense Rainfall and Flash Flooding\Data\ATLAS 14\NOAA_Atlas14_Alabama_PDS\raw_noaa_responses\01-6226_pds_frequency.csv,reparsed_successfully,570,
01-6246,D:\projstore\Ismail\Dr Koriche\Intense Rainfall and Flash Flooding\Data\ATLAS 14\NOAA_Atlas14_Alabama_PDS\raw_noaa_responses\01-6246_pds_frequency.csv,reparsed_successfully,570,
01-6334,D:\projstore\Ismail\Dr Koriche\Intense Rainfall and Flash Flooding\Data\ATLAS 14\NOAA_Atlas14_Alabama_PDS\raw_noaa_responses\01-6334_pds_frequency.csv,reparsed_successfully,570,
01-6362,D:\projstore\Ismail\Dr Koriche\Intense Rainfall and Flash Flooding\Data\ATLAS 14\NOAA_Atlas14_Alabama_PDS\raw_noaa_responses\01-6362_pds_frequency.csv,reparsed_successfully,570,
01-6370,D:\projstore\Ismail\Dr Koriche\Intense Rainfall and Flash Flooding\Data\ATLAS 14\NOAA_Atlas14_Alabama_PDS\raw_noaa_responses\01-6370_pds_frequency.csv,reparsed_successfully,570,
01-6414,D:\projstore\Ismail\Dr Koriche\Intense Rainfall and Flash Flooding\Data\ATLAS 14\NOAA_Atlas14_Alabama_PDS\raw_noaa_responses\01-6414_pds_frequency.csv,reparsed_successfully,570,
01-6418,D:\projstore\Ismail\Dr Koriche\Intense Rainfall and Flash Flooding\Data\ATLAS 14\NOAA_Atlas14_Alabama_PDS\raw_noaa_responses\01-6418_pds_frequency.csv,reparsed_successfully,570,
01-6436,D:\projstore\Ismail\Dr Koriche\Intense Rainfall and Flash Flooding\Data\ATLAS 14\NOAA_Atlas14_Alabama_PDS\raw_noaa_responses\01-6436_pds_frequency.csv,reparsed_successfully,570,
01-6468,D:\projstore\Ismail\Dr Koriche\Intense Rainfall and Flash Flooding\Data\ATLAS 14\NOAA_Atlas14_Alabama_PDS\raw_noaa_responses\01-6468_pds_frequency.csv,reparsed_successfully,570,
01-6478,D:\projstore\Ismail\Dr Koriche\Intense Rainfall and Flash Flooding\Data\ATLAS 14\NOAA_Atlas14_Alabama_PDS\raw_noaa_responses\01-6478_pds_frequency.csv,reparsed_successfully,570,
01-6508,D:\projstore\Ismail\Dr Koriche\Intense Rainfall and Flash Flooding\Data\ATLAS 14\NOAA_Atlas14_Alabama_PDS\raw_noaa_responses\01-6508_pds_frequency.csv,reparsed_successfully,570,
01-6640,D:\projstore\Ismail\Dr Koriche\Intense Rainfall and Flash Flooding\Data\ATLAS 14\NOAA_Atlas14_Alabama_PDS\raw_noaa_responses\01-6640_pds_frequency.csv,reparsed_successfully,570,
01-6684,D:\projstore\Ismail\Dr Koriche\Intense Rainfall and Flash Flooding\Data\ATLAS 14\NOAA_Atlas14_Alabama_PDS\raw_noaa_responses\01-6684_pds_frequency.csv,reparsed_successfully,570,
01-6719,D:\projstore\Ismail\Dr Koriche\Intense Rainfall and Flash Flooding\Data\ATLAS 14\NOAA_Atlas14_Alabama_PDS\raw_noaa_responses\01-6719_pds_frequency.csv,reparsed_successfully,570,
01-6847,D:\projstore\Ismail\Dr Koriche\Intense Rainfall and Flash Flooding\Data\ATLAS 14\NOAA_Atlas14_Alabama_PDS\raw_noaa_responses\01-6847_pds_frequency.csv,reparsed_successfully,570,
01-6937,D:\projstore\Ismail\Dr Koriche\Intense Rainfall and Flash Flooding\Data\ATLAS 14\NOAA_Atlas14_Alabama_PDS\raw_noaa_responses\01-6937_pds_frequency.csv,reparsed_successfully,570,
01-6942,D:\projstore\Ismail\Dr Koriche\Intense Rainfall and Flash Flooding\Data\ATLAS 14\NOAA_Atlas14_Alabama_PDS\raw_noaa_responses\01-6942_pds_frequency.csv,reparsed_successfully,570,
01-6988,D:\projstore\Ismail\Dr Koriche\Intense Rainfall and Flash Flooding\Data\ATLAS 14\NOAA_Atlas14_Alabama_PDS\raw_noaa_responses\01-6988_pds_frequency.csv,reparsed_successfully,570,
01-7020,D:\projstore\Ismail\Dr Koriche\Intense Rainfall and Flash Flooding\Data\ATLAS 14\NOAA_Atlas14_Alabama_PDS\raw_noaa_responses\01-7020_pds_frequency.csv,reparsed_successfully,570,
01-7025,D:\projstore\Ismail\Dr Koriche\Intense Rainfall and Flash Flooding\Data\ATLAS 14\NOAA_Atlas14_Alabama_PDS\raw_noaa_responses\01-7025_pds_frequency.csv,reparsed_successfully,570,
01-7131,D:\projstore\Ismail\Dr Koriche\Intense Rainfall and Flash Flooding\Data\ATLAS 14\NOAA_Atlas14_Alabama_PDS\raw_noaa_responses\01-7131_pds_frequency.csv,reparsed_successfully,570,
01-7157,D:\projstore\Ismail\Dr Koriche\Intense Rainfall and Flash Flooding\Data\ATLAS 14\NOAA_Atlas14_Alabama_PDS\raw_noaa_responses\01-7157_pds_frequency.csv,reparsed_successfully,570,
01-7207,D:\projstore\Ismail\Dr Koriche\Intense Rainfall and Flash Flooding\Data\ATLAS 14\NOAA_Atlas14_Alabama_PDS\raw_noaa_responses\01-7207_pds_frequency.csv,reparsed_successfully,570,
01-7282,D:\projstore\Ismail\Dr Koriche\Intense Rainfall and Flash Flooding\Data\ATLAS 14\NOAA_Atlas14_Alabama_PDS\raw_noaa_responses\01-7282_pds_frequency.csv,reparsed_successfully,570,
01-7304,D:\projstore\Ismail\Dr Koriche\Intense Rainfall and Flash Flooding\Data\ATLAS 14\NOAA_Atlas14_Alabama_PDS\raw_noaa_responses\01-7304_pds_frequency.csv,reparsed_successfully,570,
01-7326,D:\projstore\Ismail\Dr Koriche\Intense Rainfall and Flash Flooding\Data\ATLAS 14\NOAA_Atlas14_Alabama_PDS\raw_noaa_responses\01-7326_pds_frequency.csv,reparsed_successfully,570,
01-7328,D:\projstore\Ismail\Dr Koriche\Intense Rainfall and Flash Flooding\Data\ATLAS 14\NOAA_Atlas14_Alabama_PDS\raw_noaa_responses\01-7328_pds_frequency.csv,reparsed_successfully,570,
01-7366,D:\projstore\Ismail\Dr Koriche\Intense Rainfall and Flash Flooding\Data\ATLAS 14\NOAA_Atlas14_Alabama_PDS\raw_noaa_responses\01-7366_pds_frequency.csv,reparsed_successfully,570,
01-7415,D:\projstore\Ismail\Dr Koriche\Intense Rainfall and Flash Flooding\Data\ATLAS 14\NOAA_Atlas14_Alabama_PDS\raw_noaa_responses\01-7415_pds_frequency.csv,reparsed_successfully,570,
01-7733,D:\projstore\Ismail\Dr Koriche\Intense Rainfall and Flash Flooding\Data\ATLAS 14\NOAA_Atlas14_Alabama_PDS\raw_noaa_responses\01-7733_pds_frequency.csv,reparsed_successfully,570,
01-7963,D:\projstore\Ismail\Dr Koriche\Intense Rainfall and Flash Flooding\Data\ATLAS 14\NOAA_Atlas14_Alabama_PDS\raw_noaa_responses\01-7963_pds_frequency.csv,reparsed_successfully,570,
01-7994,D:\projstore\Ismail\Dr Koriche\Intense Rainfall and Flash Flooding\Data\ATLAS 14\NOAA_Atlas14_Alabama_PDS\raw_noaa_responses\01-7994_pds_frequency.csv,reparsed_successfully,570,
01-7999,D:\projstore\Ismail\Dr Koriche\Intense Rainfall and Flash Flooding\Data\ATLAS 14\NOAA_Atlas14_Alabama_PDS\raw_noaa_responses\01-7999_pds_frequency.csv,reparsed_successfully,570,
01-8024,D:\projstore\Ismail\Dr Koriche\Intense Rainfall and Flash Flooding\Data\ATLAS 14\NOAA_Atlas14_Alabama_PDS\raw_noaa_responses\01-8024_pds_frequency.csv,reparsed_successfully,570,
01-8178,D:\projstore\Ismail\Dr Koriche\Intense Rainfall and Flash Flooding\Data\ATLAS 14\NOAA_Atlas14_Alabama_PDS\raw_noaa_responses\01-8178_pds_frequency.csv,reparsed_successfully,570,
01-8204,D:\projstore\Ismail\Dr Koriche\Intense Rainfall and Flash Flooding\Data\ATLAS 14\NOAA_Atlas14_Alabama_PDS\raw_noaa_responses\01-8204_pds_frequency.csv,reparsed_successfully,570,
01-8209,D:\projstore\Ismail\Dr Koriche\Intense Rainfall and Flash Flooding\Data\ATLAS 14\NOAA_Atlas14_Alabama_PDS\raw_noaa_responses\01-8209_pds_frequency.csv,reparsed_successfully,570,
01-8215,D:\projstore\Ismail\Dr Koriche\Intense Rainfall and Flash Flooding\Data\ATLAS 14\NOAA_Atlas14_Alabama_PDS\raw_noaa_responses\01-8215_pds_frequency.csv,reparsed_successfully,570,
01-8259,D:\projstore\Ismail\Dr Koriche\Intense Rainfall and Flash Flooding\Data\ATLAS 14\NOAA_Atlas14_Alabama_PDS\raw_noaa_responses\01-8259_pds_frequency.csv,reparsed_successfully,570,
01-8285,D:\projstore\Ismail\Dr Koriche\Intense Rainfall and Flash Flooding\Data\ATLAS 14\NOAA_Atlas14_Alabama_PDS\raw_noaa_responses\01-8285_pds_frequency.csv,reparsed_successfully,570,
01-8323,D:\projstore\Ismail\Dr Koriche\Intense Rainfall and Flash Flooding\Data\ATLAS 14\NOAA_Atlas14_Alabama_PDS\raw_noaa_responses\01-8323_pds_frequency.csv,reparsed_successfully,570,
01-8380,D:\projstore\Ismail\Dr Koriche\Intense Rainfall and Flash Flooding\Data\ATLAS 14\NOAA_Atlas14_Alabama_PDS\raw_noaa_responses\01-8380_pds_frequency.csv,reparsed_successfully,570,
01-8385,D:\projstore\Ismail\Dr Koriche\Intense Rainfall and Flash Flooding\Data\ATLAS 14\NOAA_Atlas14_Alabama_PDS\raw_noaa_responses\01-8385_pds_frequency.csv,reparsed_successfully,570,
01-8391,D:\projstore\Ismail\Dr Koriche\Intense Rainfall and Flash Flooding\Data\ATLAS 14\NOAA_Atlas14_Alabama_PDS\raw_noaa_responses\01-8391_pds_frequency.csv,reparsed_successfully,570,
01-8398,D:\projstore\Ismail\Dr Koriche\Intense Rainfall and Flash Flooding\Data\ATLAS 14\NOAA_Atlas14_Alabama_PDS\raw_noaa_responses\01-8398_pds_frequency.csv,reparsed_successfully,570,
01-8403,D:\projstore\Ismail\Dr Koriche\Intense Rainfall and Flash Flooding\Data\ATLAS 14\NOAA_Atlas14_Alabama_PDS\raw_noaa_responses\01-8403_pds_frequency.csv,reparsed_successfully,570,
01-8438,D:\projstore\Ismail\Dr Koriche\Intense Rainfall and Flash Flooding\Data\ATLAS 14\NOAA_Atlas14_Alabama_PDS\raw_noaa_responses\01-8438_pds_frequency.csv,reparsed_successfully,570,
01-8446,D:\projstore\Ismail\Dr Koriche\Intense Rainfall and Flash Flooding\Data\ATLAS 14\NOAA_Atlas14_Alabama_PDS\raw_noaa_responses\01-8446_pds_frequency.csv,reparsed_successfully,570,
01-8469,D:\projstore\Ismail\Dr Koriche\Intense Rainfall and Flash Flooding\Data\ATLAS 14\NOAA_Atlas14_Alabama_PDS\raw_noaa_responses\01-8469_pds_frequency.csv,reparsed_successfully,570,
01-8517,D:\projstore\Ismail\Dr Koriche\Intense Rainfall and Flash Flooding\Data\ATLAS 14\NOAA_Atlas14_Alabama_PDS\raw_noaa_responses\01-8517_pds_frequency.csv,reparsed_successfully,570,
01-8605,D:\projstore\Ismail\Dr Koriche\Intense Rainfall and Flash Flooding\Data\ATLAS 14\NOAA_Atlas14_Alabama_PDS\raw_noaa_responses\01-8605_pds_frequency.csv,reparsed_successfully,570,
01-8608,D:\projstore\Ismail\Dr Koriche\Intense Rainfall and Flash Flooding\Data\ATLAS 14\NOAA_Atlas14_Alabama_PDS\raw_noaa_responses\01-8608_pds_frequency.csv,reparsed_successfully,570,
01-8637,D:\projstore\Ismail\Dr Koriche\Intense Rainfall and Flash Flooding\Data\ATLAS 14\NOAA_Atlas14_Alabama_PDS\raw_noaa_responses\01-8637_pds_frequency.csv,reparsed_successfully,570,
01-8648,D:\projstore\Ismail\Dr Koriche\Intense Rainfall and Flash Flooding\Data\ATLAS 14\NOAA_Atlas14_Alabama_PDS\raw_noaa_responses\01-8648_pds_frequency.csv,reparsed_successfully,570,
01-8653,D:\projstore\Ismail\Dr Koriche\Intense Rainfall and Flash Flooding\Data\ATLAS 14\NOAA_Atlas14_Alabama_PDS\raw_noaa_responses\01-8653_pds_frequency.csv,reparsed_successfully,570,
01-8668,D:\projstore\Ismail\Dr Koriche\Intense Rainfall and Flash Flooding\Data\ATLAS 14\NOAA_Atlas14_Alabama_PDS\raw_noaa_responses\01-8668_pds_frequency.csv,reparsed_successfully,570,
01-8670,D:\projstore\Ismail\Dr Koriche\Intense Rainfall and Flash Flooding\Data\ATLAS 14\NOAA_Atlas14_Alabama_PDS\raw_noaa_responses\01-8670_pds_frequency.csv,reparsed_successfully,570,
01-8673,D:\projstore\Ismail\Dr Koriche\Intense Rainfall and Flash Flooding\Data\ATLAS 14\NOAA_Atlas14_Alabama_PDS\raw_noaa_responses\01-8673_pds_frequency.csv,reparsed_successfully,570,
01-8686,D:\projstore\Ismail\Dr Koriche\Intense Rainfall and Flash Flooding\Data\ATLAS 14\NOAA_Atlas14_Alabama_PDS\raw_noaa_responses\01-8686_pds_frequency.csv,reparsed_successfully,570,
01-8755,D:\projstore\Ismail\Dr Koriche\Intense Rainfall and Flash Flooding\Data\ATLAS 14\NOAA_Atlas14_Alabama_PDS\raw_noaa_responses\01-8755_pds_frequency.csv,reparsed_successfully,570,
01-8809,D:\projstore\Ismail\Dr Koriche\Intense Rainfall and Flash Flooding\Data\ATLAS 14\NOAA_Atlas14_Alabama_PDS\raw_noaa_responses\01-8809_pds_frequency.csv,reparsed_successfully,570,
01-8859,D:\projstore\Ismail\Dr Koriche\Intense Rainfall and Flash Flooding\Data\ATLAS 14\NOAA_Atlas14_Alabama_PDS\raw_noaa_responses\01-8859_pds_frequency.csv,reparsed_successfully,570,
01-8867,D:\projstore\Ismail\Dr Koriche\Intense Rainfall and Flash Flooding\Data\ATLAS 14\NOAA_Atlas14_Alabama_PDS\raw_noaa_responses\01-8867_pds_frequency.csv,reparsed_successfully,570,
01-8925,D:\projstore\Ismail\Dr Koriche\Intense Rainfall and Flash Flooding\Data\ATLAS 14\NOAA_Atlas14_Alabama_PDS\raw_noaa_responses\01-8925_pds_frequency.csv,reparsed_successfully,570,
01-8998,D:\projstore\Ismail\Dr Koriche\Intense Rainfall and Flash Flooding\Data\ATLAS 14\NOAA_Atlas14_Alabama_PDS\raw_noaa_responses\01-8998_pds_frequency.csv,reparsed_successfully,570,
01-9103,D:\projstore\Ismail\Dr Koriche\Intense Rainfall and Flash Flooding\Data\ATLAS 14\NOAA_Atlas14_Alabama_PDS\raw_noaa_responses\01-9103_pds_frequency.csv,reparsed_successfully,570,
62-5483,D:\projstore\Ismail\Dr Koriche\Intense Rainfall and Flash Flooding\Data\ATLAS 14\NOAA_Atlas14_Alabama_PDS\raw_noaa_responses\62-5483_pds_frequency.csv,reparsed_successfully,570,
