station_id,station_name,parsed_rows,expected_rows,complete
01-0008,ABBEVILLE,570,570,True
01-0063,ADDISON,570,570,True
01-0140,ALBERTA,570,570,True
01-0148,ALBERTVILLE 2 SE,570,570,True
01-0178,ALICEVILLE,570,570,True
01-0184,ALICEVILLE L&D,570,570,True
01-0252,ANDALUSIA 3 W,570,570,True
01-0272,ANNISTON METRO AP,570,570,True
01-0338,ARLEY 1 S,570,570,True
01-0369,ASHLAND 3 ENE,570,570,True
01-0377,ASHVILLE 4 W,570,570,True
01-0390,ATHENS,570,570,True
01-0395,ATHENS 2,570,570,True
01-0402,ATMORE,570,570,True
01-0422,AUBURN,570,570,True
01-0425,AUBURN #2,570,570,True
01-0427,AUBURN AG RSCH STN 10,570,570,True
01-0430,AUBURN AGRONOMY FARM,570,570,True
01-0440,AUTAUGAVILLE 3 N,570,570,True
01-0505,BANKHEAD L&D,570,570,True
01-0546,BARTON,570,570,True
01-0583,BAY MINETTE,570,570,True
01-0616,BEATRICE,570,570,True
01-0655,BELLE MINA 2 N,570,570,True
01-0748,BERRY 3 NW,570,570,True
01-0757,BESSEMER 3 SSW,570,570,True
01-0764,BESSEMER 3 WSW,570,570,True
01-0823,BILLINGSLEY 3 NE,570,570,True
01-0829,BIRMINGHAM WSFO,570,570,True
01-0831,BIRMINGHAM AP ASOS,570,570,True
01-0836,BIRMINGHAM,570,570,True
01-0957,BOAZ,570,570,True
01-1069,BRANTLEY,570,570,True
01-1080,BREWTON 3 ENE,570,570,True
01-1084,BREWTON 3 SSE,570,570,True
01-1099,BRIDGEPORT 5 NW,570,570,True
01-1143,BROOKWOOD,570,570,True
01-1178,BRUNDIDGE,570,570,True
01-1288,CALERA,570,570,True
01-1300,CAMDEN 3 NNW,570,570,True
01-1301,CAMDEN 3 NW,570,570,True
01-1324,CAMP HILL 2NW,570,570,True
01-1377,CARBON HILL,570,570,True
01-1520,CENTREVILLE,570,570,True
01-1525,CENTREVILLE 6 SW,570,570,True
01-1566,CHATOM,570,570,True
01-1615,CHILDERSBURG,570,570,True
01-1620,CHILDERSBURG WTR PL,570,570,True
01-1690,CLAIBORNE L&D,570,570,True
01-1694,CLANTON,570,570,True
01-1725,CLAYTON,570,570,True
01-1799,COCHRANE 2 E,570,570,True
01-1803,CODEN,570,570,True
01-1807,COFFEE SPRINGS 2 NW,570,570,True
01-1819,COLBERT STEAM PLT,570,570,True
01-1849,COLLINSVILLE,570,570,True
01-1940,CORDOVA 2 ENE,570,570,True
01-2079,CUBA,570,570,True
01-2119,DADEVILLE,570,570,True
01-2124,DADEVILLE 2,570,570,True
01-2141,DANCY 4 N,570,570,True
01-2172,DAUPHIN ISLAND #2,570,570,True
01-2188,DAYTON 1 N,570,570,True
01-2207,DECATUR,570,570,True
01-2240,DEMOPOLIS LOCK 4,570,570,True
01-2245,DEMOPOLIS L&D,570,570,True
01-2350,DORA,570,570,True
01-2372,DOTHAN FAA AP,570,570,True
01-2377,DOTHAN,570,570,True
01-2577,ELBA,570,570,True
01-2632,ELROD,570,570,True
01-2670,ENTERPRISE,570,570,True
01-2675,ENTERPRISE 2 W,570,570,True
01-2727,EUFAULA,570,570,True
01-2730,EUFAULA WILDLIFE REF,570,570,True
01-2742,WARRIOR L&D,570,570,True
01-2758,EVERGREEN,570,570,True
01-2763,EVERGREEN FAA AP,570,570,True
01-2813,FAIRHOPE 2 NE,570,570,True
01-2840,FALKVILLE 1 E,570,570,True
01-2883,FAYETTE,570,570,True
01-2971,FLORENCE,570,570,True
01-2976,FLORENCE AT LOCK,570,570,True
01-3024,FT DEPOSIT,570,570,True
01-3035,FT MORGAN,570,570,True
01-3043,FT PAYNE,570,570,True
01-3105,FRISCO CITY 3 SSW,570,570,True
01-3151,GADSDEN,570,570,True
01-3154,GADSDEN,570,570,True
01-3160,GAINESVILLE LOCK,570,570,True
01-3200,GARDEN CITY,570,570,True
01-3251,GENEVA #2,570,570,True
01-3255,GENEVA,570,570,True
01-3271,GEORGIANA,570,570,True
01-3399,GOODWATER,570,570,True
01-3430,GORGAS 2 ENE,570,570,True
01-3511,GREENSBORO,570,570,True
01-3519,GREENVILLE,570,570,True
01-3524,GREENVILLE 2,570,570,True
01-3573,GUNTERSVILLE,570,570,True
01-3620,HALEYVILLE,570,570,True
01-3644,HAMILTON,570,570,True
01-3645,HAMILTON 3 S,570,570,True
01-3655,HANCEVILLE,570,570,True
01-3748,HAYNEVILLE,570,570,True
01-3761,HEADLAND,570,570,True
01-3775,HEFLIN,570,570,True
01-3781,HELENA,570,570,True
01-3783,HELENA 1 S,570,570,True
01-3816,HIGHLAND HOME,570,570,True
01-3842,HIGHTOWER,570,570,True
01-3899,HODGES,570,570,True
01-4064,HUNTSVILLE INTNL AP,570,570,True
01-4068,HUNTSVILLE 4 SSE,570,570,True
01-4192,JACKSON LOCK 1,570,570,True
01-4193,JACKSON,570,570,True
01-4209,JACKSONVILLE,570,570,True
01-4226,JASPER,570,570,True
01-4306,JORDAN DAM,570,570,True
01-4431,KINSTON,570,570,True
01-4502,LAFAYETTE 2W,570,570,True
01-4603,LAY DAM,570,570,True
01-4619,LEEDS,570,570,True
01-4627,LEESBURG,570,570,True
01-4798,LIVINGSTON,570,570,True
01-4845,LINCOLN LOCK 4,570,570,True
01-4855,BANKHEAD L&D,570,570,True
01-4976,MADISON,570,570,True
01-4996,MAGELLA,570,570,True
01-5108,MARION 1 N,570,570,True
01-5112,MARION 7 NE,570,570,True
01-5116,MARION JUNCTION 2 E,570,570,True
01-5121,MARION JUNCTION 2 NE,570,570,True
01-5140,MARTIN DAM,570,570,True
01-5172,MATHEWS,570,570,True
01-5354,MELVIN,570,570,True
01-5397,MIDWAY,570,570,True
01-5417,MILLERS FERRY,570,570,True
01-5420,MILLERS FERRY L&D,570,570,True
01-5439,MILSTEAD,570,570,True
01-5465,MITCHELL DAM,570,570,True
01-5478,MOBILE RGNL AP,570,570,True
01-5483,MOBILE,570,570,True
01-5537,MONTEVALLO,570,570,True
01-5550,MONTGOMERY AP ASOS,570,570,True
01-5553,MONTGOMERY 6SW,570,570,True
01-5555,MONTGOMERY WB CITY,570,570,True
01-5625,MOULTON,570,570,True
01-5635,MOULTON 2,570,570,True
01-5685,MOUNT VERNON BARRACKS,570,570,True
01-5749,MUSCLE SHOALS AP,570,570,True
01-5785,NATCHEZ,570,570,True
01-5862,NEW MARKET,570,570,True
01-5867,NEW MARKET 2,570,570,True
01-5875,NEWTON,570,570,True
01-6121,ONEONTA,570,570,True
01-6129,OPELIKA,570,570,True
01-6218,OZARK 6 NNW,570,570,True
01-6226,PAINT ROCK 2 N,570,570,True
01-6246,PALMERDALE,570,570,True
01-6334,PENNINGTON 2 NE,570,570,True
01-6362,PERRYVILLE,570,570,True
01-6370,PETERMAN,570,570,True
01-6414,PICKENSVILLE,570,570,True
01-6418,PICKENSVILLE,570,570,True
01-6436,PINE APPLE,570,570,True
01-6468,PINE LEVEL 4 ESE,570,570,True
01-6478,PINSON,570,570,True
01-6508,PLANTERSVILLE 2 SSE,570,570,True
01-6640,PRATTVILLE,570,570,True
01-6684,PRIMROSE FARM,570,570,True
01-6719,PUSHMATAHA,570,570,True
01-6847,REFORM,570,570,True
01-6937,RIVER FALLS,570,570,True
01-6942,RIVER FALLS 2 NE,570,570,True
01-6988,ROBERTSDALE,570,570,True
01-7020,ROCKFORD 3 ESE,570,570,True
01-7025,ROCK MILLS,570,570,True
01-7131,RUSSELLVILLE #2,570,570,True
01-7157,SAINT BERNARD,570,570,True
01-7207,SAND MT SUBSTN,570,570,True
01-7282,SAYRE 5 NW,570,570,True
01-7304,SCOTTSBORO,570,570,True
01-7326,SEALE,570,570,True
01-7328,SEALE,570,570,True
01-7366,SELMA,570,570,True
01-7415,SHEFFIELD TVA NURSERY,570,570,True
01-7733,SPRING HILL,570,570,True
01-7963,SUTTLE,570,570,True
01-7994,SYLACAUGA 2 W,570,570,True
01-7999,SYLACAUGA 4 NE,570,570,True
01-8024,TALLADEGA,570,570,True
01-8178,THOMASVILLE,570,570,True
01-8204,THORSBY 1 SW,570,570,True
01-8209,THORSBY EXP STN,570,570,True
01-8215,THURLOW DAM,570,570,True
01-8259,TONEY,570,570,True
01-8285,TRAFFORD,570,570,True
01-8323,TROY,570,570,True
01-8380,TUSCALOOSA ACFD,570,570,True
01-8385,TUSCALOOSA OLIVER DAM,570,570,True
01-8391,TUSCUMBIA,570,570,True
01-8398,TUSKEGEE,570,570,True
01-8403,TUSKEGEE 3 S,570,570,True
01-8438,UNION SPRINGS 9 S,570,570,True
01-8446,UNIONTOWN,570,570,True
01-8469,VALLEY HEAD,570,570,True
01-8517,VERNON,570,570,True
01-8605,WADLEY,570,570,True
01-8608,WADLEY NR 2,570,570,True
01-8637,WALLACE 2 E,570,570,True
01-8648,WALNUT GROVE,570,570,True
01-8653,WALNUT HILL 3 W,570,570,True
01-8668,WARRIOR,570,570,True
01-8670,WARRIOR,570,570,True
01-8673,WARRIOR L&D,570,570,True
01-8686,WATERLOO,570,570,True
01-8755,WEISS DAM,570,570,True
01-8809,WEST BLOCTON,570,570,True
01-8859,WETUMPKA,570,570,True
01-8867,WHATLEY,570,570,True
01-8925,WHITFIELD LOCK 3,570,570,True
01-8998,WINFIELD 2 SW,570,570,True
01-9103,YATES HYDRO PLT,570,570,True
62-5483,MOBILE POINT,570,570,True
