huc12,flood_report_count,report_count_class
031300020601,0,No geocoded report
031300020602,0,No geocoded report
031300020603,0,No geocoded report
031300020802,0,No geocoded report
031300020803,0,No geocoded report
031300020804,2,1–2 reports
031300020805,1,1–2 reports
031300020806,0,No geocoded report
031300020808,0,No geocoded report
031300020901,0,No geocoded report
031300020902,2,1–2 reports
031300020903,4,3–5 reports
031300020907,2,1–2 reports
031300020908,1,1–2 reports
031300021104,1,1–2 reports
031300021105,0,No geocoded report
031300021106,0,No geocoded report
031300021107,0,No geocoded report
031300021108,0,No geocoded report
031300021109,1,1–2 reports
031300021301,2,1–2 reports
031300021302,0,No geocoded report
031300021306,3,3–5 reports
031300030301,6,6–10 reports
031300030304,0,No geocoded report
031300030305,1,1–2 reports
031300030306,0,No geocoded report
031300030401,0,No geocoded report
031300030402,0,No geocoded report
031300030403,1,1–2 reports
031300030501,1,1–2 reports
031300030502,0,No geocoded report
031300030503,0,No geocoded report
031300030504,1,1–2 reports
031300030505,0,No geocoded report
031300030602,0,No geocoded report
031300030605,0,No geocoded report
031300030606,0,No geocoded report
031300030801,0,No geocoded report
031300030802,0,No geocoded report
031300030803,2,1–2 reports
031300030804,1,1–2 reports
031300030903,0,No geocoded report
031300030904,0,No geocoded report
031300030905,0,No geocoded report
031300031001,0,No geocoded report
031300031002,2,1–2 reports
031300031003,0,No geocoded report
031300031101,3,3–5 reports
031300031102,0,No geocoded report
031300031103,0,No geocoded report
031300031201,0,No geocoded report
031300031202,0,No geocoded report
031300031203,0,No geocoded report
031300031204,0,No geocoded report
031300031205,0,No geocoded report
031300031301,1,1–2 reports
031300031302,0,No geocoded report
031300031303,0,No geocoded report
031300031304,0,No geocoded report
031300031305,0,No geocoded report
031300031306,0,No geocoded report
031300031307,1,1–2 reports
031300031308,0,No geocoded report
031300031309,0,No geocoded report
031300031310,0,No geocoded report
031300031311,1,1–2 reports
031300031312,1,1–2 reports
031300031313,0,No geocoded report
031300031600,0,No geocoded report
031300040104,0,No geocoded report
031300040206,1,1–2 reports
031300040301,0,No geocoded report
031300040302,2,1–2 reports
031300040303,4,3–5 reports
031300040304,0,No geocoded report
031300040401,0,No geocoded report
031300040402,0,No geocoded report
031300040403,0,No geocoded report
031300040404,0,No geocoded report
031300040405,0,No geocoded report
031300040501,0,No geocoded report
031300040502,0,No geocoded report
031300040504,2,1–2 reports
031300040601,7,6–10 reports
031300040602,8,6–10 reports
031300040603,7,6–10 reports
031300040604,0,No geocoded report
031300040605,0,No geocoded report
031300040606,4,3–5 reports
031300040607,1,1–2 reports
031300040701,2,1–2 reports
031300040702,0,No geocoded report
031300040703,0,No geocoded report
031300040709,0,No geocoded report
031300040710,0,No geocoded report
031300040801,0,No geocoded report
031300120101,13,11–20 reports
031300120102,2,1–2 reports
031300120103,5,3–5 reports
031300120104,2,1–2 reports
031300120105,0,No geocoded report
031300120106,2,1–2 reports
031300120107,0,No geocoded report
031300120201,7,6–10 reports
031300120202,1,1–2 reports
031300120203,2,1–2 reports
031401030101,1,1–2 reports
031401030102,2,1–2 reports
031401030103,0,No geocoded report
031401030104,0,No geocoded report
031401030201,5,3–5 reports
031401030202,0,No geocoded report
031401030203,4,3–5 reports
031401030301,1,1–2 reports
031401030302,0,No geocoded report
031401030303,0,No geocoded report
031401030304,0,No geocoded report
031401030305,0,No geocoded report
031401030401,0,No geocoded report
031401030402,0,No geocoded report
031401030403,0,No geocoded report
031401030601,1,1–2 reports
031401030602,0,No geocoded report
031401040101,0,No geocoded report
031401040102,0,No geocoded report
031401040103,1,1–2 reports
031401040104,0,No geocoded report
031401040105,0,No geocoded report
031401040201,0,No geocoded report
031401040301,0,No geocoded report
031401040303,0,No geocoded report
031401040401,0,No geocoded report
031401040402,0,No geocoded report
031401040404,0,No geocoded report
031401060101,0,No geocoded report
031401060102,0,No geocoded report
031401060103,0,No geocoded report
031401060104,0,No geocoded report
031401060201,2,1–2 reports
031401060202,1,1–2 reports
031401060203,0,No geocoded report
031401060301,2,1–2 reports
031401060302,7,6–10 reports
031401060401,0,No geocoded report
031401060402,0,No geocoded report
031401060403,0,No geocoded report
031401060501,0,No geocoded report
031401060502,0,No geocoded report
031401060503,1,1–2 reports
031401060504,1,1–2 reports
031401060505,2,1–2 reports
031401060506,1,1–2 reports
031401060507,1,1–2 reports
031401060601,2,1–2 reports
031401060602,2,1–2 reports
031401060603,1,1–2 reports
031401060701,0,No geocoded report
031401060702,0,No geocoded report
031401060703,0,No geocoded report
031401070103,1,1–2 reports
031401070104,5,3–5 reports
031401070201,6,6–10 reports
031401070202,1,1–2 reports
031401070203,3,3–5 reports
031401070204,11,11–20 reports
031401070205,3,3–5 reports
031401070300,1,1–2 reports
031402010101,0,No geocoded report
031402010102,0,No geocoded report
031402010103,1,1–2 reports
031402010104,0,No geocoded report
031402010201,0,No geocoded report
031402010202,1,1–2 reports
031402010203,1,1–2 reports
031402010204,0,No geocoded report
031402010205,2,1–2 reports
031402010206,0,No geocoded report
031402010207,3,3–5 reports
031402010208,3,3–5 reports
031402010301,0,No geocoded report
031402010302,0,No geocoded report
031402010303,0,No geocoded report
031402010304,2,1–2 reports
031402010401,0,No geocoded report
031402010402,0,No geocoded report
031402010403,0,No geocoded report
031402010404,0,No geocoded report
031402010405,1,1–2 reports
031402010406,1,1–2 reports
031402010407,0,No geocoded report
031402010501,10,6–10 reports
031402010502,3,3–5 reports
031402010503,6,6–10 reports
031402010504,12,11–20 reports
031402010601,9,6–10 reports
031402010602,2,1–2 reports
031402010603,0,No geocoded report
031402010604,1,1–2 reports
031402010701,5,3–5 reports
031402010702,1,1–2 reports
031402010703,0,No geocoded report
031402010801,0,No geocoded report
031402010802,0,No geocoded report
031402010803,2,1–2 reports
031402010901,2,1–2 reports
031402010902,1,1–2 reports
031402010903,0,No geocoded report
031402010904,0,No geocoded report
031402011001,9,6–10 reports
031402011002,0,No geocoded report
031402011003,1,1–2 reports
031402011004,4,3–5 reports
031402011101,4,3–5 reports
031402011102,2,1–2 reports
031402011103,2,1–2 reports
031402011104,5,3–5 reports
031402011105,1,1–2 reports
031402011106,5,3–5 reports
031402011201,2,1–2 reports
031402011202,2,1–2 reports
031402011203,1,1–2 reports
031402020101,0,No geocoded report
031402020102,0,No geocoded report
031402020103,1,1–2 reports
031402020104,0,No geocoded report
031402020201,1,1–2 reports
031402020202,0,No geocoded report
031402020203,0,No geocoded report
031402020204,0,No geocoded report
031402020205,0,No geocoded report
031402020206,1,1–2 reports
031402020207,0,No geocoded report
031402020301,1,1–2 reports
031402020302,0,No geocoded report
031402020303,0,No geocoded report
031402020401,1,1–2 reports
031402020402,0,No geocoded report
031402020403,1,1–2 reports
031402020404,1,1–2 reports
031402020405,1,1–2 reports
031402020406,1,1–2 reports
031402020407,0,No geocoded report
031402020408,3,3–5 reports
031402020409,2,1–2 reports
031402020501,0,No geocoded report
031402020502,3,3–5 reports
031402020503,0,No geocoded report
031402020504,0,No geocoded report
031402020505,2,1–2 reports
031402020506,1,1–2 reports
031402020507,2,1–2 reports
031402020601,3,3–5 reports
031402020602,5,3–5 reports
031402020603,1,1–2 reports
031402020604,0,No geocoded report
031402020605,0,No geocoded report
031402020606,1,1–2 reports
031402020607,7,6–10 reports
031402020608,0,No geocoded report
031402020609,0,No geocoded report
031402020610,5,3–5 reports
031402020701,0,No geocoded report
031402020702,3,3–5 reports
031402020802,0,No geocoded report
031402020803,1,1–2 reports
031402020901,1,1–2 reports
031402020903,0,No geocoded report
031402020904,0,No geocoded report
031402020905,1,1–2 reports
031402020906,8,6–10 reports
031402030101,2,1–2 reports
031402030102,4,3–5 reports
031402030103,2,1–2 reports
031402030104,0,No geocoded report
031402030105,4,3–5 reports
031402030201,1,1–2 reports
031402030203,0,No geocoded report
031402030701,0,No geocoded report
031403010101,1,1–2 reports
031403010102,0,No geocoded report
031403010103,0,No geocoded report
031403010104,1,1–2 reports
031403010105,0,No geocoded report
031403010201,0,No geocoded report
031403010202,1,1–2 reports
031403010203,0,No geocoded report
031403010204,2,1–2 reports
031403010205,1,1–2 reports
031403010301,0,No geocoded report
031403010302,1,1–2 reports
031403010303,2,1–2 reports
031403010401,1,1–2 reports
031403010402,0,No geocoded report
031403010403,0,No geocoded report
031403010404,0,No geocoded report
031403010405,0,No geocoded report
031403010501,2,1–2 reports
031403010502,1,1–2 reports
031403010503,1,1–2 reports
031403020101,0,No geocoded report
031403020102,0,No geocoded report
031403020103,1,1–2 reports
031403020104,0,No geocoded report
031403020201,1,1–2 reports
031403020202,0,No geocoded report
031403020301,0,No geocoded report
031403020302,0,No geocoded report
031403020303,4,3–5 reports
031403020401,0,No geocoded report
031403020402,0,No geocoded report
031403020403,0,No geocoded report
031403020404,0,No geocoded report
031403020501,1,1–2 reports
031403020502,0,No geocoded report
031403020503,0,No geocoded report
031403020504,0,No geocoded report
031403020505,0,No geocoded report
031403020506,0,No geocoded report
031403030101,1,1–2 reports
031403030102,2,1–2 reports
031403030201,2,1–2 reports
031403030202,0,No geocoded report
031403030203,1,1–2 reports
031403030204,0,No geocoded report
031403030301,0,No geocoded report
031403030302,0,No geocoded report
031403030303,0,No geocoded report
031403030304,0,No geocoded report
031403030305,0,No geocoded report
031403030401,2,1–2 reports
031403030402,1,1–2 reports
031403030403,0,No geocoded report
031403030404,0,No geocoded report
031403030405,0,No geocoded report
031403030406,0,No geocoded report
031403030501,0,No geocoded report
031403030502,0,No geocoded report
031403030503,1,1–2 reports
031403030504,1,1–2 reports
031403030601,0,No geocoded report
031403030602,0,No geocoded report
031403030603,0,No geocoded report
031403030604,0,No geocoded report
031403030701,0,No geocoded report
031403030702,0,No geocoded report
031403030703,0,No geocoded report
031403030704,1,1–2 reports
031403040101,0,No geocoded report
031403040102,0,No geocoded report
031403040103,1,1–2 reports
031403040104,0,No geocoded report
031403040105,0,No geocoded report
031403040106,2,1–2 reports
031403040107,4,3–5 reports
031403040201,0,No geocoded report
031403040202,0,No geocoded report
031403040203,0,No geocoded report
031403040301,1,1–2 reports
031403040302,0,No geocoded report
031403040303,0,No geocoded report
031403040304,0,No geocoded report
031403040305,5,3–5 reports
031403040401,0,No geocoded report
031403040402,0,No geocoded report
031403040403,0,No geocoded report
031403040404,7,6–10 reports
031403040501,0,No geocoded report
031403040502,0,No geocoded report
031403040503,1,1–2 reports
031403040504,0,No geocoded report
031403040505,1,1–2 reports
031403040506,0,No geocoded report
031403040601,1,1–2 reports
031403040602,0,No geocoded report
031403040603,0,No geocoded report
031403040604,2,1–2 reports
031403040605,0,No geocoded report
031403050101,0,No geocoded report
031403050102,0,No geocoded report
031403050201,0,No geocoded report
031403050202,2,1–2 reports
031403050203,0,No geocoded report
031403050204,0,No geocoded report
031403050205,0,No geocoded report
031403050206,0,No geocoded report
031403050301,0,No geocoded report
031403050302,3,3–5 reports
031403050401,0,No geocoded report
031403050402,0,No geocoded report
031403050501,1,1–2 reports
031501050101,0,No geocoded report
031501050106,0,No geocoded report
031501050204,0,No geocoded report
031501050206,0,No geocoded report
031501050207,0,No geocoded report
031501050301,0,No geocoded report
031501050302,2,1–2 reports
031501050303,0,No geocoded report
031501050304,0,No geocoded report
031501050501,1,1–2 reports
031501050502,0,No geocoded report
031501050604,0,No geocoded report
031501050605,2,1–2 reports
031501050701,0,No geocoded report
031501050702,0,No geocoded report
031501050703,0,No geocoded report
031501050704,3,3–5 reports
031501050705,0,No geocoded report
031501050801,0,No geocoded report
031501050802,1,1–2 reports
031501050803,1,1–2 reports
031501050804,1,1–2 reports
031501050805,0,No geocoded report
031501050806,2,1–2 reports
031501050807,1,1–2 reports
031501050901,0,No geocoded report
031501050902,0,No geocoded report
031501050903,0,No geocoded report
031501050904,0,No geocoded report
031501050905,1,1–2 reports
031501050906,1,1–2 reports
031501050907,1,1–2 reports
031501050908,1,1–2 reports
031501050909,1,1–2 reports
031501051001,2,1–2 reports
031501051002,4,3–5 reports
031501051003,6,6–10 reports
031501060101,38,21–50 reports
031501060102,3,3–5 reports
031501060103,3,3–5 reports
031501060104,0,No geocoded report
031501060105,1,1–2 reports
031501060106,0,No geocoded report
031501060107,5,3–5 reports
031501060108,1,1–2 reports
031501060201,1,1–2 reports
031501060202,0,No geocoded report
031501060203,0,No geocoded report
031501060204,5,3–5 reports
031501060301,1,1–2 reports
031501060302,2,1–2 reports
031501060303,0,No geocoded report
031501060304,0,No geocoded report
031501060305,1,1–2 reports
031501060306,0,No geocoded report
031501060307,2,1–2 reports
031501060308,1,1–2 reports
031501060309,2,1–2 reports
031501060401,0,No geocoded report
031501060402,0,No geocoded report
031501060403,3,3–5 reports
031501060404,0,No geocoded report
031501060405,1,1–2 reports
031501060406,0,No geocoded report
031501060407,1,1–2 reports
031501060408,2,1–2 reports
031501060409,2,1–2 reports
031501060501,1,1–2 reports
031501060502,0,No geocoded report
031501060503,0,No geocoded report
031501060504,2,1–2 reports
031501060505,5,3–5 reports
031501060506,1,1–2 reports
031501060507,2,1–2 reports
031501060508,0,No geocoded report
031501060509,2,1–2 reports
031501060510,2,1–2 reports
031501060511,1,1–2 reports
031501060512,1,1–2 reports
031501060513,1,1–2 reports
031501060514,0,No geocoded report
031501060601,2,1–2 reports
031501060602,1,1–2 reports
031501060603,1,1–2 reports
031501060604,3,3–5 reports
031501060605,2,1–2 reports
031501060701,0,No geocoded report
031501060702,0,No geocoded report
031501060703,3,3–5 reports
031501060801,0,No geocoded report
031501060802,1,1–2 reports
031501060803,1,1–2 reports
031501060804,1,1–2 reports
031501060805,1,1–2 reports
031501060806,1,1–2 reports
031501060807,0,No geocoded report
031501060808,0,No geocoded report
031501060809,0,No geocoded report
031501060810,0,No geocoded report
031501070101,0,No geocoded report
031501070102,1,1–2 reports
031501070103,0,No geocoded report
031501070104,5,3–5 reports
031501070105,0,No geocoded report
031501070106,2,1–2 reports
031501070201,1,1–2 reports
031501070202,0,No geocoded report
031501070203,1,1–2 reports
031501070204,0,No geocoded report
031501070205,2,1–2 reports
031501070301,4,3–5 reports
031501070302,1,1–2 reports
031501070303,1,1–2 reports
031501070304,2,1–2 reports
031501070401,0,No geocoded report
031501070402,2,1–2 reports
031501070403,4,3–5 reports
031501070404,1,1–2 reports
031501070405,0,No geocoded report
031501070406,1,1–2 reports
031501070501,0,No geocoded report
031501070502,0,No geocoded report
031501070503,1,1–2 reports
031501070601,1,1–2 reports
031501070602,0,No geocoded report
031501070603,0,No geocoded report
031501070701,0,No geocoded report
031501070702,2,1–2 reports
031501070703,0,No geocoded report
031501070704,0,No geocoded report
031501070705,0,No geocoded report
031501070706,0,No geocoded report
031501070707,0,No geocoded report
031501070708,1,1–2 reports
031501070709,0,No geocoded report
031501070801,1,1–2 reports
031501070802,3,3–5 reports
031501070803,0,No geocoded report
031501070901,1,1–2 reports
031501070902,1,1–2 reports
031501070903,0,No geocoded report
031501070904,0,No geocoded report
031501070905,1,1–2 reports
031501070906,1,1–2 reports
031501070907,7,6–10 reports
031501080205,0,No geocoded report
031501080303,0,No geocoded report
031501080304,0,No geocoded report
031501080305,0,No geocoded report
031501080401,0,No geocoded report
031501080402,0,No geocoded report
031501080403,1,1–2 reports
031501080404,2,1–2 reports
031501080405,0,No geocoded report
031501080704,0,No geocoded report
031501080801,0,No geocoded report
031501080802,0,No geocoded report
031501080803,3,3–5 reports
031501080901,1,1–2 reports
031501080902,0,No geocoded report
031501080903,2,1–2 reports
031501080904,3,3–5 reports
031501080905,0,No geocoded report
031501080906,0,No geocoded report
031501081001,0,No geocoded report
031501081002,2,1–2 reports
031501081003,0,No geocoded report
031501081004,0,No geocoded report
031501081005,1,1–2 reports
031501081006,2,1–2 reports
031501090101,1,1–2 reports
031501090102,0,No geocoded report
031501090103,1,1–2 reports
031501090104,0,No geocoded report
031501090105,0,No geocoded report
031501090106,2,1–2 reports
031501090107,1,1–2 reports
031501090201,0,No geocoded report
031501090202,0,No geocoded report
031501090203,0,No geocoded report
031501090204,0,No geocoded report
031501090205,0,No geocoded report
031501090301,2,1–2 reports
031501090302,0,No geocoded report
031501090303,0,No geocoded report
031501090304,0,No geocoded report
031501090305,1,1–2 reports
031501090306,0,No geocoded report
031501090307,1,1–2 reports
031501090308,0,No geocoded report
031501090309,0,No geocoded report
031501090401,3,3–5 reports
031501090402,0,No geocoded report
031501090403,4,3–5 reports
031501090404,1,1–2 reports
031501090405,2,1–2 reports
031501090406,2,1–2 reports
031501090501,0,No geocoded report
031501090502,0,No geocoded report
031501090503,1,1–2 reports
031501090504,2,1–2 reports
031501090601,0,No geocoded report
031501090602,0,No geocoded report
031501090701,0,No geocoded report
031501090702,0,No geocoded report
031501090703,0,No geocoded report
031501090704,0,No geocoded report
031501090801,1,1–2 reports
031501090802,0,No geocoded report
031501090803,2,1–2 reports
031501090804,0,No geocoded report
031501090805,0,No geocoded report
031501100101,0,No geocoded report
031501100102,6,6–10 reports
031501100103,1,1–2 reports
031501100104,1,1–2 reports
031501100201,1,1–2 reports
031501100202,6,6–10 reports
031501100203,1,1–2 reports
031501100204,0,No geocoded report
031501100205,0,No geocoded report
031501100301,2,1–2 reports
031501100302,3,3–5 reports
031501100303,0,No geocoded report
031501100304,1,1–2 reports
031501100401,1,1–2 reports
031501100402,0,No geocoded report
031501100403,0,No geocoded report
031501100404,1,1–2 reports
031501100405,1,1–2 reports
031501100406,1,1–2 reports
031501100501,0,No geocoded report
031501100502,0,No geocoded report
031501100503,1,1–2 reports
031501100504,0,No geocoded report
031501100601,0,No geocoded report
031501100602,0,No geocoded report
031501100603,0,No geocoded report
031501100604,2,1–2 reports
031501100701,1,1–2 reports
031501100702,0,No geocoded report
031501100703,0,No geocoded report
031501100704,1,1–2 reports
031501100801,1,1–2 reports
031501100802,0,No geocoded report
031501100803,0,No geocoded report
031501100804,3,3–5 reports
031501100901,0,No geocoded report
031501100902,1,1–2 reports
031501100903,0,No geocoded report
031501100904,0,No geocoded report
031501100905,2,1–2 reports
031502010101,1,1–2 reports
031502010102,1,1–2 reports
031502010103,2,1–2 reports
031502010104,1,1–2 reports
031502010105,11,11–20 reports
031502010106,8,6–10 reports
031502010107,9,6–10 reports
031502010201,0,No geocoded report
031502010202,0,No geocoded report
031502010203,3,3–5 reports
031502010301,0,No geocoded report
031502010302,0,No geocoded report
031502010303,0,No geocoded report
031502010304,1,1–2 reports
031502010305,0,No geocoded report
031502010306,4,3–5 reports
031502010307,1,1–2 reports
031502010308,1,1–2 reports
031502010309,2,1–2 reports
031502010310,2,1–2 reports
031502010311,3,3–5 reports
031502010401,0,No geocoded report
031502010402,1,1–2 reports
031502010403,1,1–2 reports
031502010404,1,1–2 reports
031502010405,0,No geocoded report
031502010406,0,No geocoded report
031502010407,0,No geocoded report
031502010501,1,1–2 reports
031502010502,1,1–2 reports
031502010503,0,No geocoded report
031502010504,0,No geocoded report
031502010505,0,No geocoded report
031502010601,0,No geocoded report
031502010602,1,1–2 reports
031502010603,3,3–5 reports
031502010701,1,1–2 reports
031502010702,0,No geocoded report
031502010703,1,1–2 reports
031502010704,0,No geocoded report
031502010705,0,No geocoded report
031502010706,0,No geocoded report
031502010801,0,No geocoded report
031502010802,0,No geocoded report
031502010803,2,1–2 reports
031502010804,0,No geocoded report
031502010805,0,No geocoded report
031502010806,0,No geocoded report
031502010807,1,1–2 reports
031502010901,0,No geocoded report
031502010902,0,No geocoded report
031502010903,0,No geocoded report
031502011001,0,No geocoded report
031502011002,1,1–2 reports
031502011003,1,1–2 reports
031502011004,0,No geocoded report
031502011005,0,No geocoded report
031502011006,0,No geocoded report
031502011101,0,No geocoded report
031502011102,1,1–2 reports
031502011201,0,No geocoded report
031502011202,0,No geocoded report
031502011203,0,No geocoded report
031502011204,0,No geocoded report
031502011205,2,1–2 reports
031502011206,0,No geocoded report
031502011207,1,1–2 reports
031502020101,3,3–5 reports
031502020102,1,1–2 reports
031502020103,5,3–5 reports
031502020104,1,1–2 reports
031502020201,1,1–2 reports
031502020202,13,11–20 reports
031502020203,7,6–10 reports
031502020204,31,21–50 reports
031502020205,0,No geocoded report
031502020206,9,6–10 reports
031502020301,8,6–10 reports
031502020302,2,1–2 reports
031502020303,6,6–10 reports
031502020401,0,No geocoded report
031502020402,0,No geocoded report
031502020403,3,3–5 reports
031502020404,2,1–2 reports
031502020405,0,No geocoded report
031502020406,1,1–2 reports
031502020407,0,No geocoded report
031502020501,0,No geocoded report
031502020502,0,No geocoded report
031502020503,5,3–5 reports
031502020504,2,1–2 reports
031502020505,0,No geocoded report
031502020506,0,No geocoded report
031502020507,0,No geocoded report
031502020601,1,1–2 reports
031502020602,0,No geocoded report
031502020603,0,No geocoded report
031502020701,1,1–2 reports
031502020702,0,No geocoded report
031502020703,1,1–2 reports
031502020801,0,No geocoded report
031502020802,1,1–2 reports
031502020803,1,1–2 reports
031502020804,0,No geocoded report
031502020805,3,3–5 reports
031502020901,1,1–2 reports
031502020902,1,1–2 reports
031502030101,0,No geocoded report
031502030102,1,1–2 reports
031502030103,0,No geocoded report
031502030104,0,No geocoded report
031502030105,0,No geocoded report
031502030106,0,No geocoded report
031502030107,0,No geocoded report
031502030108,0,No geocoded report
031502030109,0,No geocoded report
031502030110,0,No geocoded report
031502030201,2,1–2 reports
031502030202,0,No geocoded report
031502030203,1,1–2 reports
031502030204,0,No geocoded report
031502030205,1,1–2 reports
031502030206,0,No geocoded report
031502030207,1,1–2 reports
031502030208,1,1–2 reports
031502030209,0,No geocoded report
031502030301,0,No geocoded report
031502030302,0,No geocoded report
031502030303,1,1–2 reports
031502030401,0,No geocoded report
031502030402,0,No geocoded report
031502030403,1,1–2 reports
031502030404,0,No geocoded report
031502030405,0,No geocoded report
031502030406,1,1–2 reports
031502030407,0,No geocoded report
031502030408,0,No geocoded report
031502030501,0,No geocoded report
031502030502,0,No geocoded report
031502030503,0,No geocoded report
031502030504,0,No geocoded report
031502030505,2,1–2 reports
031502030601,0,No geocoded report
031502030602,0,No geocoded report
031502030603,1,1–2 reports
031502030604,1,1–2 reports
031502030605,3,3–5 reports
031502030606,0,No geocoded report
031502030701,0,No geocoded report
031502030702,0,No geocoded report
031502030703,1,1–2 reports
031502030801,0,No geocoded report
031502030802,0,No geocoded report
031502030803,0,No geocoded report
031502030804,1,1–2 reports
031502030805,1,1–2 reports
031502040101,1,1–2 reports
031502040102,0,No geocoded report
031502040103,0,No geocoded report
031502040104,0,No geocoded report
031502040105,0,No geocoded report
031502040201,0,No geocoded report
031502040202,0,No geocoded report
031502040203,0,No geocoded report
031502040204,0,No geocoded report
031502040205,1,1–2 reports
031502040206,0,No geocoded report
031502040301,0,No geocoded report
031502040302,1,1–2 reports
031502040303,2,1–2 reports
031502040304,5,3–5 reports
031502040401,0,No geocoded report
031502040402,0,No geocoded report
031502040403,1,1–2 reports
031502040404,1,1–2 reports
031502040405,1,1–2 reports
031502040501,0,No geocoded report
031502040502,2,1–2 reports
031502040503,1,1–2 reports
031502040601,0,No geocoded report
031502040602,0,No geocoded report
031502040603,0,No geocoded report
031502040604,0,No geocoded report
031502040701,0,No geocoded report
031502040702,0,No geocoded report
031502040703,0,No geocoded report
031502040704,0,No geocoded report
031502040705,0,No geocoded report
031601010501,1,1–2 reports
031601010502,1,1–2 reports
031601010503,2,1–2 reports
031601010504,0,No geocoded report
031601010505,0,No geocoded report
031601010601,0,No geocoded report
031601030101,1,1–2 reports
031601030102,0,No geocoded report
031601030103,0,No geocoded report
031601030104,1,1–2 reports
031601030105,0,No geocoded report
031601030106,0,No geocoded report
031601030107,0,No geocoded report
031601030201,1,1–2 reports
031601030202,3,3–5 reports
031601030301,1,1–2 reports
031601030302,2,1–2 reports
031601030303,1,1–2 reports
031601030304,0,No geocoded report
031601030305,5,3–5 reports
031601030306,6,6–10 reports
031601030401,3,3–5 reports
031601030402,2,1–2 reports
031601030501,0,No geocoded report
031601030502,0,No geocoded report
031601030503,3,3–5 reports
031601030601,0,No geocoded report
031601050101,0,No geocoded report
031601050102,0,No geocoded report
031601050103,0,No geocoded report
031601050201,1,1–2 reports
031601050202,1,1–2 reports
031601050203,1,1–2 reports
031601050204,2,1–2 reports
031601050205,0,No geocoded report
031601050301,0,No geocoded report
031601050302,0,No geocoded report
031601050303,0,No geocoded report
031601050304,10,6–10 reports
031601050401,3,3–5 reports
031601050402,4,3–5 reports
031601050403,0,No geocoded report
031601050404,6,6–10 reports
031601050405,0,No geocoded report
031601050502,0,No geocoded report
031601050503,0,No geocoded report
031601060201,1,1–2 reports
031601060202,0,No geocoded report
031601060203,0,No geocoded report
031601060301,0,No geocoded report
031601060304,0,No geocoded report
031601060305,0,No geocoded report
031601060308,0,No geocoded report
031601060401,0,No geocoded report
031601060402,1,1–2 reports
031601060403,0,No geocoded report
031601060404,0,No geocoded report
031601060405,1,1–2 reports
031601060406,0,No geocoded report
031601060407,0,No geocoded report
031601060408,0,No geocoded report
031601060501,0,No geocoded report
031601060502,2,1–2 reports
031601060503,0,No geocoded report
031601060504,0,No geocoded report
031601060505,0,No geocoded report
031601060506,0,No geocoded report
031601060507,0,No geocoded report
031601060601,0,No geocoded report
031601060602,0,No geocoded report
031601060603,0,No geocoded report
031601060604,0,No geocoded report
031601060605,0,No geocoded report
031601060606,0,No geocoded report
031601060607,1,1–2 reports
031601060608,0,No geocoded report
031601060609,0,No geocoded report
031601060701,0,No geocoded report
031601060702,0,No geocoded report
031601060703,1,1–2 reports
031601060704,0,No geocoded report
031601060705,0,No geocoded report
031601060706,0,No geocoded report
031601060707,0,No geocoded report
031601060708,0,No geocoded report
031601060709,0,No geocoded report
031601070101,0,No geocoded report
031601070102,1,1–2 reports
031601070103,2,1–2 reports
031601070104,0,No geocoded report
031601070105,1,1–2 reports
031601070106,0,No geocoded report
031601070201,5,3–5 reports
031601070202,0,No geocoded report
031601070203,2,1–2 reports
031601070204,0,No geocoded report
031601070205,0,No geocoded report
031601070206,1,1–2 reports
031601070301,0,No geocoded report
031601070302,3,3–5 reports
031601070303,3,3–5 reports
031601070304,0,No geocoded report
031601070305,0,No geocoded report
031601070306,0,No geocoded report
031601080903,2,1–2 reports
031601081002,0,No geocoded report
031601081003,0,No geocoded report
031601081004,0,No geocoded report
031601081005,1,1–2 reports
031601081101,0,No geocoded report
031601081102,0,No geocoded report
031601090101,7,6–10 reports
031601090102,1,1–2 reports
031601090103,0,No geocoded report
031601090104,13,11–20 reports
031601090105,1,1–2 reports
031601090106,10,6–10 reports
031601090107,2,1–2 reports
031601090108,3,3–5 reports
031601090109,7,6–10 reports
031601090201,1,1–2 reports
031601090202,2,1–2 reports
031601090203,2,1–2 reports
031601090204,2,1–2 reports
031601090205,5,3–5 reports
031601090206,0,No geocoded report
031601090301,1,1–2 reports
031601090302,1,1–2 reports
031601090303,0,No geocoded report
031601090304,0,No geocoded report
031601090305,0,No geocoded report
031601090306,0,No geocoded report
031601090307,2,1–2 reports
031601090308,0,No geocoded report
031601090309,1,1–2 reports
031601090401,0,No geocoded report
031601090402,0,No geocoded report
031601090403,1,1–2 reports
031601090404,0,No geocoded report
031601090405,1,1–2 reports
031601090501,0,No geocoded report
031601090502,3,3–5 reports
031601090503,0,No geocoded report
031601090601,5,3–5 reports
031601090602,0,No geocoded report
031601090603,1,1–2 reports
031601090604,0,No geocoded report
031601100101,0,No geocoded report
031601100102,0,No geocoded report
031601100103,0,No geocoded report
031601100104,0,No geocoded report
031601100105,0,No geocoded report
031601100201,0,No geocoded report
031601100202,0,No geocoded report
031601100203,0,No geocoded report
031601100301,0,No geocoded report
031601100302,0,No geocoded report
031601100303,0,No geocoded report
031601100304,0,No geocoded report
031601100305,0,No geocoded report
031601100306,0,No geocoded report
031601100401,4,3–5 reports
031601100402,2,1–2 reports
031601100403,0,No geocoded report
031601100404,0,No geocoded report
031601100405,9,6–10 reports
031601100406,0,No geocoded report
031601100407,0,No geocoded report
031601100408,0,No geocoded report
031601100501,6,6–10 reports
031601100502,5,3–5 reports
031601100503,2,1–2 reports
031601100504,2,1–2 reports
031601100505,0,No geocoded report
031601100506,0,No geocoded report
031601100507,3,3–5 reports
031601110101,0,No geocoded report
031601110102,1,1–2 reports
031601110103,6,6–10 reports
031601110104,0,No geocoded report
031601110105,9,6–10 reports
031601110106,0,No geocoded report
031601110107,0,No geocoded report
031601110201,2,1–2 reports
031601110202,0,No geocoded report
031601110203,1,1–2 reports
031601110204,0,No geocoded report
031601110205,2,1–2 reports
031601110206,4,3–5 reports
031601110207,0,No geocoded report
031601110208,2,1–2 reports
031601110301,0,No geocoded report
031601110302,0,No geocoded report
031601110303,0,No geocoded report
031601110304,1,1–2 reports
031601110305,3,3–5 reports
031601110306,3,3–5 reports
031601110307,0,No geocoded report
031601110308,5,3–5 reports
031601110401,0,No geocoded report
031601110402,1,1–2 reports
031601110403,0,No geocoded report
031601110404,0,No geocoded report
031601110405,1,1–2 reports
031601110406,9,6–10 reports
031601110407,3,3–5 reports
031601110408,21,21–50 reports
031601110409,2,1–2 reports
031601110410,2,1–2 reports
031601110411,0,No geocoded report
031601110412,1,1–2 reports
031601110413,0,No geocoded report
031601120101,22,21–50 reports
031601120102,5,3–5 reports
031601120103,1,1–2 reports
031601120104,4,3–5 reports
031601120105,2,1–2 reports
031601120106,0,No geocoded report
031601120201,1,1–2 reports
031601120202,0,No geocoded report
031601120203,0,No geocoded report
031601120301,0,No geocoded report
031601120302,0,No geocoded report
031601120303,1,1–2 reports
031601120304,0,No geocoded report
031601120305,0,No geocoded report
031601120306,0,No geocoded report
031601120401,0,No geocoded report
031601120402,0,No geocoded report
031601120403,0,No geocoded report
031601120404,0,No geocoded report
031601120405,2,1–2 reports
031601120406,0,No geocoded report
031601120407,0,No geocoded report
031601120408,0,No geocoded report
031601120409,2,1–2 reports
031601120410,0,No geocoded report
031601120411,1,1–2 reports
031601120412,0,No geocoded report
031601120413,1,1–2 reports
031601120501,0,No geocoded report
031601120502,0,No geocoded report
031601120503,0,No geocoded report
031601120504,1,1–2 reports
031601120505,16,11–20 reports
031601130101,1,1–2 reports
031601130102,0,No geocoded report
031601130103,0,No geocoded report
031601130104,1,1–2 reports
031601130105,0,No geocoded report
031601130201,3,3–5 reports
031601130202,5,3–5 reports
031601130203,6,6–10 reports
031601130204,0,No geocoded report
031601130205,0,No geocoded report
031601130301,0,No geocoded report
031601130302,0,No geocoded report
031601130401,0,No geocoded report
031601130402,0,No geocoded report
031601130501,0,No geocoded report
031601130502,1,1–2 reports
031601130503,1,1–2 reports
031601130504,0,No geocoded report
031601130505,0,No geocoded report
031601130506,1,1–2 reports
031601130507,1,1–2 reports
031601130601,1,1–2 reports
031601130602,2,1–2 reports
031601130603,0,No geocoded report
031601130604,0,No geocoded report
031601130605,0,No geocoded report
031601130606,0,No geocoded report
031601130607,0,No geocoded report
031601130701,0,No geocoded report
031601130702,0,No geocoded report
031601130703,0,No geocoded report
031601130704,1,1–2 reports
031601130705,1,1–2 reports
031601130706,2,1–2 reports
031601130707,2,1–2 reports
031601130708,0,No geocoded report
031601130801,0,No geocoded report
031601130802,0,No geocoded report
031601130803,1,1–2 reports
031601130804,0,No geocoded report
031601130805,0,No geocoded report
031601130806,0,No geocoded report
031602010101,1,1–2 reports
031602010102,0,No geocoded report
031602010103,1,1–2 reports
031602010104,1,1–2 reports
031602010105,0,No geocoded report
031602010106,0,No geocoded report
031602010107,0,No geocoded report
031602010108,0,No geocoded report
031602010109,0,No geocoded report
031602010201,0,No geocoded report
031602010202,0,No geocoded report
031602010203,0,No geocoded report
031602010301,0,No geocoded report
031602010302,0,No geocoded report
031602010401,1,1–2 reports
031602010402,0,No geocoded report
031602010403,0,No geocoded report
031602010404,0,No geocoded report
031602010405,0,No geocoded report
031602010406,0,No geocoded report
031602010407,0,No geocoded report
031602010408,2,1–2 reports
031602010501,0,No geocoded report
031602010502,0,No geocoded report
031602010503,0,No geocoded report
031602010504,0,No geocoded report
031602010505,0,No geocoded report
031602010506,3,3–5 reports
031602010601,4,3–5 reports
031602010602,0,No geocoded report
031602010603,0,No geocoded report
031602010604,0,No geocoded report
031602010701,0,No geocoded report
031602010702,0,No geocoded report
031602010703,2,1–2 reports
031602010704,1,1–2 reports
031602010801,1,1–2 reports
031602010802,0,No geocoded report
031602010803,1,1–2 reports
031602010804,10,6–10 reports
031602010805,0,No geocoded report
031602010806,5,3–5 reports
031602010807,1,1–2 reports
031602010901,0,No geocoded report
031602010902,0,No geocoded report
031602010903,0,No geocoded report
031602010904,5,3–5 reports
031602010905,2,1–2 reports
031602010906,0,No geocoded report
031602010907,1,1–2 reports
031602010908,1,1–2 reports
031602010909,0,No geocoded report
031602020305,0,No geocoded report
031602020401,0,No geocoded report
031602020402,1,1–2 reports
031602020403,0,No geocoded report
031602020404,1,1–2 reports
031602020405,2,1–2 reports
031602020502,0,No geocoded report
031602020602,0,No geocoded report
031602020603,0,No geocoded report
031602020604,1,1–2 reports
031602020701,0,No geocoded report
031602020702,0,No geocoded report
031602020703,0,No geocoded report
031602030101,2,1–2 reports
031602030102,1,1–2 reports
031602030103,0,No geocoded report
031602030104,0,No geocoded report
031602030201,0,No geocoded report
031602030202,1,1–2 reports
031602030203,0,No geocoded report
031602030204,0,No geocoded report
031602030205,0,No geocoded report
031602030301,0,No geocoded report
031602030302,4,3–5 reports
031602030401,0,No geocoded report
031602030402,5,3–5 reports
031602030403,1,1–2 reports
031602030501,1,1–2 reports
031602030502,0,No geocoded report
031602030601,0,No geocoded report
031602030602,9,6–10 reports
031602030603,1,1–2 reports
031602030604,3,3–5 reports
031602030605,6,6–10 reports
031602030606,0,No geocoded report
031602030607,2,1–2 reports
031602030701,1,1–2 reports
031602030702,3,3–5 reports
031602030703,0,No geocoded report
031602030704,1,1–2 reports
031602030705,0,No geocoded report
031602030801,0,No geocoded report
031602030802,0,No geocoded report
031602030901,3,3–5 reports
031602030902,0,No geocoded report
031602030903,0,No geocoded report
031602031001,0,No geocoded report
031602031002,3,3–5 reports
031602031101,0,No geocoded report
031602031102,0,No geocoded report
031602031103,0,No geocoded report
031602040101,3,3–5 reports
031602040102,0,No geocoded report
031602040103,0,No geocoded report
031602040104,0,No geocoded report
031602040105,0,No geocoded report
031602040106,1,1–2 reports
031602040201,1,1–2 reports
031602040202,0,No geocoded report
031602040203,0,No geocoded report
031602040301,0,No geocoded report
031602040302,2,1–2 reports
031602040303,0,No geocoded report
031602040304,9,6–10 reports
031602040305,2,1–2 reports
031602040401,0,No geocoded report
031602040402,6,6–10 reports
031602040403,1,1–2 reports
031602040501,7,6–10 reports
031602040502,2,1–2 reports
031602040503,3,3–5 reports
031602040504,19,11–20 reports
031602040505,10,6–10 reports
031602050101,17,11–20 reports
031602050102,14,11–20 reports
031602050103,8,6–10 reports
031602050104,9,6–10 reports
031602050105,6,6–10 reports
031602050201,7,6–10 reports
031602050202,5,3–5 reports
031602050203,8,6–10 reports
031602050204,19,11–20 reports
031602050205,12,11–20 reports
031602050206,10,6–10 reports
031602050207,0,No geocoded report
031602050208,4,3–5 reports
031602050300,1,1–2 reports
031700020504,0,No geocoded report
031700020505,0,No geocoded report
031700020507,0,No geocoded report
031700020602,0,No geocoded report
031700020603,0,No geocoded report
031700020604,1,1–2 reports
031700020605,0,No geocoded report
031700020607,0,No geocoded report
031700030204,0,No geocoded report
031700030402,0,No geocoded report
031700080101,0,No geocoded report
031700080102,1,1–2 reports
031700080103,1,1–2 reports
031700080104,0,No geocoded report
031700080105,0,No geocoded report
031700080201,1,1–2 reports
031700080202,0,No geocoded report
031700080203,1,1–2 reports
031700080204,0,No geocoded report
031700080205,0,No geocoded report
031700080206,0,No geocoded report
031700080302,0,No geocoded report
031700080303,1,1–2 reports
031700080402,0,No geocoded report
031700080403,0,No geocoded report
031700080404,1,1–2 reports
031700080405,0,No geocoded report
031700080501,0,No geocoded report
031700080502,5,3–5 reports
031700080601,8,6–10 reports
031700080602,9,6–10 reports
031700080603,0,No geocoded report
031700080701,5,3–5 reports
031700080702,11,11–20 reports
031700090101,1,1–2 reports
031700090102,7,6–10 reports
031700090103,3,3–5 reports
031700090201,2,1–2 reports
031700090202,3,3–5 reports
031700090203,0,No geocoded report
031700091500,0,No geocoded report
060200011101,2,1–2 reports
060200011102,0,No geocoded report
060200011103,0,No geocoded report
060200011204,0,No geocoded report
060300010201,2,1–2 reports
060300010202,2,1–2 reports
060300010203,2,1–2 reports
060300010204,0,No geocoded report
060300010205,0,No geocoded report
060300010302,0,No geocoded report
060300010303,0,No geocoded report
060300010304,1,1–2 reports
060300010305,1,1–2 reports
060300010306,1,1–2 reports
060300010307,3,3–5 reports
060300010401,0,No geocoded report
060300010402,0,No geocoded report
060300010403,0,No geocoded report
060300010404,3,3–5 reports
060300010405,4,3–5 reports
060300010406,3,3–5 reports
060300010407,2,1–2 reports
060300010408,1,1–2 reports
060300010501,0,No geocoded report
060300010502,5,3–5 reports
060300010503,2,1–2 reports
060300010504,0,No geocoded report
060300010505,3,3–5 reports
060300010601,1,1–2 reports
060300010602,5,3–5 reports
060300010603,7,6–10 reports
060300010604,3,3–5 reports
060300010605,0,No geocoded report
060300010606,3,3–5 reports
060300010701,3,3–5 reports
060300010702,4,3–5 reports
060300010703,4,3–5 reports
060300010704,3,3–5 reports
060300010705,1,1–2 reports
060300010801,5,3–5 reports
060300010802,2,1–2 reports
060300010803,5,3–5 reports
060300010804,1,1–2 reports
060300010805,0,No geocoded report
060300010806,11,11–20 reports
060300010807,0,No geocoded report
060300010901,1,1–2 reports
060300010902,2,1–2 reports
060300010903,2,1–2 reports
060300010904,4,3–5 reports
060300010905,0,No geocoded report
060300010906,2,1–2 reports
060300020101,1,1–2 reports
060300020102,0,No geocoded report
060300020103,1,1–2 reports
060300020104,1,1–2 reports
060300020105,2,1–2 reports
060300020106,0,No geocoded report
060300020107,7,6–10 reports
060300020201,0,No geocoded report
060300020202,9,6–10 reports
060300020203,5,3–5 reports
060300020204,8,6–10 reports
060300020301,0,No geocoded report
060300020302,0,No geocoded report
060300020303,3,3–5 reports
060300020304,8,6–10 reports
060300020305,12,11–20 reports
060300020306,8,6–10 reports
060300020307,5,3–5 reports
060300020401,1,1–2 reports
060300020402,7,6–10 reports
060300020403,12,11–20 reports
060300020404,7,6–10 reports
060300020405,17,11–20 reports
060300020501,23,21–50 reports
060300020502,34,21–50 reports
060300020503,23,21–50 reports
060300020504,24,21–50 reports
060300020505,6,6–10 reports
060300020601,1,1–2 reports
060300020602,4,3–5 reports
060300020603,13,11–20 reports
060300020604,8,6–10 reports
060300020605,0,No geocoded report
060300020606,1,1–2 reports
060300020701,5,3–5 reports
060300020702,29,21–50 reports
060300020703,2,1–2 reports
060300020801,7,6–10 reports
060300020802,5,3–5 reports
060300020803,2,1–2 reports
060300020901,7,6–10 reports
060300020902,4,3–5 reports
060300020903,4,3–5 reports
060300020904,6,6–10 reports
060300020905,13,11–20 reports
060300020906,1,1–2 reports
060300021001,0,No geocoded report
060300021002,1,1–2 reports
060300021003,13,11–20 reports
060300021004,2,1–2 reports
060300021005,9,6–10 reports
060300021006,4,3–5 reports
060300021007,6,6–10 reports
060300021008,8,6–10 reports
060300021009,1,1–2 reports
060300021010,2,1–2 reports
060300021011,4,3–5 reports
060300021012,0,No geocoded report
060300021013,4,3–5 reports
060300021014,20,11–20 reports
060300021101,12,11–20 reports
060300021102,32,21–50 reports
060300021103,7,6–10 reports
060300021104,2,1–2 reports
060300021105,5,3–5 reports
060300021106,1,1–2 reports
060300021107,2,1–2 reports
060300021201,0,No geocoded report
060300021202,14,11–20 reports
060300021203,1,1–2 reports
060300021204,3,3–5 reports
060300021205,1,1–2 reports
060300030601,0,No geocoded report
060300040303,4,3–5 reports
060300040401,2,1–2 reports
060300040402,2,1–2 reports
060300040403,2,1–2 reports
060300040404,18,11–20 reports
060300040405,8,6–10 reports
060300050101,2,1–2 reports
060300050102,17,11–20 reports
060300050103,5,3–5 reports
060300050104,3,3–5 reports
060300050105,2,1–2 reports
060300050201,6,6–10 reports
060300050202,12,11–20 reports
060300050301,1,1–2 reports
060300050302,1,1–2 reports
060300050303,0,No geocoded report
060300050304,11,11–20 reports
060300050507,3,3–5 reports
060300050508,5,3–5 reports
060300050509,9,6–10 reports
060300050601,3,3–5 reports
060300050602,1,1–2 reports
060300050603,6,6–10 reports
060300050604,14,11–20 reports
060300050605,26,21–50 reports
060300050701,0,No geocoded report
060300050702,8,6–10 reports
060300050703,26,21–50 reports
060300050801,11,11–20 reports
060300050802,8,6–10 reports
060300050803,38,21–50 reports
060300050804,0,No geocoded report
060300050805,4,3–5 reports
060300050806,1,1–2 reports
060300050807,4,3–5 reports
060300050808,14,11–20 reports
060300050901,1,1–2 reports
060300050902,2,1–2 reports
060300051001,2,1–2 reports
060300051002,16,11–20 reports
060300051003,0,No geocoded report
060300051004,2,1–2 reports
060300051202,1,1–2 reports
060300051203,1,1–2 reports
060300060101,1,1–2 reports
060300060102,3,3–5 reports
060300060103,8,6–10 reports
060300060104,2,1–2 reports
060300060105,3,3–5 reports
060300060106,0,No geocoded report
060300060201,10,6–10 reports
060300060202,1,1–2 reports
060300060203,1,1–2 reports
060300060204,0,No geocoded report
060300060205,0,No geocoded report
060300060206,0,No geocoded report
060300060207,1,1–2 reports
060300060301,0,No geocoded report
060300060302,0,No geocoded report
060300060303,0,No geocoded report
060300060304,2,1–2 reports
060300060305,10,6–10 reports
060300060306,0,No geocoded report
060300060307,0,No geocoded report
