nhdplus_comid,site_no
10854043,02378170
10854075,02378170
10854229,02378170
10854231,02378170
10854239,02378170
10854243,02378170
10854255,02378170
10854441,02378170
15809627,02412065
15809683,02412065
15809715,02412065
15809757,02412065
15809777,02412065
15809837,02412065
15809873,02412065
15809915,02412065
15809931,02412000
15809931,02412065
15809945,02412000
15809947,02412000
15809955,02412000
15809955,02412065
15809985,02412000
15809987,02412000
15810691,02412000
15811541,02413300
15811605,02413300
15811609,02413300
15811619,02413300
15811667,02413300
15811741,02413300
15811911,02413500
15811915,02413475
15811915,02413500
15811927,02413500
15811929,02413475
15811929,02413500
15811959,02413475
15811965,02413500
15811977,02413475
15811977,02413500
15811979,02413500
15811991,02413475
15811993,02413400
15812003,02413500
15812011,02413400
15812015,02413400
15812017,02413400
15812023,02413475
15812031,02413475
15812033,02413475
15812035,02413475
15812117,02413475
15812121,02413500
15812163,02412500
15812165,02412500
15812167,02413475
15812169,02413475
15812177,02412500
15814729,02412500
15814741,02412500
15819319,02398950
15819321,02398950
15819343,02398950
15819431,02398950
15819481,02398950
15819541,02398950
15819787,02398950
15820199,02398950
15820233,02398950
15820295,02398950
15820317,02399000
15820319,02398950
15820339,02398950
15820339,02399000
15820409,02398950
15820409,02399000
15820439,02398950
15820439,02399000
15820449,02398950
15820449,02399000
15820491,02398950
15820491,02399000
15820513,02399000
15820601,02399000
15820609,02399000
15820625,02399000
15820685,02399000
15820721,02399000
15820731,02399000
15820749,02399000
15820775,02398300
15820775,02398400
15820789,02398300
15820789,02398400
15820799,02399000
15820799,02399200
15820807,02399000
15820807,02399200
15820841,02398300
15820841,02398400
15820849,02398300
15820849,02398400
15820865,02398300
15820865,02398400
15820871,02399000
15820871,02399200
15820897,02398300
15820897,02398400
15820951,02398300
15820951,02398400
15820971,02398300
15820971,02398400
15820981,02398300
15820981,02398400
15821033,02398300
15821033,02398400
15821033,02398500
15821039,02399200
15821105,02399200
15821123,02399200
15821289,02399200
15821291,02398300
15821291,02398400
15821291,02398500
15821295,02398300
15821295,02398400
15821295,02398500
15821331,02399200
15821335,02399200
15821939,02400100
15821945,02400100
15821947,02400100
15821955,02400100
15821959,02400100
15821983,02400100
15821999,02400100
15822029,02400100
15822225,02400100
15822255,02400100
15822277,02400100
15822309,02400100
15822465,02400100
15822557,02400100
15822571,02400100
15822613,02400000
15822623,02400100
15822635,02400000
15822669,02400100
15822679,02400000
15822751,02400000
15822903,02399000
15822903,02399200
15822921,02398300
15822921,02398400
15822921,02398500
15822925,02398300
15822925,02398400
15822925,02398500
15822929,02399200
15823141,02400100
15823193,02398300
15823193,02398400
15823193,02398500
15823195,02398300
15823195,02398400
15823195,02398500
15823237,02398300
15823237,02398400
15823237,02398500
15823239,02398300
15823239,02398400
15823239,02398500
15823243,02398300
15823243,02398400
15823243,02398500
15823247,02398300
15823247,02398400
15823247,02398500
15823249,02398300
15823249,02398400
15823249,02398500
15823259,02398500
15823269,02399200
15823279,02398500
15823281,02398500
15823287,02398300
15823287,02398400
15823287,02398500
15823289,02398300
15823289,02398400
15823289,02398500
15823291,02398300
15823291,02398400
15823291,02398500
15823297,02398300
15823297,02398400
15823297,02398500
15823311,02398500
15823367,02399200
15823387,02399200
15823411,02397530
15823415,02397530
15823423,02397530
15823427,02397530
15823433,02397530
15823437,02397530
15823441,02397530
15823447,02397530
15823449,02397530
15823451,02397530
15823459,02397530
15823461,02397530
15823465,02397530
15823467,02397530
15823469,02399200
15823473,02399500
15823475,02399500
15823489,02397530
15823497,02399500
15823499,02399500
15823509,02399500
15823511,02399500
15823513,02399500
15823525,02399500
15823547,02399500
15823557,02399500
15823563,02399500
15823591,02399500
15823593,02399500
15823597,02399500
15823631,02399500
15823653,02399500
15823661,02399500
15823667,02399500
15823673,02399500
15823683,02399500
15823835,02399500
15824221,02400000
15824223,02400000
15824233,02400000
15824245,02400000
15824263,02400000
15824277,02400000
15824309,02400000
15824319,02400000
15824321,02400000
15824553,02400033
15824593,02400033
15824619,02400033
15824635,02400033
15824773,02400033
15824811,02400033
15824847,02400033
15824849,02400033
15824859,02400033
15824861,02400033
15824871,02400033
15824873,02400033
15830163,02397530
15830169,02399500
166745457,02407500
166745457,02407514
166745458,02407500
166745596,02429000
166745597,02429000
166751210,02478500
166751211,02478500
166751271,02479980
166759201,02446500
166759228,02462951
166759228,02465000
166759229,02462951
166759229,02465000
18092069,02479431
18092077,02479431
18092109,02479431
18092111,02479431
18092131,02479431
18092169,02479431
18092181,02479431
18092197,02479431
18092201,02479431
18092249,02479431
18092617,02479431
18092649,02479431
18092667,02479431
18092699,02479431
18093959,02479945
18093961,02479500
18093963,02479500
18093965,02479945
18093987,02479945
18094029,02479500
18094031,02479945
18094041,02479500
18094049,02479500
18094063,02479945
18094075,02479500
18094079,02479500
18094095,02479945
18094117,02479500
18094123,02479500
18094139,02479500
18094145,02479500
18094161,02479945
18094165,02479500
18094165,02479560
18094179,02479500
18094179,02479560
18094191,02479945
18094195,02479500
18094195,02479560
18094203,02479500
18094203,02479560
18094223,02479500
18094223,02479560
18094251,02479945
18094261,02479945
18094281,02479945
18094287,02479945
18094289,02479945
18094325,02479560
18094331,02479560
18094345,02479980
18094355,02479560
18094359,02479980
18094367,02479980
18094379,02479560
18094385,02479560
18094397,02479980
18094415,02479560
18094435,02480002
18094465,02480002
18094475,02480002
18094567,02480002
18094979,02479500
18094979,02479560
18094981,02479500
18094981,02479560
18094995,02479560
18095005,02479980
18095013,02480002
18095017,02480002
18095029,02480002
18095067,02479600
18095099,02479600
18095125,02479600
18095185,02479945
18095191,02479945
18095197,02479945
18095201,02479980
18095203,02479980
18095207,02480002
18095211,02480002
18095213,02480002
18095215,02479945
18095215,02479980
18095217,02480002
18096049,02480150
18096057,02480150
18096059,02480150
18096061,02480150
18096221,02480150
18096223,02480150
18096225,02480150
18096239,02480150
18096243,02480150
18096245,02480150
18096295,02480150
18096297,02480150
18096299,02480150
18096303,02480150
18096307,02480150
18096311,02480150
18096313,02480150
18096319,02480150
18172786,02478500
18172794,02478500
18172798,02478500
18172802,02478500
18172810,02478500
18172814,02478500
18172820,02478500
18172828,02478500
18172830,02478500
18172836,02478500
18172842,02478500
18175196,02478500
18204956,02465200
18204994,02465200
18205012,02465200
18205014,02465200
18205054,02465200
18205058,02465200
18205060,02465205
18205066,02465205
18205068,02465200
18205068,02465205
18205074,02465205
18205086,02465200
18205086,02465205
18205104,02465205
18205112,02465200
18205112,02465205
18205124,02465200
18205124,02465205
18205140,02465205
18205142,02465205
18205150,02465292
18205162,02465292
18205166,02465292
18205292,02465292
18205308,02465292
18206382,02465200
18206384,02465205
18206386,02465292
18206398,02465292
18206412,02465292
18206520,02465200
18206542,02465292
18206544,02465292
18206546,02465205
18206548,02465000
18206552,02465000
18206558,02465000
18206570,02465000
18206570,02465205
18206576,02465000
18206872,02465292
18206880,02465292
18208308,02465493
18208312,02465493
18208320,02465493
18208338,02465493
18208342,02465493
18208346,02465493
18208372,02465493
18208724,02465500
18208738,02465500
18208772,02465500
18208788,02465500
18208794,02465500
18208800,02465500
18208822,02465500
18208838,02465500
18208840,02465500
18208854,02465500
18208856,02465500
18208858,02465500
18208890,02465500
18208892,02465500
18208904,02465500
18208906,02465500
18208924,02465500
18208926,02465500
18208928,02465500
18208930,02465500
18208932,02465500
18210186,02466500
18210206,02466500
18210214,02466500
18210246,02466500
18210258,02466500
18210320,02466500
18210330,02466500
18210332,02466500
18210334,02466500
18210336,02466500
18210342,02466500
18210344,02466500
18210566,02465493
18210660,02465500
18210672,02465500
18210792,02465493
18210798,02465493
18210900,02466000
18210902,02466000
18210926,02466000
18210926,02466030
18210942,02466000
18210942,02466030
18210954,02466000
18210954,02466030
18210958,02466000
18210958,02466030
18210972,02466030
18211192,02466500
18211360,02466000
18211360,02466030
18215736,02466000
18215736,02466030
18215742,02466030
18223461,02461130
18224323,02464000
18224329,02462600
18225315,02461130
18225327,02461130
18225339,02461130
18225345,02461130
18225353,02461130
18225367,02461130
18225367,02461500
18225373,02461130
18225373,02461500
18225377,02461500
18225381,02461500
18225383,02461500
18225385,02461500
18225387,02461500
18225399,02461500
18225405,02461500
18225409,02461500
18225411,02461500
18225417,02461500
18225421,02461500
18225427,02461500
18225431,02461500
18226819,02462600
18226921,02464000
18226931,02464000
18226939,02462000
18226941,02464360
18226967,02462600
18227019,02462000
18227029,02462600
18227059,02464360
18227083,02464360
18227107,02462000
18227153,02464000
18227169,02462000
18227203,02462000
18227249,02464360
18227257,02464360
18227295,02462000
18227297,02462000
18227299,02464000
18227347,02464360
18227381,02464360
18227383,02464000
18227425,02464360
18227431,02464360
18227451,02464146
18227465,02464360
18227473,02462000
18227501,02464360
18227503,02464146
18227533,02464146
18227539,02464360
18227543,02464360
18227551,02464146
18227553,02464146
18227587,02464146
18227641,02461500
18227651,02464360
18227655,02461500
18227687,02461500
18227697,02461500
18227699,02461500
18227767,02461500
18228193,02462800
18228195,02462800
18228289,02462800
18228307,02462800
18228397,02462800
18228425,02462800
18228707,02463500
18228745,02463500
18228807,02463500
18228809,02463500
18229143,02464000
18229157,02462000
18229167,02464146
18229179,02462800
18229183,02462800
18229205,02463500
18229243,02463500
18229287,02462500
18229291,02462500
18229297,02462500
18229299,02462500
18229301,02462500
18229307,02462500
18229313,02462500
18229315,02462500
18229319,02462500
18229333,02462500
18229335,02462500
18229349,02462500
18229351,02462500
18229361,02462500
18229365,02462500
18229371,02462500
18229387,02462500
18229391,02462500
18229405,02461500
18229407,02461500
18229425,02462500
18229453,02462500
18229461,02462500
18229465,02464360
18229471,02464360
18229481,02464146
18229483,02464146
18229485,02462500
18229491,02464146
18229495,02462500
18229501,02462500
18229503,02464360
18229509,02464146
18229509,02464500
18229511,02464360
18229515,02462500
18229529,02464146
18229529,02464360
18229529,02464500
18229579,02464500
18229585,02464360
18229585,02464500
18229589,02464500
18229591,02464500
18229597,02464500
18229599,02464500
18229601,02464500
18229607,02464500
18229631,02464500
18229639,02464500
18229669,02462951
18229693,02462951
18229709,02464500
18229719,02462951
18229733,02464500
18229739,02464500
18229751,02462951
18229767,02464500
18229771,02462951
18229811,02462951
18229831,02462951
18229837,02462951
18229843,02462951
18229845,02462951
18229849,02462951
18229857,02462951
18229873,02462951
18229873,02465000
18229879,02462951
18229879,02465000
18229891,02462951
18229891,02465000
18229897,02462951
18229897,02465000
18229901,02462951
18229901,02465000
18229905,02462951
18229905,02465000
18229909,02465000
18229923,02465000
18230169,02464360
18230177,02461500
18232673,02462500
18232675,02462951
18237681,02428300
18237755,02428300
18237757,02428300
18237769,02428300
18237773,02428300
18237791,02428300
18237799,02428300
18237807,02428300
18237817,02428300
18237847,02428300
18237867,02428300
18237875,02428300
18238655,02428500
18238695,02428500
18238723,02428500
18238747,02428500
18238755,02428500
18238773,02428500
18238823,02428500
18238827,02428500
18238833,02428500
18238835,02428500
18238903,02428500
18238983,02429000
18238985,02429000
18238987,02429000
18238989,02429000
18238997,02429000
18239005,02429000
18239007,02429000
18239103,02429000
18239153,02429000
18239461,02429000
18239481,02429000
18239493,02429000
18239503,02429000
18239597,02428400
18239609,02428400
18239619,02428400
18239627,02428400
18239631,02428400
18239637,02428400
18239645,02428400
18239647,02428400
18239647,02429500
18239649,02428400
18239649,02429500
18239653,02428400
18239653,02429500
18239659,02429000
18239661,02429000
18239665,02428400
18239665,02429500
18239669,02428400
18239669,02429500
18239673,02428400
18239673,02429500
18239679,02429500
18239683,02428400
18239683,02429500
18239689,02429500
18239693,02429500
18239697,02429500
18241331,02429595
18241419,02429595
18241439,02429595
18241447,02429595
18241449,02429595
18241451,02429595
18241455,02429595
18241457,02429595
18241459,02429595
18241461,02429595
18241471,02429595
18241483,02429595
18241485,02429595
18241487,02429595
18241491,02429595
18241499,02429595
18241771,02429650
18241787,02429650
18241819,02429650
18241833,02429650
18241835,02429650
18241851,02429650
18241891,02429650
18241895,02429650
18241911,02429650
18241913,02429650
18241951,02429650
18241959,02429650
18241967,02429650
18242009,02429650
18242019,02429650
18242235,02429595
18242253,02429595
18242277,02429595
18242321,02429595
18242731,02429650
18242747,02429650
18242755,02429650
18242761,02429650
18242763,02429650
18246529,02429650
18514344,02378500
18514348,02378500
18514372,02378500
18514394,02378500
18514402,02378500
18514430,02378500
18514442,02378500
18514460,02378500
18514778,02378500
18514784,02378500
18514794,02378500
18515336,02471065
18515372,02471065
18515578,02471065
18515590,02471065
18515610,02471078
18515638,02471065
18515646,02471065
18515656,02471065
18515668,02471065
18515934,02378500
18515938,02378500
18515946,02378500
18515950,02378500
18515976,02378300
18515982,02378300
18515986,02378300
18515998,02378300
18516002,02378300
18516006,02378300
18516010,02378300
18516128,02378300
18516160,02378500
18516176,02378300
18516178,02378300
18516184,02378300
18516188,02378300
18516196,02378300
18516910,02471078
18517078,02471078
18523529,02471000
18523531,02471000
18523531,02471001
18523535,02471000
18523535,02471001
18523553,02471000
18523553,02471001
18523563,02471000
18523563,02471001
18523567,02471000
18523567,02471001
18523609,02471000
18523609,02471001
18523615,02471000
18523615,02471001
18523647,02471000
18523647,02471001
18523969,02471000
18523969,02471001
18523977,02471000
18523977,02471001
18524001,02471000
18524001,02471001
18524049,02471000
18524049,02471001
18531394,02467500
18531410,02467500
18531456,02467500
18531500,02467500
18531598,02467500
18531678,02467500
18531726,02467500
18531742,02467500
18531778,02467500
18531802,02467500
18531918,02467500
18531970,02467500
18532044,02467500
18532094,02467500
18532286,02467500
18532916,02468000
18532982,02468000
18533012,02468000
18533074,02468000
18533082,02468000
18533100,02468000
18533130,02468000
18533178,02468000
18533208,02468000
18533226,02468000
18533250,02468000
18533348,02468000
18533362,02468000
18533366,02468000
18533380,02468000
18540820,02467000
18540822,02467000
18540824,02467000
18540826,02467000
18540828,02467000
18540840,02467000
18540844,02467000
18540846,02467000
18542398,02468500
18542404,02468500
18542420,02468500
18542444,02468500
18542456,02468500
18542472,02468500
18542478,02468500
18542480,02468500
18542492,02468500
18542504,02468500
18542514,02468500
18542556,02468500
18542576,02468500
18542584,02468500
18542586,02468500
18542594,02468500
18543526,02469550
18543534,02469550
18543536,02469550
18543538,02469550
18543548,02469550
18543550,02469550
18543568,02469550
18543576,02469550
18543604,02469550
18543672,02469550
18543836,02468500
18543920,02469550
18543928,02467000
18543934,02467000
18543936,02467000
18544478,02469000
18544520,02469000
18544546,02469000
18544548,02469000
18544602,02469000
18544610,02469000
18544616,02469000
18544626,02469000
18544640,02469000
18544670,02469000
18544714,02469000
18544718,02469000
18544728,02469000
18544778,02469000
18544854,02469000
18545814,02469672
18545832,02469672
18545840,02469672
18545890,02469672
18545926,02469672
18545972,02469672
18546006,02469672
18546092,02469672
18546120,02469672
18546196,02469672
18546234,02469672
18546412,02469000
18546416,02469000
18546420,02469000
18547718,02469700
18547736,02469700
18547754,02469700
18547756,02469700
18547760,02469700
18547776,02469700
18547786,02469700
18547808,02469700
18547826,02469700
18547890,02469700
18547920,02469700
18548334,02469700
18548474,02469761
18548474,02469766
18548484,02469761
18548484,02469766
18548500,02469761
18548500,02469766
18548510,02469761
18548510,02469766
18548512,02469761
18548512,02469766
18548516,02469761
18548516,02469766
18562605,02454500
18562667,02454500
18562703,02454500
18562711,02454500
18562713,02454500
18562719,02454500
18562739,02454500
18562751,02454500
18562761,02454500
18562783,02454500
18562785,02454500
18562823,02454500
18562889,02454500
18563173,02455000
18563231,02455000
18563333,02455000
18563343,02455000
18563357,02455000
18563373,02455000
18563403,02455000
18563449,02454500
18563487,02455000
18564589,02455000
18564605,02455000
18564617,02455000
18565027,02455185
18565055,02455185
18565155,02455185
18565157,02455185
18565189,02455185
18565245,02455500
18565253,02455500
18565277,02455500
18565397,02455500
18565397,02455900
18565407,02455900
18565417,02455900
18565449,02455900
18565485,02455900
18565485,02456000
18565493,02455900
18565501,02455900
18565501,02456000
18565557,02456330
18565565,02456000
18565587,02456000
18565595,02456000
18565603,02456000
18565607,02456000
18565621,02456000
18565623,02456000
18565629,02456000
18565635,02455980
18565645,02456330
18565649,02455980
18565649,02456000
18565667,02455980
18565669,02456330
18565683,02456330
18565715,02456500
18565735,02455980
18565741,02456330
18565743,02455980
18565749,02455980
18565751,02455980
18565755,02456330
18565759,02455980
18565773,02456330
18565803,02455980
18565837,02455980
18565853,02456330
18565921,02457670
18565921,02457700
18565949,02457670
18565951,02457670
18565953,02457670
18565961,02457670
18565981,02457000
18566011,02457000
18566013,02457595
18566013,02457670
18566017,02457000
18566021,02457595
18566029,02457595
18566031,02457000
18566037,02457000
18566045,02457000
18566051,02457595
18566053,02457595
18566059,02457595
18566063,02457000
18566067,02457000
18566069,02457595
18566081,02457595
18566089,02457595
18566093,02457000
18566093,02457595
18566095,02457000
18566095,02457595
18566097,02457000
18566097,02457595
18566105,02457000
18566105,02457595
18566113,02458148
18566125,02458600
18566131,02458600
18566133,02458600
18566151,02458148
18566171,02458450
18566171,02458502
18566171,02458600
18566179,02458450
18566179,02458502
18566179,02458600
18566183,02458450
18566183,02458502
18566183,02458600
18566191,02458450
18566191,02458502
18566191,02458600
18566197,02458148
18566197,02458190
18566197,02458200
18566197,02458300
18566197,02458450
18566197,02458502
18566197,02458600
18566201,02458200
18566201,02458300
18566201,02458450
18566201,02458502
18566201,02458600
18566277,02455500
18566277,02455900
18566299,02456330
18566301,02456330
18566313,02456000
18566315,02456000
18566317,02456500
18566327,02457000
18566329,02457000
18566333,02458148
18566333,02458200
18566333,02458300
18566335,02458190
18566337,02456330
18566389,02455185
18566393,02455185
18566395,02455185
18566399,02455185
18566403,02455185
18566413,02455185
18566417,02455185
18566421,02455185
18566425,02455185
18566427,02455185
18566435,02455185
18566443,02455185
18566549,02458600
18566551,02458600
18566553,02458450
18566553,02458502
18566553,02458600
18567267,02456500
18567271,02456500
18567281,02456500
18567329,02458600
18567389,02460500
18578617,02450250
18578635,02450250
18578675,02450250
18578681,02450250
18578689,02450250
18578705,02450250
18578755,02450250
18578815,02450250
18578829,02450250
18578867,02450250
18578959,02450250
18578989,02450250
18579499,02450825
18579537,02450825
18579585,02450825
18579625,02450825
18579635,02450825
18579639,02450825
18579727,02450825
18579763,02450825
18579769,02450825
18579809,02450825
18579837,02450825
18579877,02450825
18579905,02450825
18579909,02451000
18579913,02451000
18579925,02450825
18579927,02450825
18579931,02451000
18579933,02450825
18579959,02450825
18579969,02451000
18579973,02450825
18579981,02450825
18580009,02450825
18580015,02450825
18580153,02450250
18580373,02451500
18580375,02451500
18580405,02450500
18580405,02451000
18580405,02451500
18580409,02450500
18580409,02451500
18580413,02450500
18580413,02451000
18580413,02451500
18580415,02450500
18580415,02451000
18580415,02451500
18580417,02451000
18580419,02451000
18580425,02451000
18580427,02451000
18580431,02450500
18580437,02450500
18580437,02451500
18580441,02450500
18580441,02451500
18580443,02450500
18580465,02450500
18580467,02450500
18584023,02451500
18584027,02451500
18584029,02451500
18584031,02451500
18584033,02451500
18584037,02450500
18584037,02451000
18584037,02451500
18584039,02450500
18584039,02451000
18584039,02451500
18584041,02450500
18584041,02451500
18588572,02449882
18588580,02449882
18588584,02449882
18588620,02449882
18588654,02449882
18588672,02449882
18588690,02449882
18588694,02449882
18588712,02449882
18588738,02449882
18588770,02449882
18588796,02449882
18588808,02449882
18588818,02449882
18588844,02449882
18588856,02449882
18588870,02449882
18588884,02449882
18588886,02449882
18588890,02449882
18588894,02449882
18588896,02449882
18588902,02449882
18588912,02449882
18588926,02449882
18588928,02449882
18588928,02450000
18588930,02449882
18588930,02450000
18588938,02450000
18588950,02450000
18588968,02450000
18588988,02450000
18589012,02450000
18589016,02450000
18589030,02450000
18589042,02450000
18589334,02449882
18590354,02450000
18590360,02450200
18590386,02450200
18590398,02450200
18590410,02450000
18590452,02450000
18590456,02450200
18590458,02450200
18590470,02450200
18590478,02450000
18590556,02450180
18590578,02450180
18590580,02450180
18590596,02450200
18590610,02450200
18590620,02450200
18590650,02450180
18590654,02450180
18590656,02450180
18590660,02450180
18590670,02450180
18590674,02450180
18590676,02450180
18590678,02450180
18590686,02450180
18590788,02450000
18591336,02450200
18591354,02450200
18591378,02450200
18591408,02450200
18591428,02453000
18591436,02453000
18591442,02450200
18591472,02453000
18591498,02453000
18591514,02453000
18591580,02453950
18591600,02453950
18591612,02453950
18591614,02453950
18591626,02453400
18591652,02453950
18591652,02454000
18591654,02453950
18591654,02454000
18591680,02453400
18591684,02453950
18591684,02454000
18591686,02453400
18591692,02453400
18591698,02453400
18591704,02453400
18591706,02453400
18591710,02453950
18591710,02454000
18591722,02454000
18591728,02453400
18591758,02454055
18591798,02454200
18591804,02454200
18591808,02454200
18591828,02454200
18591830,02454200
18591844,02454200
18591856,02454200
18591938,02453000
18591940,02453000
18591978,02454000
18591978,02454055
18591980,02454000
18591980,02454055
18592034,02453500
18592048,02453400
18592052,02453400
18592054,02453400
18592060,02453400
18592062,02453400
18592066,02453400
18592068,02453400
18592070,02453500
18592074,02453500
18592082,02453500
18592092,02453500
18592094,02453500
18592100,02453500
18592218,02450200
18592228,02453500
18604010,02448500
18604126,02448500
18604128,02448500
18604140,02448500
18604162,02448500
18604164,02448500
18604180,02448500
18604196,02448500
18604230,02448500
18604262,02448500
18604328,02448500
18604462,02448500
18604660,02448900
18604662,02448900
18604666,02448900
18604672,02448900
18604676,02448900
18604706,02448900
18604708,02448900
18604744,02448900
18604752,02448900
18604774,02448900
18604776,02448900
18604778,02448900
18604806,02448900
18604808,02448900
18604810,02448900
18604844,02448900
18604856,02448900
18604858,02448900
18605028,02448500
18605042,02448900
18614462,02445245
18614468,02445245
18614496,02445245
18614500,02445245
18614504,02445245
18614506,02445245
18614514,02445245
18614626,02445500
18614642,02445500
18614648,02445500
18614660,02445500
18614662,02445500
18614678,02445500
18614698,02445500
18614854,02445500
18614860,02445500
18615662,02446000
18615676,02446000
18615708,02446000
18615744,02446000
18615770,02446000
18615790,02446000
18615820,02446000
18615838,02446000
18615878,02446000
18615880,02446000
18615898,02446000
18615904,02446000
18616122,02446500
18616124,02446500
18616168,02446500
18616186,02446500
18616190,02446500
18616198,02446500
18616234,02446500
18616252,02446500
18616266,02446500
18616288,02446500
18616312,02446500
18617000,02446500
18617016,02446500
18617052,02446500
18617302,02446000
18618424,02447000
18618426,02447000
18618458,02447000
18618460,02447000
18618506,02447000
18618514,02447000
18618644,02447000
18618646,02447000
18618648,02447000
18618654,02447000
18618658,02447000
18618660,02447000
18629310,02443730
18629358,02443730
18629360,02443730
18629414,02443730
18629426,02443730
18629430,02443730
18629446,02443730
18629462,02443730
18629696,02444000
18629720,02445000
18629738,02445000
18629742,02445000
18629764,02445000
18629776,02445000
18629778,02444000
18629782,02444000
18629804,02444000
18629816,02445000
18629828,02445000
18629868,02445000
18629874,02445000
18629890,02445000
18629906,02445000
18629972,02445000
18629980,02444000
18629984,02444000
18629986,02444000
18630004,02445000
18630026,02445000
18630032,02445000
18630064,02445000
18630082,02445000
18630110,02445000
18630142,02445000
18630192,02445000
18630242,02445000
18630244,02445000
18630760,02444000
18630764,02444000
18630772,02444000
18630822,02445000
18630876,02445000
18630878,02445000
18630998,02444160
18631000,02444160
18631002,02444000
18631008,02444160
18631010,02444000
18631012,02444000
18631018,02444000
18631020,02444000
18631024,02444160
18631034,02444000
18631036,02444160
18631040,02444160
18631042,02444160
18631068,02444500
18631070,02444500
18631076,02444500
18631080,02444500
18631086,02444500
18631092,02444500
18631184,02444160
18631190,02444160
18631194,02444160
18631196,02444160
18631200,02444160
18631204,02444160
18631208,02444160
18631214,02444160
18631216,02444160
18631986,02449245
18631992,02449245
18631998,02449245
18632000,02449245
18632012,02449245
18632020,02449245
18632024,02449245
18632044,02449245
18632060,02449245
18632064,02449245
18632066,02449245
18632634,02467000
18632638,02467000
18633358,02449245
18633364,02449245
18633382,02449245
18633396,02449245
18633598,02449400
18633608,02449400
18633610,02449400
18633620,02449400
18633624,02449400
18633646,02449400
18633648,02449400
18633654,02449400
18633656,02449400
18633662,02449400
18633666,02449400
18633670,02449400
18633674,02449400
18633678,02449400
18633680,02449400
18634020,02447025
18634026,02447025
18634026,02449000
18634028,02447025
18634028,02449000
18634030,02447025
18634030,02449000
18634038,02447025
18634038,02449000
18634042,02447025
18634042,02449000
18634046,02447025
18634046,02449000
18634050,02447025
18634050,02449000
18634054,02447025
18634054,02449000
18634060,02447025
18634060,02449000
18634066,02447025
18634066,02449000
18634076,02449000
18634104,02449500
18634110,02449500
18634112,02449500
18634122,02449500
18634128,02449500
18634130,02449500
18634132,02449500
18634140,02449500
18634142,02449500
18634148,02449500
18634154,02449500
18634248,02447025
18634248,02449000
18645512,02442000
18645522,02442000
18645526,02442000
18645532,02442000
18645542,02442000
18645560,02442000
18645566,02442000
18645582,02442000
18645586,02442000
18645594,02442000
18645598,02442000
18645602,02442000
18645606,02442000
18645612,02442000
18645614,02442000
18645618,02442000
18645626,02442000
18645638,02442000
18645642,02442000
18645646,02442000
18645686,02442500
18645692,02442500
18645696,02442500
18645700,02442500
18645744,02442000
18645748,02442000
18647814,02443230
18647828,02443230
18647838,02443230
18647840,02443230
18647842,02443230
18647844,02443230
18647848,02443230
18647850,02443230
18647852,02443230
18647854,02443230
18647856,02443230
18647888,02443230
18647900,02443230
18647912,02443230
18647916,02443230
18647924,02443230
18647926,02443230
18647928,02443230
18647934,02443230
18647938,02443230
18647944,02443230
18647946,02443230
18647994,02442500
18647996,02442500
18648002,02442500
18648006,02442500
18648008,02442500
18648020,02442500
18648036,02442500
18648048,02442500
18648058,02442500
18648064,02442500
18648072,02442500
18648078,02442500
18648110,02442500
18648112,02442500
18648114,02442500
18648120,02442500
18648124,02442500
18648130,02442500
18648134,02442500
18648150,02442500
18648172,02442500
18648194,02443000
18648204,02443000
18648210,02443000
18648212,02443000
18648214,02443000
18648216,02443000
18648222,02443000
18648568,02443230
18648580,02442500
18648580,02443000
18648606,02443000
18648608,02443000
18648612,02443000
18648622,02443000
18648642,02443000
18648648,02443000
18648652,02443000
18669736,02437800
18669754,02437800
18669788,02437800
18669854,02437800
18669926,02437800
18669964,02437800
18669972,02438000
18669974,02438000
18669978,02437800
18669982,02438000
18669994,02438000
18670002,02437800
18670008,02438000
18670068,02438000
18670086,02437800
18670104,02438000
18670114,02437800
18670116,02437800
18670132,02437800
18670160,02437900
18670176,02437900
18670180,02438000
18670188,02437900
18670194,02437900
18670198,02437900
18670204,02437900
18670208,02437900
18670222,02437900
18670224,02438000
18670226,02437900
18670234,02437900
18670234,02438000
18670236,02437900
18670244,02438000
18670252,02437900
18670288,02437900
18670312,02437900
18670524,02437800
18670534,02437900
18670534,02438000
18671406,02438000
18671410,02438000
18671422,02438000
18671466,02438000
18671478,02438000
18671522,02438000
18671542,02438000
18671544,02438000
18671574,02438000
18671578,02438000
18671582,02438000
18671610,02438000
18672940,02439000
18672942,02439000
18672980,02439000
18672982,02439000
18673006,02439000
18673010,02439000
18673072,02439000
18673076,02439000
18673156,02439000
18673210,02439000
18673226,02439000
18673236,02439000
18673930,02439000
18694543,02432500
18694569,02432500
18694667,02432500
18694705,02432500
18694743,02432500
18694803,02432500
18694855,02432500
18694871,02432500
18694885,02432500
18694899,02432500
18694933,02432500
18694937,02432500
18694947,02432500
18694991,02432500
18694993,02432500
18695001,02432500
18695031,02432500
18695047,02432500
18695165,02432500
18696051,02432500
18696099,02432500
18696119,02432500
18696527,02432500
19566558,03592200
19566568,03592200
19566574,03592200
19566578,03592200
19566880,03592200
19566884,03592200
19566886,03592200
19567254,03592500
19567258,03592500
19567282,03592500
19567302,03592500
19567334,03592500
19567348,03592500
19567372,03592500
19567406,03592500
19567420,03592500
19567462,03592500
19567468,03592500
19567624,03592200
19567648,03592200
19567652,03592200
19567654,03592200
19567666,03592200
19567678,03592200
19567678,03592300
19567680,03592200
19567680,03592300
19567694,03592200
19567704,03592200
19567704,03592300
19567740,03592300
19567748,03592300
19567778,03592300
19567812,03592300
19567818,03592300
19567878,03592500
19567880,03592500
19567882,03592500
19567886,03592500
19568248,03592300
19568264,03592300
19568266,03592300
19568268,03592300
19568874,03591570
19568934,03591570
19568946,03591570
19568968,03591570
19568970,03591570
19569014,03591570
19569114,03591570
19569116,03591570
19569136,03591570
19569144,03591570
19569154,03591570
19569164,03591570
19569174,03591570
19569194,03591570
19569198,03591570
19569426,03592300
19569538,03591570
19569702,03592300
19569734,03592300
19569740,03592300
19569742,03592300
19569776,03592000
19569792,03592300
19569794,03592300
19569796,03592000
19569804,03592000
19569812,03592000
19569816,03592000
19569818,03592000
19569820,03592300
19569850,03592000
19569854,03592000
19569856,03592000
19569864,03592000
19569874,03592300
19569876,03592300
19569882,03592300
19569884,03592300
19569892,03592000
19569910,03592000
19569918,03592000
19569924,03592000
19569932,03592000
19569938,03592000
19569940,03592000
19569944,03592000
19569958,03592000
19569960,03592000
19569964,03592000
19569968,03592000
19569984,03592000
19577115,03587200
19577147,03587200
19577233,03587200
19577249,03587200
19577261,03587200
19577335,03587200
19577439,03587200
19577489,03587200
19577511,03587200
19577551,03587200
19577853,03588500
19577881,03588500
19577893,03588500
19577963,03588500
19578041,03588500
19579351,03588500
19579445,03588500
19579533,03588500
19579613,03588500
19580209,03589250
19580209,03589260
19580259,03586500
19580263,03586500
19580369,03586500
19580427,03586500
19580447,03586500
19580471,03586500
19580539,03586500
19581347,03590000
19581349,03589250
19581349,03589260
19581357,03589250
19581357,03589260
19581361,03589250
19581361,03589260
19581377,03586500
19581387,03586500
19581527,03588500
19594702,03584500
19594702,03584600
19594706,03584500
19594706,03584600
19594708,03584500
19594710,03584500
19594710,03584600
19594712,03584500
19594712,03584600
19594720,03584500
19594720,03584600
19594724,03584500
19594724,03584600
19594728,03584500
19594728,03584600
19594730,03584500
19594730,03584600
19594736,03584500
19594736,03584600
19594738,03584500
19594738,03584600
19594744,03584500
19594744,03584600
19594748,03584500
19594748,03584600
19594750,03584500
19594750,03584600
19596640,03584500
19596640,03584600
19596652,03585300
19596656,03584500
19596656,03584600
19596658,03585300
19596682,03585300
19596694,03585300
19596718,03585300
19596904,03584500
19596904,03584600
19596906,03584500
19596906,03584600
19596908,03584500
19596908,03584600
19596912,03584500
19596912,03584600
19597944,03585300
19597966,03585300
19597968,03585300
19597972,03585300
19597974,03585300
19598002,03585300
19598044,03585300
19598052,03585300
19598066,03585300
19598088,03585300
19598110,03585300
19598116,03585300
19598134,03585300
19598150,03585300
19598166,03585300
19598174,03585300
19598476,03584600
19598480,03584600
19598484,03584600
19598490,03584600
19598494,03584600
19601082,03584500
19601082,03584600
19601088,03584600
19607595,03584500
19607601,03584500
19607625,03584500
19607643,03584500
19607659,03584500
19607679,03584500
19616638,03574700
19616700,03574700
19616710,03574700
19616714,03574700
19616736,03574700
19616768,03574700
19616770,03574700
19616782,03574700
19616792,03574700
19616798,03574700
19616804,03574700
19616832,03574700
19616904,0357479650
19616936,0357479650
19617014,0357479650
19617062,0357479650
19618376,03574100
19618410,0357479650
19618446,03574100
19618452,0357479650
19618500,0357479650
19618524,0357479650
19618552,03574796
19618568,03574100
19618594,03574796
19618594,0357479650
19618600,03574100
19618634,03574796
19618634,0357479650
19618666,03574100
19618676,03574796
19618676,0357479650
19618686,03574100
19618708,03574100
19618714,03574796
19618714,0357479650
19618842,03574796
19618842,0357479650
19618866,03574100
19618910,03574796
19618910,0357479650
19618914,03574100
19618916,0357479650
19618924,0357479650
19618954,03574100
19619000,03575000
19619006,0357479650
19619016,03575000
19619018,03574100
19619034,03576400
19619038,03575000
19619100,03574100
19619110,03574100
19619132,03575000
19619136,03575000
19619152,03574100
19619164,03575000
19619172,03576400
19619192,03575000
19619284,03577225
19619288,03575000
19619294,03576400
19619342,03575000
19619354,03576400
19619414,0357587140
19619414,0357587400
19619414,03575890
19619418,03577225
19619430,03576400
19619432,03575000
19619432,03575100
19619436,03577225
19619462,03576250
19619480,03576250
19619502,03575000
19619502,03575100
19619532,03577225
19619558,03576400
19619562,03575000
19619562,03575100
19619570,03575000
19619570,03575100
19619574,03575000
19619574,03575100
19619576,03575000
19619576,03575100
19619580,03575000
19619580,03575100
19619592,0357587140
19619592,0357587400
19619592,03575890
19619594,0357587090
19619596,03575000
19619596,03575100
19619604,03576400
19619618,0357587090
19619618,0357587140
19619618,0357587400
19619618,03575890
19619624,03575000
19619624,03575100
19619638,03576250
19619648,03577225
19619662,0357587090
19619662,0357587140
19619662,0357587400
19619662,03575890
19619672,03575000
19619672,03575100
19619678,03575000
19619678,03575100
19619690,03576250
19619692,03577225
19619710,03575000
19619710,03575100
19619730,03576400
19619732,03575000
19619732,03575100
19619742,03576250
19619748,03576400
19619754,03576400
19619774,03576400
19619786,03576400
19619792,03577225
19619796,03575830
19619800,03576400
19619804,0357587090
19619804,0357587140
19619804,0357587400
19619804,03575890
19619804,03575950
19619814,0357587090
19619814,0357587140
19619814,0357587400
19619814,03575890
19619814,03575950
19619818,03575830
19619826,0357587090
19619826,0357587140
19619826,0357587400
19619826,03575890
19619826,03575950
19619830,0357586650
19619834,0357591500
19619834,03575933
19619850,03575100
19619858,03575100
19619862,03577225
19619882,03577225
19619894,0357586650
19619896,03575830
19619900,0357587090
19619900,0357587140
19619900,0357587400
19619900,0357587728
19619900,03575890
19619900,03575950
19619914,0357586650
19619926,0357586650
19619926,0357587090
19619926,0357587140
19619926,0357587400
19619926,0357587728
19619926,03575890
19619926,03575950
19619928,0357591500
19619928,03575933
19619940,03576250
19619948,03577225
19619954,03575980
19619968,03575100
19619970,03575100
19619974,03577225
19619976,03575830
19619982,03575100
19620000,0357526200
19620014,0357526200
19620020,03575100
19620034,03575830
19620038,03576250
19620048,03575100
19620052,03575830
19620058,0357586650
19620058,0357587140
19620058,0357587400
19620058,0357587728
19620058,03575890
19620058,0357591500
19620058,03575933
19620058,03575950
19620080,03577225
19620094,03575100
19620098,03577225
19620104,0357568650
19620104,0357568980
19620108,03575100
19620150,0357568650
19620150,0357568980
19620164,03574500
19620168,0357526200
19620180,03577225
19620186,03575272
19620192,03575272
19620202,0357568650
19620202,0357568980
19620232,03575980
19620242,03574500
19620252,03574500
19620258,0357568650
19620258,0357568980
19620258,03575700
19620266,03575272
19620280,03575272
19620284,0357526200
19620296,0357586650
19620296,0357587400
19620296,0357587728
19620296,03575890
19620296,0357591500
19620296,03575933
19620296,03575950
19620304,03576250
19620320,03574500
19620330,0357568650
19620330,0357568980
19620330,03575700
19620350,03574500
19620354,03575272
19620356,0357526200
19620372,0357526200
19620372,03575272
19620378,03574500
19620392,03574500
19620398,03575830
19620404,0357568650
19620404,0357568980
19620404,03575700
19620440,0357526200
19620440,03575272
19620470,03575950
19620480,03575950
19620484,0357526200
19620556,03575340
19620560,03575340
19620574,03575340
19620584,03574500
19620596,03575340
19620600,03575340
19620622,03575340
19620628,03575340
19620640,03575340
19620664,03575340
19620668,03574500
19620674,03575340
19620688,0357568650
19620688,0357568980
19620688,03575700
19620704,03575340
19620712,03575340
19620714,03575340
19620734,03574500
19620776,03575340
19621030,03577110
19621034,03577110
19621046,03577110
19621068,03577110
19621078,03577110
19621084,03577110
19621280,03575000
19621286,03576400
19621328,03575000
19621328,03575100
19621334,0357587728
19621338,0357591500
19621338,03575933
19621342,03575980
19621346,03575830
19621360,03576400
19621364,03577225
19621374,03576250
19621386,03575830
19621388,0357526200
19621400,0357586650
19621400,03575890
19621400,03575933
19621400,03575950
19621402,03575980
19621418,03575950
19621418,03575980
19621426,03574500
19621434,03574500
19621542,03575830
19621546,03575950
19621550,03575830
19621552,03575830
19621562,03575950
19621580,03575830
19621588,03575500
19621588,03575700
19621594,0357568980
19621594,03575700
19621596,03575500
19621596,03575700
19621602,03575500
19621602,03575700
19621612,03575500
19621654,03575500
19621672,03575500
19621674,03575500
19621784,03575500
19621812,03575500
19621820,03575500
19621826,03575500
19621832,03575500
19622028,03576250
19622956,03577110
19622958,03577110
19622960,03577110
19622968,03577110
19622992,03577000
19622996,03577110
19623260,03585300
19623266,03585300
19623540,03589500
19623568,03589500
19623622,03589250
19623622,03589260
19623624,03589250
19623624,03589260
19623648,03589250
19623648,03589260
19623648,03589500
19623652,03589250
19623652,03589260
19623652,03589500
19623678,03589250
19623678,03589260
19623678,03589500
19623682,03589260
19623682,03589500
19623684,03589260
19623684,03589500
19623692,03589260
19623692,03589500
19623736,03589260
19623736,03589500
19623798,03589260
19623798,03589500
19623810,03589500
19624566,03577110
19624576,03577110
19624622,03577110
19624824,03576148
19624878,03576148
19624942,03576148
19624948,03576148
19624960,03576148
19624978,03576148
19624980,03576148
19625020,03576148
19625148,03576148
19625154,03576148
19625212,03576148
19625232,03576148
19625252,03576148
19625254,03576148
19625284,03576148
19625288,03576148
19625290,03576148
19625294,03576148
19625296,03576148
19625300,03576148
19625354,03576500
19625370,03576500
19625384,03576500
19625396,03576500
19625402,03576500
19625574,03576500
19625580,03576500
19625776,03576500
19626108,03576500
19626166,03575500
19626198,03577110
19626200,03577110
19626236,03577110
19626238,03577110
19626288,03577000
19626298,03577110
19626300,03577110
19626302,03577110
19626306,03577110
19626308,03577110
19626310,03577110
19626318,03577000
19626320,03577110
19626334,03577110
19626338,03577110
19626356,03577000
19626360,03577000
19626362,03577000
19626364,03577000
19626420,03577000
19626422,03577000
19626424,03577000
19626436,03577000
19626498,03577000
19627008,03577110
19627010,03577000
19633472,03589500
19633474,03589500
19633478,03589500
19633480,03589500
19643372,03572110
19643404,03572110
19643642,03571850
19643644,03571850
19643646,03571850
19643650,03571850
19643658,03571850
19643660,03571850
19644358,03572110
19644378,03572110
19644488,03572110
19644520,03572110
19644594,03572110
19644686,03572110
19644688,03572110
19644710,03572110
19644842,03572110
19644846,03572110
19644896,03572110
19645866,03572690
19645890,03572690
19645896,03572690
19645902,03572690
19645904,03572690
19645928,03572690
19645950,03572690
19645962,03572690
19645964,03572690
19645966,03572690
19645968,03572690
19646242,03572690
19646244,03571850
19646248,03571850
19646256,03571850
19646260,03571850
19646264,03571850
19646280,03571850
19646286,03571850
19646288,03571850
19647842,03572690
19647854,03572690
19647860,03572690
19647870,03572690
19647896,03572690
19647900,03572690
19647908,03572690
19648012,03572900
19648024,03572900
19648038,03572900
19648040,03572900
19648042,03572900
19648046,03572900
19648056,03572900
19648066,03572900
19648068,03572900
19648270,03572690
19648790,03572690
19648798,03572690
19649016,03572900
19649030,03572900
19649034,03572900
19649036,03572900
19649038,03572900
19649040,03572900
19649048,03572900
19649050,03572900
19649054,03572900
19649056,03572900
19649064,03572900
19649280,03573000
19649294,03573000
19649316,03573000
19649322,03573000
19649420,03573000
19649444,03573000
19649446,03573000
19649472,03573000
19649492,03573000
19649572,03573000
19649602,03573000
19649624,03573000
19649626,03573000
19649642,03573000
19649694,03573000
19650054,03573000
19650360,03573000
19650366,03573000
19650372,03573000
19650396,03573000
19650402,03573000
19650404,03573000
19650468,03573000
19696757,03571850
19696759,03571850
19696763,03571850
19696765,03571850
2130974,02358785
2131006,02358785
2131026,02358785
2131030,02358785
2131226,02358785
2134034,02358785
2134046,02358785
2134056,02358785
2134352,02358785
2134354,02358785
21450798,02426000
21452902,02425655
21452904,02425655
21452906,02425655
21452908,02425655
21452910,02425655
21452914,02425655
21452918,02425655
21452922,02425655
21452924,02425655
21452928,02425655
21452932,02425655
21452936,02425655
21452946,02425655
21452990,02425655
21452992,02425655
21453110,02425500
21453122,02425500
21453140,02425500
21453144,02425500
21453224,02425500
21453258,02425500
21453262,02425500
21453270,02425500
21453286,02425500
21453370,02425500
21453378,02425500
21453414,02425500
21453456,02425500
21453462,02425500
21453472,02425500
21453494,02425500
21453562,02425500
21453804,02425500
21454068,02426000
21454086,02426000
21454112,02426000
21454118,02426000
21454134,02426000
21454210,02426000
21454216,02426000
21454228,02426000
21454240,02426000
21454294,02426000
21454312,02426000
21454340,02426000
21454366,02426000
21454392,02426000
21454414,02426000
21454442,02426000
21454446,02426000
21454470,02426000
21454946,02425655
21454978,02425200
21455016,02425200
21455046,02425655
21455072,02425655
21455082,02425200
21455944,02427700
21456000,02427700
21456024,02427700
21456108,02427250
21456170,02427250
21456170,02427300
21456172,02427700
21456180,02427700
21456188,02427700
21456192,02427250
21456196,02427250
21456196,02427300
21456198,02427250
21456202,02427700
21456210,02427700
21456270,02427250
21456274,02427300
21456278,02427250
21456280,02427250
21456282,02427250
21456488,02425200
21456502,02425655
21456504,02425655
21456570,02427700
21456610,02425200
21456614,02425200
21456622,02425200
21456626,02425200
21456692,02427500
21456702,02427500
21456708,02427500
21456714,02427500
21456716,02427500
21456722,02427500
21456738,02427500
21456740,02427500
21456768,02427500
21456782,02427500
21456788,02427500
21457924,02427250
21457948,02427250
21457950,02427250
21457972,02427250
21458006,02427250
21458008,02427250
21458044,02427250
21458072,02427300
21458116,02427875
21458150,02427875
21458172,02427300
21458174,02427300
21458256,02427875
21458262,02427875
21458266,02427300
21458292,02427300
21458310,02427875
21458328,02427875
21458374,02427300
21458386,02427875
21458412,02427875
21458470,02427300
21458474,02427875
21458488,02427300
21458510,02427300
21458516,02427875
21458564,02427300
21458610,02427300
21458710,02427300
21458810,02427300
21459174,02427875
21459182,02427875
21459208,02427250
21459210,02427250
21459216,02427250
21459218,02427300
21464256,02427250
21464258,02427250
21464264,02427250
21638236,02470072
21638242,02470072
21638274,02470072
21638314,02470072
21638326,02470072
21638370,02470072
21638462,02470072
21638472,02470072
21638498,02470072
21638552,02470072
21638560,02469800
21638568,02469800
21638572,02469800
21638574,02469800
21638590,02469800
21639012,02470100
21639034,02470100
21639068,02470100
21639074,02470100
21639094,02470100
21639096,02470100
21639102,02470100
21639108,02470100
21639112,02470100
21639124,02470100
21639196,02470072
21639314,02470100
21639316,02470100
21639320,02470100
21639322,02470100
21639330,02470100
21639356,02470000
21639362,02470000
21639366,02470000
21639376,02470000
21639386,02470072
21639622,02469800
21639630,02469800
21639640,02469800
21639650,02469800
21639696,02469800
21639744,02469800
21639762,02469800
21639772,02469800
21639814,02469800
21640642,02469800
21640694,02469761
21640694,02469766
21640696,02469761
21640696,02469766
21640704,02469761
21640704,02469766
21640706,02469761
21640706,02469766
21640712,02469761
21640712,02469766
21640730,02470000
21640736,02470000
21640740,02470000
21640744,02470000
21640748,02470000
21640756,02470000
21640762,02470000
21640764,02470000
21654074,02423110
21654074,02423130
21654088,02423110
21654088,02423130
21654096,02423110
21654096,02423130
21654118,02423110
21654118,02423130
21654160,02423110
21654160,02423130
21654160,02423160
21654166,02423110
21654166,02423130
21654166,02423160
21654170,02423110
21654170,02423130
21654170,02423160
21654172,02423110
21654172,02423130
21654172,02423160
21654176,02423110
21654176,02423130
21654176,02423160
21654186,02423110
21654186,02423130
21654186,02423160
21654194,02423130
21654194,02423160
21654200,02423160
21654220,02423160
21654262,02423160
21654270,02423160
21654272,02423160
21654312,02423397
21654312,02423398
21654312,02423400
21654344,02423380
21654346,02423397
21654346,02423398
21654346,02423400
21654346,02423410
21654356,02423380
21654362,02423397
21654362,02423398
21654362,02423400
21654362,02423410
21654366,02423380
21654368,02423380
21654428,02423397
21654428,02423398
21654428,02423400
21655326,02423380
21655328,02423397
21655328,02423398
21655328,02423400
21655328,02423410
21655340,02423380
21655342,02423380
21655350,02423380
21655372,02423400
21655372,02423410
21655372,02423414
21655380,02423586
21655384,02423400
21655384,02423410
21655384,02423414
21655390,02423380
21655390,02423425
21655396,02423380
21655396,02423425
21655410,02423586
21655412,02423400
21655412,02423410
21655412,02423414
21655414,02423380
21655414,02423425
21655416,02423410
21655416,02423414
21655446,02423380
21655446,02423410
21655446,02423414
21655446,02423425
21655464,02423410
21655464,02423414
21655464,02423425
21655464,02423496
21655482,02423586
21655502,02423414
21655502,02423425
21655502,02423496
21655502,02423500
21655528,02423425
21655528,02423496
21655528,02423500
21655554,02423586
21655564,02423425
21655564,02423496
21655564,02423500
21655566,02423425
21655566,02423496
21655566,02423500
21655568,02423425
21655568,02423496
21655568,02423500
21655576,02423630
21655592,02423630
21655622,02423630
21655624,02423630
21655628,02423496
21655628,02423500
21655632,0242354750
21655634,02423630
21655636,02423630
21655644,0242354750
21655674,0242354750
21655688,0242354750
21655694,0242354750
21655698,02423630
21655708,02423630
21655712,02423630
21655714,02423630
21655734,02423496
21655734,02423500
21655734,02423555
21655740,02423630
21655746,02423496
21655746,02423500
21655746,02423555
21655762,02423630
21655780,02423630
21655786,02423630
21655792,02423630
21655796,02423496
21655796,02423500
21655796,02423555
21655798,02423500
21655798,02423555
21655802,02423630
21655816,02423630
21655822,02423630
21655824,02423630
21655832,0242354750
21655834,02423630
21655838,0242354750
21655844,0242354750
21655846,0242354750
21655848,0242354750
21655850,02423630
21655870,02423630
21655890,02423630
21655896,02423555
21655900,02423630
21655910,02423555
21655924,02423555
21655942,02423555
21656270,02423800
21656290,02423800
21656302,02423800
21656304,02423800
21656306,02423800
21656308,02423800
21656310,02423800
21656312,02423800
21656314,02423800
21656476,02423586
21656490,02423414
21656490,02423425
21656490,02423496
21656490,02423500
21656498,02423496
21656498,02423500
21656500,02423630
21656502,02423630
21656504,02423630
21656506,02423630
21656508,0242354750
21656512,02423630
21656522,02423630
21656524,02423630
21656566,02423397
21656566,02423398
21656566,02423400
21656566,02423410
21656568,02423397
21656568,02423398
21656568,02423400
21656568,02423410
21656572,02423397
21656572,02423398
21656572,02423400
21656572,02423410
21656572,02423414
21656574,02423400
21656574,02423410
21656574,02423414
21656674,02423397
21656674,02423398
21656674,02423400
21656674,02423410
21657226,02423630
21657258,02423630
21657768,02423800
21658128,02423647
21658130,02423647
21658132,02423647
21658134,02423647
21658136,02423647
21658138,02423647
21658140,02423647
21658142,02423647
21658146,02423647
21658148,02423647
21658156,02423647
21658160,02423647
21658164,02423647
21658170,02423647
21658182,02423647
21658184,02423647
21658186,02423647
21658188,02423647
21658196,02423647
21658198,02423647
21658202,02423647
21658206,02423647
21658214,02423647
21658218,02423647
21658222,02423647
21658224,02423647
21658226,02423647
21658232,02423647
21658236,02423647
21658238,02423647
21658240,02423647
21658242,02423647
21658244,02423647
21658246,02423647
21658248,02423647
21658250,02423647
21658254,02423647
21658266,02423647
21658274,02423647
21658278,02423647
21658286,02423647
21658296,02424000
21658298,02424000
21658300,02423647
21658302,02423647
21658314,02423647
21659222,02424010
21659230,02424010
21660000,02424010
21660010,02424010
21660020,02424010
21660036,02424010
21660096,02424010
21660116,02424010
21660132,02424010
21660166,02424010
21661114,02424940
21661190,02424940
21661210,02424940
21661250,02424940
21661296,02424940
21661304,02424940
21661346,02424940
21661364,02424940
21661376,02424940
21661394,02424940
21661752,02424940
21661768,02424940
21661776,02424940
21661788,02424940
21661796,02424000
21661800,02424000
21661806,02424000
21661812,02424000
21661814,02424000
21661820,02424000
21661824,02424000
21661826,02424000
21661832,02424000
21661836,02424000
21661968,02424500
21661970,02424500
21661974,02424500
21661980,02424500
21661988,02424500
21661990,02424500
21662000,02424500
21662006,02424500
21662008,02424500
21662014,02424500
21662018,02424500
21662022,02424500
21662030,02424500
21662032,02424500
21662034,02424500
21662044,02424500
21662050,02424500
21662070,02424590
21662074,02424590
21662076,02424590
21662090,02424590
21662092,02424590
21662100,02424590
21662102,02424000
21662104,02424000
21662112,02424010
21662132,02424500
21662136,02424500
21662140,02424500
21662142,02424500
21662150,02424590
21662154,02424590
21662158,02424590
21662246,02424940
21662258,02424590
21662258,02425000
21662280,02424590
21662280,02425000
21662286,02424940
21662300,02424590
21662300,02425000
21662304,02425000
21662306,02425000
21662336,02425000
21662340,02425000
21662368,02425000
21662392,02425000
21662394,02425000
21662544,02424940
21662550,02424590
21667186,02423647
21667218,02423630
21667248,02423647
21667250,02423647
21675922,02421256
21675970,02421256
21676102,02421256
21676114,02421256
21676170,02421256
21676274,02421256
21676290,02422500
21676296,02421256
21676336,02422500
21676380,02421256
21676386,02422500
21676422,02422500
21676442,02422500
21676480,02422500
21676498,02421256
21676556,02421256
21676558,02422500
21676586,02422500
21676610,02421256
21676638,02421256
21676660,02422500
21676670,02422500
21676684,02421256
21676698,02422500
21676714,02421256
21676736,02422500
21676738,02421256
21676760,02422500
21676808,02421256
21676818,02422500
21676842,02421256
21676884,02421256
21676906,02421256
21676924,02421256
21677018,02422500
21677040,02421256
21677114,02422500
21677136,02421256
21677152,02421256
21677162,02422500
21677172,02422500
21677278,02421300
21677298,02422500
21677324,02421300
21677372,02422500
21677398,02421300
21677558,02421300
21677576,02422500
21677714,02421256
21677730,02422500
21677732,02421256
21677758,02421256
21677900,02411602
21680710,02421300
21680822,02421300
21680896,02421300
21680968,02419976
21681024,02421300
21681072,02421300
21681080,02421300
21681086,02421300
21681176,02419974
21681176,02419976
21681260,02421300
21681280,02421300
21681332,02421300
21681440,02421300
21681504,02419974
21681504,02419976
21681574,02419976
21681730,02419976
21681814,02420980
21681890,02420980
21681998,02421000
21682040,02421000
21682042,02421000
21682086,02421000
21682090,02421000
21682098,02421000
21682102,02421000
21682138,02421000
21682148,02421000
21682158,02421000
21682188,02422000
21682216,02420980
21682216,02421000
21682218,02420980
21682218,02421000
21682252,02420980
21682252,02421000
21682254,02420980
21682254,02421000
21682350,02420980
21682586,02422000
21682626,02421000
21682674,02422000
21682676,02421000
21682830,02422000
21682950,02422000
21682968,02422000
21683094,02422000
21683234,02422000
21683410,02422000
21684700,02421105
21684804,02421105
21684860,02421105
21684914,02421105
21685356,02421105
21685506,02421105
21685604,02421105
21685656,02421105
21685706,02421105
21685874,02421105
21686494,02421300
21686550,02419974
21686572,02420980
21686584,02420980
21686584,02421000
21686606,02421000
21686608,02422000
21686640,02421000
21686666,02421000
21686668,02421000
21686670,02421000
21686748,02422000
21686950,02419890
21686982,02419890
21687028,02420000
21687032,02420000
21687034,02420000
21687042,02420000
21687052,02420000
21687062,02420000
21687086,02420000
21687104,02420000
21687106,02420000
21687124,02420000
21687140,02420000
21687166,02420000
21687202,02421300
21687226,02421300
21687252,02420000
21687358,02423000
21687360,02421300
21687384,02423000
21687412,02423000
21687430,02423000
21687434,02423000
21687446,02423000
21687460,02423000
21687630,02419974
21688516,02419890
21688826,02423000
21688830,02423000
21688834,02423000
21688838,02423000
21688840,02423000
21688846,02423000
21697486,02411602
2170043,02376293
2170047,02376293
2170059,02376293
2170075,02376293
2170093,02376293
2170113,02376293
2170119,02376293
2170157,02376293
2170209,02376293
2170229,02376293
2170343,02376293
2171011,02376293
2171015,02376293
2171027,02376293
2171033,02376293
2171037,02376293
2171047,02376293
2171055,02376293
2171085,02376293
2171099,02376293
21712042,02418230
21712044,02418230
21712060,02418230
21712074,02418230
21712078,02418230
21712080,02418230
21712094,02418230
21712102,02418230
21712112,02418230
21712124,02418230
21712130,02418230
21712132,02418230
21712154,02418230
21712196,02418230
21712214,02418230
21712216,02418230
21712304,02418764
21712316,02418770
21712414,02418230
21712422,02418764
21712484,02418770
21712624,02418760
21712646,02418760
21712660,02418760
21712672,02418764
21712674,02418760
21712694,02418760
21712698,02418760
21712718,02418760
21712726,02418760
21712732,02418760
21712734,02418764
21712830,02418770
21712836,02418760
21712836,02418764
21712852,02418500
21712864,02418760
21712864,02418764
21712864,02418770
21712946,02418760
21712946,02418764
21712946,02418770
2171299,02376500
2171309,02376500
2171315,02376500
21713168,02418770
21713170,02418760
21713172,02418760
21713172,02418764
21713174,02418770
21713176,02418760
2171327,02376500
21713278,02418500
21713284,02418760
21713294,02418760
21713298,02418500
21713302,02418500
21713304,02418500
21713310,02418500
21713314,02418500
21713318,02418500
21713322,02418500
21713328,02418500
2171349,02376500
2171357,02376500
2171365,02376500
2171371,02377500
2171373,02377500
2171393,02376500
2171397,02377500
2171397,02377570
2171401,02377500
2171401,02377570
2171417,02377500
2171417,02377570
2171431,02377500
2171431,02377570
2171433,02376500
2171443,02377500
2171443,02377570
21714504,02418760
2171453,02377500
2171453,02377570
21714530,02418760
21714550,02418760
21714570,02418760
21714642,02418760
2171465,02377570
21714658,02418760
21714660,02418760
21714714,02418760
2171473,02377570
21714798,02419000
21714872,02419000
21714932,02419000
2171497,02377570
21715000,02419000
21715118,02419625
21715120,02419625
21715126,02419625
2171515,02377570
21715156,02419625
21715374,02419625
21715396,02419625
21715412,02419625
21715422,02419625
21715454,02419625
21715458,02419625
21715476,02419625
21717224,02418760
21717248,02419000
21717294,02419625
21717296,02419625
21717662,02419000
21717666,02419000
21717668,02419000
21717670,02419000
21717672,02419000
21717680,02419000
21717690,02419000
21717704,02419000
21717722,02419000
21717734,02418500
21717736,02418500
21717740,02418500
21717742,02418500
21717756,02418500
21717776,02418500
21717890,02419000
21718650,02419875
21718654,02419875
21718660,02419845
21718664,02419875
21718670,02419875
21718684,02419845
21718692,02419845
21718698,02419875
21718740,02419845
21718746,02419845
21718752,02419875
21718756,02419875
21718760,02419875
2171877,02376293
21718780,02419875
21718796,02419845
21718800,02419845
21718848,02419875
21718852,02419875
21718862,02419845
21718864,02419845
21718898,02419845
21718926,02419845
21718998,02419845
2171903,02376293
21719238,02419890
21719242,02419875
21719242,02419890
21719248,02419890
2171925,02376293
21719252,02419875
21719252,02419890
21719260,02419890
21719268,02419875
21719268,02419890
21719270,02419875
21719278,02419890
21719286,02419890
21719288,02419890
21719290,02419845
21719290,02419890
21719292,02419845
21719294,02419845
21719308,02419890
21719396,02419875
2172063,02376500
2172065,02376500
2172087,02377500
2172101,02377500
2172123,02376500
2172145,02376500
2172203,02377570
2172217,02377570
2172289,02376500
2172297,02376293
2172299,02376293
2184885,02360000
2184951,02360000
2184973,02360000
2184979,02360000
2185005,02360000
2185041,02360000
2185079,02360000
2185127,02360000
2185133,02360000
2185255,02360000
2185297,02360000
2185369,02360000
2185477,02360000
2185499,02360000
2185545,02360000
2185611,02360000
2185895,02360275
2185905,02360275
2185919,02360275
2185953,02360275
2186003,02360275
2186061,02360275
2186073,02360275
2186219,02360000
2186237,02360000
2186265,02360000
2186273,02360000
2186293,02360000
2186299,02360000
2186345,02360000
2186369,02360000
2186383,02360000
2186803,02360275
2186835,02360275
2186899,02360275
2186909,02360275
2186979,02360275
2187049,02360275
2187063,02360275
2187099,02360275
2187193,02360275
2187241,02360275
2187283,02360275
2187397,02360275
2187431,02360275
2187475,02360275
2187477,02360275
2187487,02360500
2187531,02360275
2187541,02360500
2187569,02360275
2187571,02360275
2187583,02360500
2187619,02360500
2187667,02360275
2187729,02360500
2187735,02361000
2187753,02360500
2187781,02361000
2187795,02360500
2187805,02360500
2187813,02360500
2187829,02361000
2187847,02360500
2187873,02361000
2187887,02360500
2187903,02360500
2187905,02361000
2187921,02361000
2187923,02361000
2187925,02360500
2187925,02361000
2187927,02361000
2187933,02361000
2187947,02361000
2187975,02361000
2187985,02361000
2187999,02361000
2188015,02362240
2188031,02361000
2188061,02361000
2188087,02362240
2188093,02361000
2188095,02361000
2188133,02361000
2188197,02361000
2188209,02361000
2188227,02362240
2188269,02361000
2188271,02361000
2188289,02362240
2188341,02362240
2188357,02362240
2188395,02362240
2188445,02362240
2188447,02361000
2188459,02362240
2188549,02362240
2188623,02362240
2188703,02362240
2188721,02362240
2188771,02362240
2188783,02362240
2188847,02362240
2188873,02362240
2188885,02362240
2188905,02362240
2188921,02362240
2188979,02362240
2189521,02360500
2189525,02360500
2189527,02360500
2189611,02362240
2189633,02361500
2189741,02361500
2189745,02361500
2189749,02361500
2189757,02361500
2189767,02361500
2189773,02361500
2189777,02361500
2189779,02361500
2189785,02361500
2189789,02361500
2189883,02361500
2189889,02361500
2189891,02361500
22034433,02414765
22034449,02414765
22034465,02414765
22034485,02414765
22034491,02414765
22034585,02414765
22034629,02414765
22034671,02414765
22034705,02414765
22034851,02414765
22034971,02414800
22034989,02414800
22034995,02414800
22035015,02414800
22035035,02414800
22035065,02415000
22035069,02415000
22035071,02415000
22035077,02414800
22035085,02415000
22035109,02415000
22035111,02414800
22035117,02414800
22035131,02415000
22035157,02415000
22035193,02415000
22035257,02415000
22035361,02415000
22035371,02415000
22035423,02415000
22035503,02414765
22035565,02412500
22035573,02412500
22035575,02412500
22035629,02414500
22035639,02414500
22035647,02414500
22035649,02414500
22035657,02414500
22035665,02414500
22035671,02414500
22035681,02414500
22035689,02414500
22035691,02414500
22035693,02414500
22035699,02414500
22036577,02415000
22037835,02416481
22037907,02416481
22038085,02416481
22038089,02416481
22038493,02414715
22038495,02414715
22038497,02414715
22038503,02414715
22038505,02414715
22038507,02414715
22038513,02414715
22038515,02414715
22038517,02414715
22038531,02414715
22038537,02414715
22038539,02414715
22038549,02414715
22038563,02414715
22038567,02414715
22038569,02414715
22038581,02414715
22038583,02414715
22038587,02414715
22038589,02414715
22038591,02414715
22038593,02414715
22038599,02414715
22038609,02414715
22038613,02414715
22038615,02414715
22038617,02414715
22038621,02414715
22038623,02414715
22038625,02414715
22038627,02414715
22038633,02414715
22038635,02414715
22038649,02414715
22038655,02416000
22038657,02414715
22038663,02416000
22038665,02416000
22038669,02414715
22038671,02414715
22038671,02416000
22038675,02416000
22038679,02416000
22038681,02416000
22038689,02416000
22038691,02416000
22038737,02416000
22038753,02416000
22038779,02416481
22038787,02416481
22038789,02416481
22042575,02414500
2207720,02362610
2207724,02362610
2207736,02362610
2207768,02362610
2207784,02362610
2207848,02362610
2207878,02362610
2207906,02362610
2207940,02362610
2207954,02362610
2207962,02362610
2208110,02362610
2208154,02362610
2208162,02362610
2208474,02362610
2208524,02362610
2208588,02362610
2209910,02363000
2209918,02363000
2209922,02363000
2209934,02363000
2209940,02363000
2209948,02363000
2209950,02363000
2210022,02363000
2210024,02363000
2210030,02363000
2210092,02363000
2210116,02363000
2210118,02363000
2210120,02363000
2210122,02363000
2210130,02363000
2210148,02363000
2210158,02363000
2210168,02363000
2210182,02363000
2210198,02363000
2210200,02363000
2210242,02363000
2210250,02363000
2210260,02363000
2210262,02363000
2210278,02363000
2210320,02363000
2210324,02363000
2210326,02363000
2210328,02363000
2210590,02362610
2211046,02363000
2211048,02363000
2211056,02363000
2212104,02364000
2212106,02364000
2213396,02364000
2213406,02364000
2213414,02364000
2213422,02364000
2213426,02364000
2213440,02364000
2213454,02364000
2213468,02364000
2213476,02364000
2213486,02364000
2213542,02364000
2213544,02364000
2213546,02364000
2213552,02364000
2213596,02364000
2213604,02364000
2213912,02364500
2213944,02364500
2213952,02364500
2213960,02364500
2213964,02364500
2213994,02364500
2214000,02364500
2214006,02364500
2214022,02364570
2214026,02364500
2214030,02364570
2214038,02364500
2214042,02364570
2214046,02364570
2214050,02364570
2214054,02364570
2214058,02364570
2214062,02364500
2214064,02364570
2214070,02364570
2214072,02364570
2214074,02364570
2214080,02364570
2214082,02364570
2214084,02364570
2214094,02364570
2214104,02364570
2214110,02364500
2214114,02364570
2214144,02364500
2214158,02364570
2214164,02364500
2214182,02364500
2214242,02364570
2214290,02364500
2214338,02364500
2214710,02364570
2214734,02364500
2214740,02364500
2214798,02364000
2214804,02364000
2214806,02364000
2214836,02364570
2214838,02364570
2214840,02364570
2214842,02364570
2214984,02364000
2214986,02364000
22198461,02400680
22198465,02400680
22198481,02400680
22198487,02400680
22198495,02400680
22198497,02400680
22198501,02400680
22198507,02400680
22198509,02400680
22198523,02400680
22198525,02400680
22198535,02400680
22198851,02401000
22198855,02401000
22199617,02400680
22199819,02400500
22199831,02400500
22199835,02400500
22199841,02400500
22199843,02400500
22199849,02400500
22200277,02401000
22200301,02401000
22200311,02401000
22200391,02401000
22200409,02401000
22200439,02401000
22200595,02401000
22200597,02401000
22201291,02401895
22201329,02401895
22201351,02401895
22201431,02401895
22201433,02401895
22201445,02401895
22201489,02401895
22201495,02401895
22201927,02403310
22201933,02403310
22201955,02403310
22201967,02403310
22201973,02403310
22201981,02403310
22201983,02403310
22202001,02403310
22202011,02403310
22202015,02403310
22202043,02403310
22202043,02404000
22202047,02404000
22202055,02404000
22202057,02404000
22202071,02404000
22202073,02404000
22202077,02404000
22202079,02404000
22202087,02404000
22202117,02404000
22202313,02403310
22202491,02401895
22202993,02401470
22203003,02401470
22203005,02401470
22203093,02401470
22203099,02401470
22203153,02401470
22203185,02401500
22203195,02401500
22203197,02401500
22203199,02401500
22203265,02401390
22203269,02401390
22203271,02401390
22203275,02401390
22203277,02401390
22203317,02401390
22203343,02401390
22203345,02401390
22203349,02401390
22203359,02401390
22203361,02401390
22203429,02401370
22203435,02401370
22203445,02401390
22203447,02401390
22203451,02401370
22203453,02401370
22203453,02401390
22203463,02401370
22203469,02401370
22203477,02401370
22203497,02401370
22203501,02401370
22203517,02401370
22203545,02401895
22203549,02401895
22203583,02401370
22203585,02401370
22203679,02401895
22203723,02401895
22203725,02401895
22203729,02401895
22204379,02404245
22204379,02404400
22204379,02404500
22204385,02404400
22204385,02404500
22204387,02404400
22204387,02404500
22204421,02404400
22204427,02404245
22204427,02404400
22204427,02404500
22204429,02404245
22204429,02404400
22204429,02404500
22204431,02404245
22204433,02404245
22204433,02404400
22204433,02404500
22204481,02404245
22204491,02404245
22204503,02404245
22204521,02404245
22204541,02404245
22204549,02404245
22204619,02401470
22204631,02401390
22204795,02401390
22204797,02401390
22204867,02404400
22204867,02404500
22204869,02404400
22204869,02404500
22204871,02404400
22204871,02404500
22204873,02404400
22204873,02404500
22204875,02404400
22204875,02404500
22204881,02404245
22204881,02404400
22204881,02404500
22205065,02404245
22205069,02404245
22205077,02404245
22205081,02404245
22205093,02404245
22205095,02404245
22205221,02405800
22205233,02405800
22205251,02405800
22205981,02405500
22205991,02405500
22205995,02405500
22206021,02405500
22206041,02405500
22206069,02405500
22206097,02405500
22206103,02405500
22206115,02405500
22206125,02405500
22206197,02405200
22206243,02405500
22206265,02405500
22206285,02405500
22206389,02405800
22206409,02405800
22206413,02405800
22206443,02406500
22206449,02405800
22206455,02405800
22206479,02406500
22206481,02406500
22206483,02406500
22206495,02406500
22206499,02406500
22206509,02406500
22206517,02406500
22206535,02406500
22206545,02406500
22206629,02406500
22206681,02405200
22206685,02405200
22206689,02406000
22206691,02405200
22206695,02406000
22206699,02406000
22206705,02405800
22206711,02405800
22206711,02406000
22206713,02405500
22206715,02405200
22206721,02406500
22206723,02406000
22206727,02405800
22206727,02406000
22206729,02406000
22206733,02406500
22206735,02405800
22206735,02406000
22206737,02405800
22206737,02406000
22206741,02405200
22206741,02405500
22206745,02405200
22206751,02405200
22206753,02406500
22206759,02406500
22206765,02406500
22206771,02405200
22206775,02406500
22206783,02406500
22206785,02406500
22206789,02405200
22206789,02407000
22206793,02405200
22206793,02407000
22206795,02407000
22206799,02407000
22206805,02407000
22206809,02407000
22206815,02407000
22206817,02407000
22206823,02404245
22206837,02406000
22206841,02406000
22206849,02406500
22211911,02400500
22211919,02400500
22211959,02405800
22271264,02407500
22271264,02407514
22271288,02407500
22271288,02407514
22271294,02407500
22271310,02407500
22271310,02407514
22271320,02407500
22271320,02407514
22271346,02407500
22271346,02407514
22271362,02407500
22271366,02407514
22271402,02407500
22271452,02407514
22271458,02407514
22271462,02407514
22271504,02407514
22271604,02406930
22271606,02407514
22271666,02406930
22271678,02406930
22271738,02406930
22271750,02406930
22271784,02406930
22271902,02407680
22271942,02407680
22271984,02407680
22271986,02407680
22271988,02406930
22271998,02406930
22272020,02406930
22272030,02407680
22272036,02406930
22272040,02407680
22272076,02407680
22272104,02407680
22272142,02407680
22272156,02407680
22272262,02407680
22272504,02407680
22272748,02409000
22272764,02407900
22272774,02407900
22272804,02407900
22272830,02407900
22272850,02407900
22272854,02409000
22272912,02407900
22272942,02407900
22272946,02409000
22272960,02409000
22273020,02407900
22273058,02407900
22273092,02409000
22273196,02407500
22273196,02407514
22273198,02407500
22273200,02407500
22273204,02407500
22273204,02407514
22273290,02406930
22273372,02407000
22273378,02407000
22273380,02407000
22273398,02407000
22273476,02407680
22273592,02407950
22273604,02407950
22273612,02407950
22273624,02407950
22273630,02407950
22273656,02407950
22273668,02407000
22273968,02409000
22274064,02409000
22274072,02408500
22274074,02409000
22274124,02409000
22274318,02408500
22274330,02409000
22274350,02408500
22274350,02408540
22274362,02408500
22274372,02408500
22274372,02408540
22274376,02408500
22274386,02408500
22274386,02408540
22274410,02408500
22274410,02408540
22274436,02408500
22274436,02408540
22274442,02408500
22274442,02408540
22274454,02408500
22274454,02408540
22274522,02408500
22274522,02408540
22274526,02408500
22274526,02408540
22274612,02408500
22274612,02408540
22274614,02408500
22274614,02408540
22274676,02408500
22274676,02408540
22274774,02408150
22274784,02408540
22274790,02408540
22274808,02408150
22274814,02408150
22274864,02408150
22274868,02408150
22274924,02408150
22274976,02408150
22274994,02408150
22275026,02408150
22275042,02408150
22275822,02410000
22275902,02410000
22275908,02410000
22275916,02410000
22275928,02410000
22275944,02410000
22275946,02410000
22275948,02410000
22276106,02411602
22276120,02411602
22276122,02411602
22276196,02408500
22276196,02408540
22276216,02408540
22276326,02407950
22276350,02407950
22276352,02407950
22276354,02407950
22276358,02407950
22276364,02407950
22276368,02407950
22276370,02407950
22276376,02407950
22276378,02407950
22276384,02407950
22276392,02407950
22276394,02407950
22276410,02407950
22276410,02409400
22276446,02409400
22276470,02409400
22276472,02409400
22276480,02409400
22276496,02409400
22276502,02409400
22276508,02409400
22276512,02409400
22276516,02409400
22276524,02409400
22276526,02409400
22276530,02409400
22276534,02409400
22276580,02411000
22276582,02411000
22276586,02411000
22276594,02411000
22276600,02411000
22276622,02411000
22276624,02411000
22276626,02411000
22276630,02411000
22276638,02411000
22276648,02411000
22276652,02411000
22276656,02411000
22276660,02411000
22276662,02411000
22276666,02411000
22276670,02411000
22276676,02411000
22276682,02411602
22276688,02411602
22276690,02411602
22276692,02411602
22276748,02409400
22281116,02411000
22281118,02411602
2238713,02365310
2238721,02365310
2238729,02365310
2238743,02365310
2238789,02365310
2238883,02365310
2238897,02365200
2238901,02365200
2238905,02365200
2238907,02365200
2238911,02365200
2238913,02365200
2238919,02365200
2240059,02365310
2240099,02365310
2241445,02365310
2241995,02365200
2242005,02365200
2242009,02365200
2242015,02365200
2242019,02365200
2242021,02365200
2242025,02365200
2242031,02365200
2242037,02365200
2242043,02365200
2242357,02365200
2305941,02343275
2305975,02343275
2306043,02343275
2306085,02343275
2306145,02343275
2306171,02343275
2306215,02343275
2306289,02343275
2306299,02343275
2306377,02343275
2306403,02343275
2306415,02343275
2306493,02343275
2306503,02343275
2306523,02343275
2306543,02343275
2306683,02343275
2306693,02343275
2306715,02343275
2306737,023432415
2306739,023432415
2306751,023432415
2306753,023432415
2306759,023432415
2306761,023432415
2306767,023432415
2306773,023432415
2306781,023432415
2306789,023432415
2306817,023432415
2308793,02343275
2308813,02343275
2308829,02343300
2308835,02343300
2308837,02343300
2308839,02343300
2308841,02343300
2308847,02343300
2308867,02343300
2308871,02343300
2308883,02343300
2308887,02343300
2308901,02343300
2308905,02343300
2308913,02343300
2308919,02343300
2308921,02343300
2308947,02343300
2308953,02343300
2308967,02343300
2308977,02343300
2309025,02343300
2309057,02343700
2309073,02343300
2309129,02343700
2309259,02343700
2309277,02343700
2309335,02343700
2309361,02343700
2309433,02343700
2309471,02343700
2309483,02343700
2309501,02343700
2309503,02343700
2309529,02343700
2309549,02343700
2310151,02343275
2310159,02343300
2310165,02343300
2310167,02343300
2310337,02343500
2310341,02343500
2310347,02343500
2310353,02343500
2310355,02343500
2310363,02343500
2310367,02343500
2310373,02343500
2310377,02343500
2310383,02343500
2310391,02343500
2310395,02343500
2310411,02343500
2310415,02343500
2310419,02343500
2310423,02343500
2310429,02343500
2310435,02343500
2310443,02343500
2310449,02343500
2310453,02343500
2310479,02344000
2310485,02344000
2310487,02344000
2310493,02344000
2310497,02344000
2310503,02344000
2310509,02344000
2310517,02344000
2310521,02344000
2310523,02344000
2310529,02344000
2323124,02372000
2323136,02372000
2323190,02372000
2323192,02372000
2323198,02372000
2323204,02372000
2323208,02372000
2323246,02372000
2323270,02372000
2323322,02372250
2323326,02372250
2323338,02372250
2323386,02372250
2323390,02372250
2323396,02372250
2323410,02372250
2323414,02372250
2323420,02372250
2323426,02372250
2323446,02372250
2323686,02372000
2323692,02372000
2323706,02372000
2323716,02372000
2323724,02372000
2323730,02372000
2323736,02372000
2323750,02372250
2375971,02371000
2375979,02371000
2375983,02371000
2375999,02371000
2376001,02371000
2376003,02371000
2376013,02371000
2376019,02371000
2376037,02371000
2376055,02371000
2376059,02371000
2376077,02371000
2376081,02371000
2376083,02371000
2376341,02371000
2376345,02371000
2376347,02371000
2376351,02371000
2376359,02371000
2376367,02371000
2376371,02371000
2376373,02371000
2376649,02371200
2376667,02371000
2376673,02371000
2376677,02371000
2376679,02371000
2376693,02371000
2376695,02371200
2376701,02371200
2376709,02371200
2376719,02371000
2376731,02371200
2376743,02371200
2376753,02371200
2376895,02371500
2376901,02371500
2376907,02371500
2376921,02371500
2376925,02371500
2376927,02371500
2376959,02371500
2376961,02371500
2376967,02371500
2376977,02371500
2376981,02371500
2376987,02371500
2377007,02371500
2377153,02371000
2377157,02371000
2377159,02371000
2377167,02371000
2377171,02371000
2377175,02371200
2377197,02371200
2377261,02371500
2377275,02371500
2377279,02371500
2377281,02371500
2378075,02372422
2378075,02372430
2378177,02372422
2378177,02372430
2378189,02372422
2378189,02372430
2378193,02372422
2378193,02372430
2378205,02372422
2378205,02372430
2378229,02372422
2378229,02372430
2378247,02372422
2378247,02372430
2378257,02372422
2378257,02372430
2378269,02372422
2378269,02372430
2378277,02372422
2378277,02372430
2378277,02372500
2378279,02372422
2378279,02372430
2378279,02372500
2378283,02372430
2378283,02372500
2378297,02372430
2378297,02372500
2378301,02372430
2378301,02372500
2378311,02372500
2378323,02372500
2378337,02372500
2378347,02372500
2378355,02372500
2378361,02372500
2378373,02372500
2378385,02372500
2378403,02372500
2378415,02372500
2378417,02372500
2378435,02372500
2378447,02372500
2378485,02374000
2378747,02372500
2378761,02374000
2378821,02372422
2378821,02372430
2378827,02372422
2378827,02372430
2378833,02372422
2378837,02372422
2378837,02372430
2378841,02372422
2378841,02372430
2378847,02372422
2378847,02372430
2378851,02372422
2378851,02372430
2378859,02372422
2378859,02372430
2378867,02372422
2378867,02372430
2378869,02372422
2378869,02372430
2378871,02372422
2378871,02372430
2378877,02372422
2378877,02372430
2378881,02372422
2378881,02372430
2378885,02372422
2378885,02372430
2378929,02372422
2378929,02372430
2381147,02372422
2399557,02372800
2399605,02372800
2399623,02372755
2399657,02372755
2399665,02372800
2399693,02372800
2399729,02372755
2399745,02372800
2399747,02372755
2399761,02372800
2399783,02372800
2399835,02372800
2399845,02372800
2399853,02372755
2399871,02372800
2399915,02372800
2400041,02372800
2400853,02373500
2400857,02373500
2400877,02373500
2400915,02373500
2400933,02373000
2400935,02373000
2400951,02373500
2400959,02373500
2400975,02373000
2401145,02372755
2401149,02372800
2401155,02372800
2401165,02372800
2401957,02373500
2401973,02373000
2401975,02373000
2402001,02373500
2402003,02373000
2402009,02373500
2402061,02373000
2402071,02373500
2402075,02373500
2402081,02373500
2402109,02373500
2402121,02373000
2402129,02373500
2402137,02373000
2402143,02373500
2402165,02373000
2402175,02373000
2402181,02373500
2402193,02373000
2402211,02373000
2402217,02373500
2402223,02373000
2402255,02373500
2402849,02373500
2402851,02373500
2402861,02373500
2402867,02373500
2402871,02373000
2405391,02373500
2409954,02374500
2409968,02374500
2409982,02374500
2409984,02374500
2410000,02374500
2410334,02374000
2410922,02374500
2410944,02374500
2411066,02374000
2411076,02374000
2411086,02374000
2411092,02374000
2411096,02374000
2411098,02374000
2411104,02374000
2411108,02374000
2411112,02374000
2411114,02374000
2411118,02374000
2411122,02374000
2411204,02374250
2411206,02374250
2411212,02374250
2411216,02374250
2411238,02374250
2412112,02374500
2412122,02374500
2412184,02374500
2412200,02374500
2412202,02374500
2412410,02374500
2412498,02374500
2412514,02374500
2412538,02374500
2413040,02374745
2413042,02374745
2413098,02374745
2413106,02374745
2413132,02374700
2413136,02374745
2413156,02374700
2413192,02374745
2413200,02374745
2413212,02374745
2413226,02374700
2413254,02374745
2413260,02374745
2413284,02374700
2413320,02374700
2413338,02374700
2413350,02374700
2413352,02374745
2413396,02374700
2413396,02374745
2413408,02374700
2413408,02374745
2413424,02374700
2413424,02374745
2413432,02374700
2413432,02374745
2413442,02374700
2413442,02374745
2413698,02374500
2413728,02374500
2413866,02374500
2413956,02374250
2413960,02374250
2413966,02374250
2413970,02374250
2413972,02374250
2413978,02374250
2413982,02374250
2413986,02374250
2413988,02374700
2413988,02374745
2413990,02374250
2413990,02374700
2413990,02374745
2413994,02374250
2414000,02374250
2414002,02374250
2414008,02374250
2414008,02374700
2414008,02374745
2414020,02374250
2414020,02374700
2414026,02374250
2414026,02374700
2414032,02374250
2414032,02374700
2414036,02374250
2414062,02375500
2415538,02375500
2415540,02375500
2415546,02375500
2415550,02375500
2418508,02375500
2418522,02375500
25290651,02365310
25324441,03589500
25366064,02446500
25366066,02446500
25366070,02446000
25366072,02446000
25380526,02422000
25380584,02420000
25380586,02420000
25382406,02423647
25382423,02423647
25382451,02423800
25382460,02423800
25382463,02423800
25382466,02423800
25382470,02423800
25382473,02423800
25382490,02423800
25809348,02414500
25810661,02419000
25813555,02464360
25910045,02375500
26132581,02401500
26132583,02401500
26132587,02401500
26132591,02401500
26132595,02401500
26132597,02401500
26132599,02401500
26132637,02401620
26132645,02401620
26132653,02401620
26132655,02401620
26132659,02401895
26132661,02401895
26132663,02401620
26132665,02401620
26132675,02401620
26132675,02401895
26132677,02401620
26132677,02401895
26132679,02401620
26132687,02401620
26132715,02402500
26132723,02402500
26132725,02402500
26132727,02402500
26132733,02402500
26132733,02405000
26132735,02402500
26132735,02405000
26132737,02402500
26132737,02405000
26132745,02405000
26132747,02404500
26132747,02405000
26132751,02404400
26132751,02404500
26132755,02404400
26132755,02404500
26132757,02404400
26132757,02404500
26132759,02404500
26132759,02405000
26132765,02404500
26132765,02405000
26132777,02405000
26132777,02405200
26132779,02405000
26132785,02405200
26132805,02405200
26132807,02405200
26132819,02401500
26132819,02401620
26132821,02401500
26132821,02401620
26132843,02400500
26132851,02400500
26132855,02400500
26132859,02400500
26132877,02400500
26132891,02400500
26132897,02400500
26132905,02400500
26132917,02401620
26132921,02401620
26134429,02411000
27141511,02358785
3291176,02338523
3291198,02338523
3291222,02338523
3291228,02338523
3291248,02338523
3291252,02338523
3291288,02338523
3291290,02338523
3291300,02338523
3291332,02338523
3291500,02339225
3291512,02339225
3291556,02339225
3291602,02339225
3291606,02339225
3291820,02338523
3291872,02339225
3291874,02339225
3291884,02339225
3292274,02339225
3292290,02339225
3292326,02339225
3292374,02339225
3292378,02339225
3292412,02339225
3295812,02341460
3295812,02341500
3295812,02341505
3295814,02341460
3295814,02341500
3295814,02341505
3296674,02339495
3296680,02339495
3296706,02339495
3296746,02339495
3296754,02339495
3296766,02339495
3296768,02339495
3296804,02339495
3296816,02339495
3297186,02340750
3297204,02340750
3297288,02340750
3297306,02340750
3297308,02340750
3297348,02340750
3297352,02340750
3297420,02340750
3297504,02340750
3297578,02340750
3297594,02340750
3298392,02340750
3298428,02340750
3298472,02339495
3298546,02339500
3298550,02339500
3298552,02339500
3298560,02339500
3298562,02339500
3298564,02339500
3298566,02339500
3298568,02339500
3298572,02339500
3298580,02339500
3298584,02339500
3298588,02339500
3298590,02339495
3298592,02339495
3298592,02339500
3298592,02339780
3298598,02339495
3298598,02339500
3298598,02339780
3298602,02339495
3298602,02339500
3298602,02339780
3298608,02339495
3298608,02339500
3298608,02339780
3298614,02339500
3298614,02339780
3298624,02339500
3298624,02339780
3298636,02339500
3298636,02339780
3298642,02339780
3298646,02339780
3298650,02339780
3298656,02339780
3298664,02339780
3298668,02339780
3298674,02339780
3298680,02339780
3298858,02341460
3298866,02341460
3298870,02341460
3298874,02341460
3298874,02341500
3298874,02341505
3298876,02341460
3298876,02341500
3298876,02341505
3298918,02339500
3430700,02341460
3430700,02341500
3430700,02341505
3430704,02341460
3430704,02341500
3430704,02341505
3430706,02341460
3430706,02341500
3430706,02341505
3431000,02342200
3431020,02342200
3431030,02342200
3431052,02342200
3431092,02342200
3431102,02342200
3431162,02342200
3431166,02342200
3431196,02342200
3431198,02342200
3431386,02342200
3431392,02342200
3432840,02342500
3432844,02342500
3432872,02342500
3432874,02342500
3432882,02342500
3434166,02342500
3434268,02341460
3434268,02341500
3434268,02341505
3434268,02341566
3434274,02341460
3434274,02341500
3434274,02341505
3434274,02341566
3434284,02341460
3434284,02341500
3434284,02341505
3434284,02341566
3434292,02341460
3434292,02341500
3434292,02341505
3434292,02341566
3434304,02341460
3434304,02341500
3434304,02341505
3434304,02341566
3434324,02341566
3434330,02341566
3434366,02342500
3434444,02342881
3434446,02342881
3434450,02342881
3434454,02342881
3435674,02342150
3435682,02342150
3435694,02342150
3435696,02342150
3435706,02342150
3435710,02342150
3435716,02342150
3435720,02342150
3435728,02342150
3435750,02342150
3435758,02342150
3435764,02342150
3435764,02342500
3435790,02342150
3435790,02342500
3435806,02342150
3435806,02342500
3435816,02342150
3435816,02342500
3435830,02342150
3435830,02342500
3435852,02342150
3435852,02342500
3435860,02342150
3435860,02342500
3435970,02342150
3435970,02342500
3436012,02342500
3437792,02342933
3437802,02342933
3437810,02342933
3437822,02342933
3437832,02342933
3437838,02342933
3437852,02342933
3437856,02342933
3437870,02342933
3437884,02342933
3437890,02342933
3437894,02342933
3437900,02342933
3437910,02342933
3437914,02342933
3437916,02342933
3437918,02342933
3437920,02342933
3437926,02342933
3437928,02342933
3438386,02342933
3438542,02342881
3438544,02342881
3438552,02342881
3438556,02342881
3438562,02342881
3438596,02342881
3438602,02342881
3438612,02342881
3438624,02342881
3438628,02342881
3438638,02342881
3438654,02342881
3438672,02342881
3438684,02342881
3438752,02342933
3438758,02342933
3438880,02342933
3443394,02342960
3443400,02342960
3443424,02342960
3443428,02342960
3443432,02342960
3443442,02342960
3443446,02342960
3443448,02342960
3443458,02342960
3443492,02342960
3443506,02342960
3443512,02342960
3443520,02342960
3443532,02342960
3443562,02342960
3443566,02342960
3443586,02342960
3443592,02342960
3443712,023432415
3443736,023432415
3443760,023432415
3443774,023432415
3443782,023432415
3443786,023432415
3443790,023432415
3443826,023432415
445688,02374950
445698,02374950
445702,02374950
445714,02374950
445720,02374950
445732,02374950
445740,02374950
445752,02374950
445760,02374950
445772,02374950
445782,02374950
445794,02374950
445802,02374950
445812,02374950
445814,02374950
445834,02374950
445868,02374950
445870,02374950
445904,02374970
445908,02374970
445912,02374950
445914,02374950
445916,02374970
445918,02374970
445926,02374970
445928,02374950
445928,02374970
445936,02374970
445938,02374970
445944,02374970
445946,02374970
445948,02374970
445952,02374970
445962,02374950
445962,02374970
445966,02374950
445966,02374970
445974,02374950
445974,02374970
445988,02374950
445988,02374970
446010,02374970
446010,02375000
446014,02374970
446014,02375000
446020,02374970
446020,02375000
446022,02375000
446026,02375000
446042,02375000
446046,02375000
446062,02375000
446074,02375000
446076,02375000
446086,02375000
446088,02375000
446092,02375000
446104,02375000
446380,02374970
446386,02375000
446442,02374950
446442,02374970
446444,02374950
446444,02374970
447654,02375000
448270,02375000
448274,02375000
448274,02375500
448424,02375500
448428,02375500
448434,02375000
448434,02375500
448436,02375000
448436,02375500
448438,02375000
448440,02375500
448444,02375000
448444,02375500
448448,02375000
448448,02375500
448450,02375000
448450,02375500
448462,02375500
448464,02375500
448658,02375000
448658,02375500
448680,02375500
448682,02375500
448684,02375000
448686,02375500
448690,02375500
448694,02375500
448698,02375500
450512,02375500
450546,02375000
450546,02375500
788792,02369800
788798,02369800
788832,02369800
788852,02369800
788892,02369800
788894,02369800
788956,02369800
789204,02369800
789206,02369800
789212,02369800
790978,02369800
791014,02369800
791084,02369800
791102,02369800
791154,02370200
791162,02369800
791176,02370200
791186,02370200
791226,02370200
791234,02370200
791328,02370200
791350,02370200
791404,02370200
791414,02370200
791420,02370200
791438,02370200
791444,02370200
791488,02370200
791506,02370200
791566,02370200
791574,02370200
791590,02370200
791644,02370200
791682,02370200
792058,02370200
792242,02370200
792246,02370200
893631,02367500
893635,02367500
893665,02367500
893671,02367500
893677,02367500
893683,02367500
893685,02367500
893723,02367500
893725,02367500
893751,02367500
893763,02367500
893767,02367500
893775,02367500
893859,02367500
893875,02367500
893897,02367500
893955,02367500
893997,02367500
894399,02367800
894419,02367800
894429,02367800
894457,02367800
894475,02367800
894483,02367800
894495,02367800
894507,02367800
894557,02367800
894585,02367800
894599,02367800
894629,02367800
894629,02367900
894823,02367500
894857,02367500
894903,02367500
894915,02367500
894937,02367500
894965,02367800
895899,02367800
895899,02367900
895927,02367800
895927,02367900
895939,02367800
895939,02367900
895943,02367800
895943,02367900
895971,02367800
895971,02367900
895985,02367800
895985,02367900
896013,02367800
896013,02367900
896045,02367800
896045,02367900
896095,02367800
896095,02367900
896131,02367900
896147,02367900
896161,02367900
896197,02367900
896215,02367900
896249,02367900
896261,02367900
896265,02367900
896325,02367900
896365,02367900
896431,02367900
896459,02367900
896469,02367900
896533,02367900
897699,02367800
897699,02367900
933140016,02374500
933140017,02374500
933160020,02451000
933160021,02451000
936020018,03571850
936020019,03571850
936030061,03575500
936030062,03575500
