site_no,navigation_mode,distance_km,status,reach_count
02338523,UM,12,success,6
02338523,DM,12,success,6
02339225,UM,12,success,7
02339225,DM,12,success,8
02339495,UM,12,success,9
02339495,DM,12,success,7
02339500,UM,12,success,14
02339500,DM,12,success,7
02339780,UM,12,success,7
02339780,DM,12,success,9
02340750,UM,12,success,9
02340750,DM,12,success,5
02341460,UM,12,success,12
02341460,DM,12,success,4
02341500,UM,12,success,10
02341500,DM,12,success,3
02341505,UM,12,success,10
02341505,DM,12,success,3
02341566,UM,12,success,4
02341566,DM,12,success,4
02342150,UM,12,success,10
02342150,DM,12,success,10
02342200,UM,12,success,5
02342200,DM,12,success,8
02342500,UM,12,success,8
02342500,DM,12,success,9
02342881,UM,12,success,10
02342881,DM,12,success,9
02342933,UM,12,success,9
02342933,DM,12,success,16
02342960,UM,12,success,10
02342960,DM,12,success,9
023432415,UM,12,success,9
023432415,DM,12,success,11
02343275,UM,12,success,10
02343275,DM,12,success,13
02343300,UM,12,success,14
02343300,DM,12,success,11
02343500,UM,12,success,11
02343500,DM,12,success,11
02343700,UM,12,success,5
02343700,DM,12,success,9
02344000,UM,12,success,7
02344000,DM,12,success,5
02358785,UM,12,success,5
02358785,DM,12,success,7
02360000,UM,12,success,14
02360000,DM,12,success,12
02360275,UM,12,success,13
02360275,DM,12,success,14
02360500,UM,12,success,9
02360500,DM,12,success,8
02361000,UM,12,success,15
02361000,DM,12,success,10
02361500,UM,12,success,7
02361500,DM,12,success,8
02362240,UM,12,success,10
02362240,DM,12,success,13
02362610,UM,12,success,8
02362610,DM,12,success,11
02363000,UM,12,success,19
02363000,DM,12,success,16
02364000,UM,12,success,9
02364000,DM,12,success,15
02364500,UM,12,success,12
02364500,DM,12,success,8
02364570,UM,12,success,16
02364570,DM,12,success,9
02365200,UM,12,success,11
02365200,DM,12,success,8
02365310,UM,12,success,1
02365310,DM,12,success,10
02367500,UM,12,success,16
02367500,DM,12,success,8
02367800,UM,12,success,10
02367800,DM,12,success,14
02367900,UM,12,success,15
02367900,DM,12,success,11
02369800,UM,12,success,8
02369800,DM,12,success,8
02370200,UM,12,success,13
02370200,DM,12,success,10
02371000,UM,12,success,22
02371000,DM,12,success,12
02371200,UM,12,success,3
02371200,DM,12,success,7
02371500,UM,12,success,10
02371500,DM,12,success,8
02372000,UM,12,success,9
02372000,DM,12,success,8
02372250,UM,12,success,7
02372250,DM,12,success,6
02372422,UM,12,success,15
02372422,DM,12,success,13
02372430,UM,12,success,17
02372430,DM,12,success,12
02372500,UM,12,success,13
02372500,DM,12,success,7
02372755,UM,12,success,1
02372755,DM,12,success,6
02372800,UM,12,success,7
02372800,DM,12,success,9
02373000,UM,12,success,8
02373000,DM,12,success,8
02373500,UM,12,success,13
02373500,DM,12,success,11
02374000,UM,12,success,6
02374000,DM,12,success,10
02374250,UM,12,success,14
02374250,DM,12,success,9
02374500,UM,12,success,10
02374500,DM,12,success,12
02374700,UM,12,success,7
02374700,DM,12,success,12
02374745,UM,12,success,9
02374745,DM,12,success,11
02374950,UM,12,success,16
02374950,DM,12,success,12
02374970,UM,12,success,11
02374970,DM,12,success,12
02375000,UM,12,success,15
02375000,DM,12,success,13
02375500,UM,12,success,20
02375500,DM,12,success,9
02376293,UM,12,success,16
02376293,DM,12,success,10
02376500,UM,12,success,7
02376500,DM,12,success,8
02377500,UM,12,success,5
02377500,DM,12,success,6
02377570,UM,12,success,7
02377570,DM,12,success,6
02378170,UM,12,success,2
02378170,DM,12,success,7
02378300,UM,12,success,7
02378300,DM,12,success,7
02378500,UM,12,success,8
02378500,DM,12,success,9
02397530,UM,12,success,6
02397530,DM,12,success,11
02398300,UM,12,success,12
02398300,DM,12,success,14
02398400,UM,12,success,12
02398400,DM,12,success,14
02398500,UM,12,success,8
02398500,DM,12,success,13
02398950,UM,12,success,9
02398950,DM,12,success,8
02399000,UM,12,success,10
02399000,DM,12,success,9
02399200,UM,12,success,8
02399200,DM,12,success,8
02399500,UM,12,success,12
02399500,DM,12,success,11
02400000,UM,12,success,2
02400000,DM,12,success,12
02400033,UM,12,success,5
02400033,DM,12,success,8
02400100,UM,12,success,6
02400100,DM,12,success,13
02400500,UM,12,success,8
02400500,DM,12,success,9
02400680,UM,12,success,5
02400680,DM,12,success,9
02401000,UM,12,success,6
02401000,DM,12,success,5
02401370,UM,12,success,7
02401370,DM,12,success,6
02401390,UM,12,success,7
02401390,DM,12,success,11
02401470,UM,12,success,4
02401470,DM,12,success,4
02401500,UM,12,success,7
02401500,DM,12,success,7
02401620,UM,12,success,6
02401620,DM,12,success,9
02401895,UM,12,success,11
02401895,DM,12,success,9
02402500,UM,12,success,4
02402500,DM,12,success,4
02403310,UM,12,success,7
02403310,DM,12,success,6
02404000,UM,12,success,5
02404000,DM,12,success,6
02404245,UM,12,success,10
02404245,DM,12,success,10
02404400,UM,12,success,9
02404400,DM,12,success,8
02404500,UM,12,success,13
02404500,DM,12,success,6
02405000,UM,12,success,8
02405000,DM,12,success,2
02405200,UM,12,success,5
02405200,DM,12,success,11
02405500,UM,12,success,8
02405500,DM,12,success,8
02405800,UM,12,success,9
02405800,DM,12,success,6
02406000,UM,12,success,6
02406000,DM,12,success,6
02406500,UM,12,success,11
02406500,DM,12,success,10
02406930,UM,12,success,4
02406930,DM,12,success,8
02407000,UM,12,success,9
02407000,DM,12,success,5
02407500,UM,12,success,8
02407500,DM,12,success,7
02407514,UM,12,success,7
02407514,DM,12,success,8
02407680,UM,12,success,8
02407680,DM,12,success,6
02407900,UM,12,success,6
02407900,DM,12,success,4
02407950,UM,12,success,9
02407950,DM,12,success,12
02408150,UM,12,success,8
02408150,DM,12,success,3
02408500,UM,12,success,7
02408500,DM,12,success,11
02408540,UM,12,success,11
02408540,DM,12,success,6
02409000,UM,12,success,8
02409000,DM,12,success,3
02409400,UM,12,success,7
02409400,DM,12,success,9
02410000,UM,12,success,2
02410000,DM,12,success,7
02411000,UM,12,success,10
02411000,DM,12,success,11
02411602,UM,12,success,1
02411602,DM,12,success,10
02412000,UM,12,success,4
02412000,DM,12,success,4
02412065,UM,12,success,5
02412065,DM,12,success,6
02412500,UM,12,success,5
02412500,DM,12,success,4
02413300,UM,12,success,5
02413300,DM,12,success,2
02413400,UM,12,success,2
02413400,DM,12,success,3
02413475,UM,12,success,8
02413475,DM,12,success,5
02413500,UM,12,success,6
02413500,DM,12,success,4
02414500,UM,12,success,8
02414500,DM,12,success,7
02414715,UM,12,success,14
02414715,DM,12,success,24
02414765,UM,12,success,7
02414765,DM,12,success,5
02414800,UM,12,success,4
02414800,DM,12,success,5
02415000,UM,12,success,7
02415000,DM,12,success,7
02416000,UM,12,success,9
02416000,DM,12,success,3
02416481,UM,12,success,2
02416481,DM,12,success,6
02418230,UM,12,success,9
02418230,DM,12,success,9
02418500,UM,12,success,10
02418500,DM,12,success,7
02418760,UM,12,success,12
02418760,DM,12,success,15
02418764,UM,12,success,2
02418764,DM,12,success,7
02418770,UM,12,success,2
02418770,DM,12,success,6
02419000,UM,12,success,9
02419000,DM,12,success,8
02419625,UM,12,success,7
02419625,DM,12,success,7
02419845,UM,12,success,5
02419845,DM,12,success,11
02419875,UM,12,success,4
02419875,DM,12,success,13
02419890,UM,12,success,8
02419890,DM,12,success,7
02419974,UM,12,success,2
02419974,DM,12,success,3
02419976,UM,12,success,3
02419976,DM,12,success,3
02420000,UM,12,success,10
02420000,DM,12,success,6
02420980,UM,12,success,3
02420980,DM,12,success,7
02421000,UM,12,success,9
02421000,DM,12,success,14
02421105,UM,12,success,1
02421105,DM,12,success,10
02421256,UM,12,success,11
02421256,DM,12,success,16
02421300,UM,12,success,8
02421300,DM,12,success,12
02422000,UM,12,success,7
02422000,DM,12,success,6
02422500,UM,12,success,15
02422500,DM,12,success,8
02423000,UM,12,success,9
02423000,DM,12,success,5
02423110,UM,12,success,2
02423110,DM,12,success,9
02423130,UM,12,success,5
02423130,DM,12,success,7
02423160,UM,12,success,8
02423160,DM,12,success,5
02423380,UM,12,success,8
02423380,DM,12,success,5
02423397,UM,12,success,2
02423397,DM,12,success,8
02423398,UM,12,success,3
02423398,DM,12,success,7
02423400,UM,12,success,6
02423400,DM,12,success,8
02423410,UM,12,success,9
02423410,DM,12,success,6
02423414,UM,12,success,5
02423414,DM,12,success,6
02423425,UM,12,success,5
02423425,DM,12,success,7
02423496,UM,12,success,7
02423496,DM,12,success,6
02423500,UM,12,success,7
02423500,DM,12,success,6
0242354750,UM,12,success,7
0242354750,DM,12,success,5
02423555,UM,12,success,5
02423555,DM,12,success,4
02423586,UM,12,success,3
02423586,DM,12,success,3
02423630,UM,12,success,18
02423630,DM,12,success,17
02423647,UM,12,success,25
02423647,DM,12,success,25
02423800,UM,12,success,5
02423800,DM,12,success,13
02424000,UM,12,success,9
02424000,DM,12,success,6
02424010,UM,12,success,1
02424010,DM,12,success,11
02424500,UM,12,success,11
02424500,DM,12,success,11
02424590,UM,12,success,6
02424590,DM,12,success,8
02424940,UM,12,success,10
02424940,DM,12,success,8
02425000,UM,12,success,6
02425000,DM,12,success,5
02425200,UM,12,success,4
02425200,DM,12,success,5
02425500,UM,12,success,9
02425500,DM,12,success,10
02425655,UM,12,success,14
02425655,DM,12,success,7
02426000,UM,12,success,11
02426000,DM,12,success,9
02427250,UM,12,success,7
02427250,DM,12,success,16
02427300,UM,12,success,7
02427300,DM,12,success,11
02427500,UM,12,success,5
02427500,DM,12,success,7
02427700,UM,12,success,4
02427700,DM,12,success,6
02427875,UM,12,success,5
02427875,DM,12,success,8
02428300,UM,12,success,8
02428300,DM,12,success,5
02428400,UM,12,success,8
02428400,DM,12,success,7
02428500,UM,12,success,7
02428500,DM,12,success,5
02429000,UM,12,success,12
02429000,DM,12,success,6
02429500,UM,12,success,7
02429500,DM,12,success,5
02429595,UM,12,success,12
02429595,DM,12,success,9
02429650,UM,12,success,9
02429650,DM,12,success,13
02432500,UM,12,success,9
02432500,DM,12,success,15
02437800,UM,12,success,5
02437800,DM,12,success,9
02437900,UM,12,success,7
02437900,DM,12,success,9
02438000,UM,12,success,11
02438000,DM,12,success,14
02439000,UM,12,success,7
02439000,DM,12,success,7
02442000,UM,12,success,11
02442000,DM,12,success,12
02442500,UM,12,success,15
02442500,DM,12,success,12
02443000,UM,12,success,8
02443000,DM,12,success,8
02443230,UM,12,success,12
02443230,DM,12,success,12
02443730,UM,12,success,1
02443730,DM,12,success,8
02444000,UM,12,success,7
02444000,DM,12,success,10
02444160,UM,12,success,7
02444160,DM,12,success,10
02444500,UM,12,success,5
02444500,DM,12,success,2
02445000,UM,12,success,15
02445000,DM,12,success,11
02445245,UM,12,success,3
02445245,DM,12,success,5
02445500,UM,12,success,4
02445500,DM,12,success,6
02446000,UM,12,success,5
02446000,DM,12,success,11
02446500,UM,12,success,8
02446500,DM,12,success,10
02447000,UM,12,success,5
02447000,DM,12,success,8
02447025,UM,12,success,5
02447025,DM,12,success,8
02448500,UM,12,success,7
02448500,DM,12,success,7
02448900,UM,12,success,11
02448900,DM,12,success,9
02449000,UM,12,success,7
02449000,DM,12,success,6
02449245,UM,12,success,9
02449245,DM,12,success,7
02449400,UM,12,success,8
02449400,DM,12,success,8
02449500,UM,12,success,4
02449500,DM,12,success,8
02449882,UM,12,success,16
02449882,DM,12,success,13
02450000,UM,12,success,9
02450000,DM,12,success,7
02450180,UM,12,success,5
02450180,DM,12,success,8
02450200,UM,12,success,8
02450200,DM,12,success,8
02450250,UM,12,success,8
02450250,DM,12,success,6
02450500,UM,12,success,6
02450500,DM,12,success,8
02450825,UM,12,success,11
02450825,DM,12,success,11
02451000,UM,12,success,9
02451000,DM,12,success,7
02451500,UM,12,success,8
02451500,DM,12,success,9
02453000,UM,12,success,4
02453000,DM,12,success,4
02453400,UM,12,success,3
02453400,DM,12,success,13
02453500,UM,12,success,4
02453500,DM,12,success,5
02453950,UM,12,success,5
02453950,DM,12,success,4
02454000,UM,12,success,5
02454000,DM,12,success,3
02454055,UM,12,success,2
02454055,DM,12,success,2
02454200,UM,12,success,5
02454200,DM,12,success,3
02454500,UM,12,success,5
02454500,DM,12,success,10
02455000,UM,12,success,3
02455000,DM,12,success,9
02455185,UM,12,success,10
02455185,DM,12,success,8
02455500,UM,12,success,4
02455500,DM,12,success,2
02455900,UM,12,success,4
02455900,DM,12,success,5
02455980,UM,12,success,7
02455980,DM,12,success,4
02456000,UM,12,success,8
02456000,DM,12,success,6
02456330,UM,12,success,8
02456330,DM,12,success,4
02456500,UM,12,success,2
02456500,DM,12,success,4
02457000,UM,12,success,9
02457000,DM,12,success,6
02457595,UM,12,success,6
02457595,DM,12,success,8
02457670,UM,12,success,5
02457670,DM,12,success,2
02457700,UM,12,success,1
02457700,DM,12,success,1
02458148,UM,12,success,2
02458148,DM,12,success,3
02458190,UM,12,success,1
02458190,DM,12,success,2
02458200,UM,12,success,2
02458200,DM,12,success,2
02458300,UM,12,success,2
02458300,DM,12,success,2
02458450,UM,12,success,2
02458450,DM,12,success,6
02458502,UM,12,success,2
02458502,DM,12,success,6
02458600,UM,12,success,5
02458600,DM,12,success,9
02460500,UM,12,success,1
02460500,DM,12,success,1
02461130,UM,12,success,3
02461130,DM,12,success,6
02461500,UM,12,success,14
02461500,DM,12,success,11
02462000,UM,12,success,5
02462000,DM,12,success,5
02462500,UM,12,success,13
02462500,DM,12,success,14
02462600,UM,12,success,1
02462600,DM,12,success,4
02462800,UM,12,success,5
02462800,DM,12,success,4
02462951,UM,12,success,10
02462951,DM,12,success,12
02463500,UM,12,success,3
02463500,DM,12,success,4
02464000,UM,12,success,4
02464000,DM,12,success,4
02464146,UM,12,success,5
02464146,DM,12,success,8
02464360,UM,12,success,9
02464360,DM,12,success,14
02464500,UM,12,success,10
02464500,DM,12,success,7
02465000,UM,12,success,10
02465000,DM,12,success,6
02465200,UM,12,success,3
02465200,DM,12,success,10
02465205,UM,12,success,3
02465205,DM,12,success,11
02465292,UM,12,success,7
02465292,DM,12,success,6
02465493,UM,12,success,7
02465493,DM,12,success,4
02465500,UM,12,success,12
02465500,DM,12,success,12
02466000,UM,12,success,4
02466000,DM,12,success,5
02466030,UM,12,success,5
02466030,DM,12,success,4
02466500,UM,12,success,7
02466500,DM,12,success,7
02467000,UM,12,success,7
02467000,DM,12,success,7
02467500,UM,12,success,7
02467500,DM,12,success,9
02468000,UM,12,success,8
02468000,DM,12,success,8
02468500,UM,12,success,6
02468500,DM,12,success,12
02469000,UM,12,success,10
02469000,DM,12,success,9
02469550,UM,12,success,5
02469550,DM,12,success,7
02469672,UM,12,success,4
02469672,DM,12,success,8
02469700,UM,12,success,7
02469700,DM,12,success,6
02469761,UM,12,success,6
02469761,DM,12,success,6
02469766,UM,12,success,6
02469766,DM,12,success,6
02469800,UM,12,success,9
02469800,DM,12,success,7
02470000,UM,12,success,6
02470000,DM,12,success,7
02470072,UM,12,success,5
02470072,DM,12,success,8
02470100,UM,12,success,7
02470100,DM,12,success,9
02471000,UM,12,success,9
02471000,DM,12,success,5
02471001,UM,12,success,10
02471001,DM,12,success,3
02471065,UM,12,success,3
02471065,DM,12,success,6
02471078,UM,12,success,1
02471078,DM,12,success,3
02478500,UM,12,success,7
02478500,DM,12,success,8
02479431,UM,12,success,9
02479431,DM,12,success,6
02479500,UM,12,success,11
02479500,DM,12,success,8
02479560,UM,12,success,7
02479560,DM,12,success,8
02479600,UM,12,success,2
02479600,DM,12,success,2
02479945,UM,12,success,8
02479945,DM,12,success,10
02479980,UM,12,success,7
02479980,DM,12,success,3
02480002,UM,12,success,3
02480002,DM,12,success,9
02480150,UM,12,success,5
02480150,DM,12,success,14
03571850,UM,12,success,10
03571850,DM,12,success,11
03572110,UM,12,success,7
03572110,DM,12,success,7
03572690,UM,12,success,9
03572690,DM,12,success,14
03572900,UM,12,success,8
03572900,DM,12,success,13
03573000,UM,12,success,12
03573000,DM,12,success,12
03574100,UM,12,success,8
03574100,DM,12,success,7
03574500,UM,12,success,8
03574500,DM,12,success,5
03574700,UM,12,success,2
03574700,DM,12,success,11
03574796,UM,12,success,1
03574796,DM,12,success,7
0357479650,UM,12,success,9
0357479650,DM,12,success,9
03575000,UM,12,success,10
03575000,DM,12,success,15
03575100,UM,12,success,14
03575100,DM,12,success,10
0357526200,UM,12,success,2
0357526200,DM,12,success,8
03575272,UM,12,success,1
03575272,DM,12,success,7
03575340,UM,12,success,1
03575340,DM,12,success,14
03575500,UM,12,success,7
03575500,DM,12,success,9
0357568650,UM,12,success,1
0357568650,DM,12,success,7
0357568980,UM,12,success,5
0357568980,DM,12,success,4
03575700,UM,12,success,4
03575700,DM,12,success,5
03575830,UM,12,success,8
03575830,DM,12,success,6
0357586650,UM,12,success,3
0357586650,DM,12,success,5
0357587090,UM,12,success,1
0357587090,DM,12,success,8
0357587140,UM,12,success,2
0357587140,DM,12,success,9
0357587400,UM,12,success,5
0357587400,DM,12,success,7
0357587728,UM,12,success,1
0357587728,DM,12,success,5
03575890,UM,12,success,8
03575890,DM,12,success,5
0357591500,UM,12,success,1
0357591500,DM,12,success,5
03575933,UM,12,success,3
03575933,DM,12,success,4
03575950,UM,12,success,7
03575950,DM,12,success,7
03575980,UM,12,success,3
03575980,DM,12,success,3
03576148,UM,12,success,10
03576148,DM,12,success,11
03576250,UM,12,success,6
03576250,DM,12,success,5
03576400,UM,12,success,6
03576400,DM,12,success,10
03576500,UM,12,success,4
03576500,DM,12,success,6
03577000,UM,12,success,5
03577000,DM,12,success,9
03577110,UM,12,success,8
03577110,DM,12,success,21
03577225,UM,12,success,7
03577225,DM,12,success,9
03584500,UM,12,success,10
03584500,DM,12,success,18
03584600,UM,12,success,12
03584600,DM,12,success,15
03585300,UM,12,success,14
03585300,DM,12,success,10
03586500,UM,12,success,6
03586500,DM,12,success,4
03587200,UM,12,success,1
03587200,DM,12,success,10
03588500,UM,12,success,1
03588500,DM,12,success,10
03589250,UM,12,success,3
03589250,DM,12,success,7
03589260,UM,12,success,4
03589260,DM,12,success,11
03589500,UM,12,success,9
03589500,DM,12,success,8
03590000,UM,12,success,1
03590000,DM,12,success,1
03591570,UM,12,success,7
03591570,DM,12,success,10
03592000,UM,12,success,12
03592000,DM,12,success,12
03592200,UM,12,success,9
03592200,DM,12,success,8
03592300,UM,12,success,14
03592300,DM,12,success,11
03592500,UM,12,success,6
03592500,DM,12,success,10
