duration_hours,ari_years,filename,url,status,size_mb,sha256,error
1,1,se1yr60ma.zip,https://hdsc.nws.noaa.gov/pub/hdsc/data/se/se1yr60ma.zip,cached,0.5847158432006836,e5d98f075b190d0d1ab2a94701ddf7b5e0052b56785f1132d2b47917235a7bd5,
1,2,se2yr60ma.zip,https://hdsc.nws.noaa.gov/pub/hdsc/data/se/se2yr60ma.zip,cached,0.6103057861328125,52641a97530a1fa4eb80131bf978f5e344c4c0b6fce4698693f9a7ef1c928f1c,
1,5,se5yr60ma.zip,https://hdsc.nws.noaa.gov/pub/hdsc/data/se/se5yr60ma.zip,cached,0.6860837936401367,eb5ff42bc7f24de18d7de695aef015f935d75a85bbd1e56a9a9de10801ebf0f8,
1,10,se10yr60ma.zip,https://hdsc.nws.noaa.gov/pub/hdsc/data/se/se10yr60ma.zip,cached,0.7483034133911133,f22d1834d99977315e56872b549d52869794a027879167b62ba71cd5089981f4,
1,25,se25yr60ma.zip,https://hdsc.nws.noaa.gov/pub/hdsc/data/se/se25yr60ma.zip,cached,0.8320722579956055,71c449a06a0481d8409beaae7834a2968514d4566aee615e2d444c40bc3cbcd2,
1,50,se50yr60ma.zip,https://hdsc.nws.noaa.gov/pub/hdsc/data/se/se50yr60ma.zip,cached,0.8980979919433594,a49d81b8efcd9bebc37e4f34403bbe612046177c0dbfbcbeac816e339514bdc6,
1,100,se100yr60ma.zip,https://hdsc.nws.noaa.gov/pub/hdsc/data/se/se100yr60ma.zip,cached,0.9659261703491211,79bfbcd10ee6067d8fa5493979ad9d193beb0dbdd9ec88a5ec5df7925c9c79fb,
1,200,se200yr60ma.zip,https://hdsc.nws.noaa.gov/pub/hdsc/data/se/se200yr60ma.zip,cached,1.0392332077026367,76c4c222b2fdc6030a7a6e057828f017191f614f43931d5f42b8c7e37ce49c79,
1,500,se500yr60ma.zip,https://hdsc.nws.noaa.gov/pub/hdsc/data/se/se500yr60ma.zip,cached,1.1440238952636719,df3a35b1c6777e9cf105d7635b866c585f8deaf67ff9d49606ae0118419f71f6,
1,1000,se1000yr60ma.zip,https://hdsc.nws.noaa.gov/pub/hdsc/data/se/se1000yr60ma.zip,cached,1.2244930267333984,cf99c38ede9625db0b7b1d47002cfc184201621da400d3ac672db18f22f52f5f,
3,1,se1yr03ha.zip,https://hdsc.nws.noaa.gov/pub/hdsc/data/se/se1yr03ha.zip,cached,0.7286148071289062,2626bb7be8b1f61fdafd5f780bc571bd8fd5ab5079df529ae845b25209c28f23,
3,2,se2yr03ha.zip,https://hdsc.nws.noaa.gov/pub/hdsc/data/se/se2yr03ha.zip,cached,0.7656984329223633,16be800bc5e676d13ce0cd95c52509bf9e38f9b68e39ed6eaab291ddc0d1cb0d,
3,5,se5yr03ha.zip,https://hdsc.nws.noaa.gov/pub/hdsc/data/se/se5yr03ha.zip,cached,0.875361442565918,1b18956da54b0bbfd240a2a3a398c898939159e98c49126bebfc35e17ddd6d96,
3,10,se10yr03ha.zip,https://hdsc.nws.noaa.gov/pub/hdsc/data/se/se10yr03ha.zip,cached,0.9660816192626953,e02a4d37beba80d3cb32799a59bfd8e9d156921f1fc6b7a3d639bad8a6cdc1cc,
3,25,se25yr03ha.zip,https://hdsc.nws.noaa.gov/pub/hdsc/data/se/se25yr03ha.zip,cached,1.0828590393066406,ce52161ed8ac6ce7e9070ffae04608e25a7969f08e179531bdbc57538c097d9e,
3,50,se50yr03ha.zip,https://hdsc.nws.noaa.gov/pub/hdsc/data/se/se50yr03ha.zip,cached,1.169825553894043,490c165db37e9ae25f6af499e9444ce06a21a78d385bf947545ee074304480db,
3,100,se100yr03ha.zip,https://hdsc.nws.noaa.gov/pub/hdsc/data/se/se100yr03ha.zip,cached,1.2514657974243164,418be743470292a0b7bc1c226391d4fffdfe647f610171e85bb4efa8280ed8b9,
3,200,se200yr03ha.zip,https://hdsc.nws.noaa.gov/pub/hdsc/data/se/se200yr03ha.zip,cached,1.3364276885986328,152842b2a7c2d42827110ad7ebaf80984ed5cea77c51f1bf782621bea5c1d7db,
3,500,se500yr03ha.zip,https://hdsc.nws.noaa.gov/pub/hdsc/data/se/se500yr03ha.zip,cached,1.4479475021362305,98e4308ef51141fbe7a46ef4b66be959d78b08fa03efd3431ffc6b324c75f704,
3,1000,se1000yr03ha.zip,https://hdsc.nws.noaa.gov/pub/hdsc/data/se/se1000yr03ha.zip,cached,1.5334081649780273,c26f4ff10864a809ae31a2a325bc415e00a0ed1271c7405c36cf074b30a87ba8,
6,1,se1yr06ha.zip,https://hdsc.nws.noaa.gov/pub/hdsc/data/se/se1yr06ha.zip,cached,0.7790842056274414,44b26118febdb2ba99feeb7134b9b3bb2d031aa5ccef73eb8220d232bc453430,
6,2,se2yr06ha.zip,https://hdsc.nws.noaa.gov/pub/hdsc/data/se/se2yr06ha.zip,cached,0.84014892578125,c1c0028ba2d429d38aaf77761346890ed7ea631de9103fab5d2b1d6a08e07d7d,
6,5,se5yr06ha.zip,https://hdsc.nws.noaa.gov/pub/hdsc/data/se/se5yr06ha.zip,cached,0.9696083068847656,c486286e2700d72cd68150ea20772208f326d5ec471d2323afa7741f4ef436e1,
6,10,se10yr06ha.zip,https://hdsc.nws.noaa.gov/pub/hdsc/data/se/se10yr06ha.zip,cached,1.0623197555541992,54a6b87b2f495e69ec699317e43429c0c45104e35a4cc28deb07542fd922afc0,
6,25,se25yr06ha.zip,https://hdsc.nws.noaa.gov/pub/hdsc/data/se/se25yr06ha.zip,cached,1.180882453918457,629b63cf8a383ba25349ac82d4eb2699d40bacec23a7064911501d844b348167,
6,50,se50yr06ha.zip,https://hdsc.nws.noaa.gov/pub/hdsc/data/se/se50yr06ha.zip,cached,1.2703371047973633,ac244bf44a28de34c1f6bc418f10cc32e311dc9a7250c9d0a324f8f2834c5f8b,
6,100,se100yr06ha.zip,https://hdsc.nws.noaa.gov/pub/hdsc/data/se/se100yr06ha.zip,cached,1.3634662628173828,4297543173adff3a63e5e91e39305ce53712b9218ae09cb35bc279a260cf89fa,
6,200,se200yr06ha.zip,https://hdsc.nws.noaa.gov/pub/hdsc/data/se/se200yr06ha.zip,cached,1.4654569625854492,efb31239d72b267c95b3c1d1293342aaa5a6fe268f362dfdf0ea6c73b61b3cc9,
6,500,se500yr06ha.zip,https://hdsc.nws.noaa.gov/pub/hdsc/data/se/se500yr06ha.zip,cached,1.5775222778320312,5a92b1ccd24ed07d4bccf42bfdfedf894cdf543036642f39cc3a198901d51786,
6,1000,se1000yr06ha.zip,https://hdsc.nws.noaa.gov/pub/hdsc/data/se/se1000yr06ha.zip,cached,1.6485366821289062,1ca0db515eb85709f70fa804a1cc6696eacf185deedfb104a0d0d87ef5fcbdd6,
24,1,se1yr24ha.zip,https://hdsc.nws.noaa.gov/pub/hdsc/data/se/se1yr24ha.zip,cached,0.8731746673583984,3506315a02bd0f873379a33c2febd6f5d5198e04de29e1ac3587ad1c384d9020,
24,2,se2yr24ha.zip,https://hdsc.nws.noaa.gov/pub/hdsc/data/se/se2yr24ha.zip,cached,0.9736471176147461,f5f9aa2ea7784bf8b114445334f24d34c42f537ec20ebdbe284ec125c5fdff2a,
24,5,se5yr24ha.zip,https://hdsc.nws.noaa.gov/pub/hdsc/data/se/se5yr24ha.zip,cached,1.1402397155761719,ebeb4289f260b63531ffd6d303cdb93106855737fca4ec175086036621932728,
24,10,se10yr24ha.zip,https://hdsc.nws.noaa.gov/pub/hdsc/data/se/se10yr24ha.zip,cached,1.2422409057617188,7e2ca9030bfc86646565b8e7fdeaf620526254f6a9d91931ce0b6390fb9402f1,
24,25,se25yr24ha.zip,https://hdsc.nws.noaa.gov/pub/hdsc/data/se/se25yr24ha.zip,cached,1.3811206817626953,e83f0f1b5b9cf89bcbd6bebdfd826c30c53850464839a634f12c3cd6bd07ef2c,
24,50,se50yr24ha.zip,https://hdsc.nws.noaa.gov/pub/hdsc/data/se/se50yr24ha.zip,cached,1.4715862274169922,a378a4bcfc9ec33e0460b9dcc26f32ecc22d858f18b5c64681187db77ade68d7,
24,100,se100yr24ha.zip,https://hdsc.nws.noaa.gov/pub/hdsc/data/se/se100yr24ha.zip,cached,1.5516414642333984,78dc6fa345640b5a5cca9d9b050cbd21d3acec3eda577cc42cb94745ca78ddb0,
24,200,se200yr24ha.zip,https://hdsc.nws.noaa.gov/pub/hdsc/data/se/se200yr24ha.zip,cached,1.6446037292480469,0cafb881c391cdff486b00892f9d65c66cdeee92e228733a4bb8af609616e834,
24,500,se500yr24ha.zip,https://hdsc.nws.noaa.gov/pub/hdsc/data/se/se500yr24ha.zip,cached,1.7024574279785156,69c701e74a54c6d38ec0831edb6f90b51a67cf60f6e97f178b447385b72490cb,
24,1000,se1000yr24ha.zip,https://hdsc.nws.noaa.gov/pub/hdsc/data/se/se1000yr24ha.zip,cached,1.762232780456543,b053791e69ee7f2a6ac19ef0dc5ef200c87a0aa84038396487a8c9da82122a50,
72,1,se1yr03da.zip,https://hdsc.nws.noaa.gov/pub/hdsc/data/se/se1yr03da.zip,cached,0.9907426834106445,5f7226e9f374ba46527a8e8e56dd6ea20d94ad29abb74d7174b264aa5f6e0a87,
72,2,se2yr03da.zip,https://hdsc.nws.noaa.gov/pub/hdsc/data/se/se2yr03da.zip,cached,1.0731935501098633,38b09995da07e7ecf645e12579735bb688ae4ff2b9aadf21ebe96360f0f97821,
72,5,se5yr03da.zip,https://hdsc.nws.noaa.gov/pub/hdsc/data/se/se5yr03da.zip,cached,1.2178268432617188,76d04891124bb7c40c242601fe34605228a39b1acd8ca17966abb89a66aad967,
72,10,se10yr03da.zip,https://hdsc.nws.noaa.gov/pub/hdsc/data/se/se10yr03da.zip,cached,1.3312997817993164,8241cb9f3dde1936b7d98bfdd7d9c87565aafc79a81c4649e8f92555310174c7,
72,25,se25yr03da.zip,https://hdsc.nws.noaa.gov/pub/hdsc/data/se/se25yr03da.zip,cached,1.4641790390014648,9843336de136a66a9c3156a2a2466168d22c844edee894c77a55d62654a3d06f,
72,50,se50yr03da.zip,https://hdsc.nws.noaa.gov/pub/hdsc/data/se/se50yr03da.zip,cached,1.5755281448364258,7c45a551bb015ebf782cd05d81c79346f9a9a2b2cdc4bd9d3c8fdde2d154c61c,
72,100,se100yr03da.zip,https://hdsc.nws.noaa.gov/pub/hdsc/data/se/se100yr03da.zip,cached,1.623124122619629,644139d9ecd1b4634b8e399b79e3451598cef80bdc099d0d7198fd0f455937b6,
72,200,se200yr03da.zip,https://hdsc.nws.noaa.gov/pub/hdsc/data/se/se200yr03da.zip,cached,1.684591293334961,cfa58b8d5b7f3fa8617420342f5123a0c31f79076f0f5d0ce9e56ebd3b84bcae,
72,500,se500yr03da.zip,https://hdsc.nws.noaa.gov/pub/hdsc/data/se/se500yr03da.zip,cached,1.76513671875,a6bc741ea36b61a63d4c5d044568ed489d534f362d3735f9befd85de435f9fba,
72,1000,se1000yr03da.zip,https://hdsc.nws.noaa.gov/pub/hdsc/data/se/se1000yr03da.zip,cached,1.826909065246582,276548ae1231325572a4c017ab5804daefc790b9092d13812eb1318c7803ca28,
