raster_path,source_units_interpreted,value_to_mm_factor,sample_median_raw
D:\projstore\Ismail\CRIMSON_AORC_3METHOD\13_atlas14_event_catalog\02_atlas_extracted\se1000yr03da\se1000yr03da.asc,thousandths of an inch,0.0254,17551.5
D:\projstore\Ismail\CRIMSON_AORC_3METHOD\13_atlas14_event_catalog\02_atlas_extracted\se1000yr03ha\se1000yr03ha.asc,thousandths of an inch,0.0254,7579.5
D:\projstore\Ismail\CRIMSON_AORC_3METHOD\13_atlas14_event_catalog\02_atlas_extracted\se1000yr06ha\se1000yr06ha.asc,thousandths of an inch,0.0254,9630.0
D:\projstore\Ismail\CRIMSON_AORC_3METHOD\13_atlas14_event_catalog\02_atlas_extracted\se1000yr24ha\se1000yr24ha.asc,thousandths of an inch,0.0254,14316.5
D:\projstore\Ismail\CRIMSON_AORC_3METHOD\13_atlas14_event_catalog\02_atlas_extracted\se1000yr60ma\se1000yr60ma.asc,thousandths of an inch,0.0254,5108.5
D:\projstore\Ismail\CRIMSON_AORC_3METHOD\13_atlas14_event_catalog\02_atlas_extracted\se100yr03da\se100yr03da.asc,thousandths of an inch,0.0254,12167.5
D:\projstore\Ismail\CRIMSON_AORC_3METHOD\13_atlas14_event_catalog\02_atlas_extracted\se100yr03ha\se100yr03ha.asc,thousandths of an inch,0.0254,5447.5
D:\projstore\Ismail\CRIMSON_AORC_3METHOD\13_atlas14_event_catalog\02_atlas_extracted\se100yr06ha\se100yr06ha.asc,thousandths of an inch,0.0254,6755.5
D:\projstore\Ismail\CRIMSON_AORC_3METHOD\13_atlas14_event_catalog\02_atlas_extracted\se100yr24ha\se100yr24ha.asc,thousandths of an inch,0.0254,9767.0
D:\projstore\Ismail\CRIMSON_AORC_3METHOD\13_atlas14_event_catalog\02_atlas_extracted\se100yr60ma\se100yr60ma.asc,thousandths of an inch,0.0254,3797.0
D:\projstore\Ismail\CRIMSON_AORC_3METHOD\13_atlas14_event_catalog\02_atlas_extracted\se10yr03da\se10yr03da.asc,thousandths of an inch,0.0254,7806.0
D:\projstore\Ismail\CRIMSON_AORC_3METHOD\13_atlas14_event_catalog\02_atlas_extracted\se10yr03ha\se10yr03ha.asc,thousandths of an inch,0.0254,3608.0
D:\projstore\Ismail\CRIMSON_AORC_3METHOD\13_atlas14_event_catalog\02_atlas_extracted\se10yr06ha\se10yr06ha.asc,thousandths of an inch,0.0254,4372.0
D:\projstore\Ismail\CRIMSON_AORC_3METHOD\13_atlas14_event_catalog\02_atlas_extracted\se10yr24ha\se10yr24ha.asc,thousandths of an inch,0.0254,6181.0
D:\projstore\Ismail\CRIMSON_AORC_3METHOD\13_atlas14_event_catalog\02_atlas_extracted\se10yr60ma\se10yr60ma.asc,thousandths of an inch,0.0254,2573.5
D:\projstore\Ismail\CRIMSON_AORC_3METHOD\13_atlas14_event_catalog\02_atlas_extracted\se1yr03da\se1yr03da.asc,thousandths of an inch,0.0254,4801.0
D:\projstore\Ismail\CRIMSON_AORC_3METHOD\13_atlas14_event_catalog\02_atlas_extracted\se1yr03ha\se1yr03ha.asc,thousandths of an inch,0.0254,2265.0
D:\projstore\Ismail\CRIMSON_AORC_3METHOD\13_atlas14_event_catalog\02_atlas_extracted\se1yr06ha\se1yr06ha.asc,thousandths of an inch,0.0254,2713.5
D:\projstore\Ismail\CRIMSON_AORC_3METHOD\13_atlas14_event_catalog\02_atlas_extracted\se1yr24ha\se1yr24ha.asc,thousandths of an inch,0.0254,3759.0
D:\projstore\Ismail\CRIMSON_AORC_3METHOD\13_atlas14_event_catalog\02_atlas_extracted\se1yr60ma\se1yr60ma.asc,thousandths of an inch,0.0254,1624.5
D:\projstore\Ismail\CRIMSON_AORC_3METHOD\13_atlas14_event_catalog\02_atlas_extracted\se200yr03da\se200yr03da.asc,thousandths of an inch,0.0254,13689.0
D:\projstore\Ismail\CRIMSON_AORC_3METHOD\13_atlas14_event_catalog\02_atlas_extracted\se200yr03ha\se200yr03ha.asc,thousandths of an inch,0.0254,6040.0
D:\projstore\Ismail\CRIMSON_AORC_3METHOD\13_atlas14_event_catalog\02_atlas_extracted\se200yr06ha\se200yr06ha.asc,thousandths of an inch,0.0254,7552.5
D:\projstore\Ismail\CRIMSON_AORC_3METHOD\13_atlas14_event_catalog\02_atlas_extracted\se200yr24ha\se200yr24ha.asc,thousandths of an inch,0.0254,11034.5
D:\projstore\Ismail\CRIMSON_AORC_3METHOD\13_atlas14_event_catalog\02_atlas_extracted\se200yr60ma\se200yr60ma.asc,thousandths of an inch,0.0254,4181.0
D:\projstore\Ismail\CRIMSON_AORC_3METHOD\13_atlas14_event_catalog\02_atlas_extracted\se25yr03da\se25yr03da.asc,thousandths of an inch,0.0254,9409.0
D:\projstore\Ismail\CRIMSON_AORC_3METHOD\13_atlas14_event_catalog\02_atlas_extracted\se25yr03ha\se25yr03ha.asc,thousandths of an inch,0.0254,4311.5
D:\projstore\Ismail\CRIMSON_AORC_3METHOD\13_atlas14_event_catalog\02_atlas_extracted\se25yr06ha\se25yr06ha.asc,thousandths of an inch,0.0254,5263.0
D:\projstore\Ismail\CRIMSON_AORC_3METHOD\13_atlas14_event_catalog\02_atlas_extracted\se25yr24ha\se25yr24ha.asc,thousandths of an inch,0.0254,7497.5
D:\projstore\Ismail\CRIMSON_AORC_3METHOD\13_atlas14_event_catalog\02_atlas_extracted\se25yr60ma\se25yr60ma.asc,thousandths of an inch,0.0254,3037.0
D:\projstore\Ismail\CRIMSON_AORC_3METHOD\13_atlas14_event_catalog\02_atlas_extracted\se2yr03da\se2yr03da.asc,thousandths of an inch,0.0254,5492.0
D:\projstore\Ismail\CRIMSON_AORC_3METHOD\13_atlas14_event_catalog\02_atlas_extracted\se2yr03ha\se2yr03ha.asc,thousandths of an inch,0.0254,2582.0
D:\projstore\Ismail\CRIMSON_AORC_3METHOD\13_atlas14_event_catalog\02_atlas_extracted\se2yr06ha\se2yr06ha.asc,thousandths of an inch,0.0254,3095.0
D:\projstore\Ismail\CRIMSON_AORC_3METHOD\13_atlas14_event_catalog\02_atlas_extracted\se2yr24ha\se2yr24ha.asc,thousandths of an inch,0.0254,4319.0
D:\projstore\Ismail\CRIMSON_AORC_3METHOD\13_atlas14_event_catalog\02_atlas_extracted\se2yr60ma\se2yr60ma.asc,thousandths of an inch,0.0254,1854.0
D:\projstore\Ismail\CRIMSON_AORC_3METHOD\13_atlas14_event_catalog\02_atlas_extracted\se500yr03da\se500yr03da.asc,thousandths of an inch,0.0254,15811.5
D:\projstore\Ismail\CRIMSON_AORC_3METHOD\13_atlas14_event_catalog\02_atlas_extracted\se500yr03ha\se500yr03ha.asc,thousandths of an inch,0.0254,6896.0
D:\projstore\Ismail\CRIMSON_AORC_3METHOD\13_atlas14_event_catalog\02_atlas_extracted\se500yr06ha\se500yr06ha.asc,thousandths of an inch,0.0254,8692.5
D:\projstore\Ismail\CRIMSON_AORC_3METHOD\13_atlas14_event_catalog\02_atlas_extracted\se500yr24ha\se500yr24ha.asc,thousandths of an inch,0.0254,12868.0
D:\projstore\Ismail\CRIMSON_AORC_3METHOD\13_atlas14_event_catalog\02_atlas_extracted\se500yr60ma\se500yr60ma.asc,thousandths of an inch,0.0254,4696.0
D:\projstore\Ismail\CRIMSON_AORC_3METHOD\13_atlas14_event_catalog\02_atlas_extracted\se50yr03da\se50yr03da.asc,thousandths of an inch,0.0254,10752.5
D:\projstore\Ismail\CRIMSON_AORC_3METHOD\13_atlas14_event_catalog\02_atlas_extracted\se50yr03ha\se50yr03ha.asc,thousandths of an inch,0.0254,4871.5
D:\projstore\Ismail\CRIMSON_AORC_3METHOD\13_atlas14_event_catalog\02_atlas_extracted\se50yr06ha\se50yr06ha.asc,thousandths of an inch,0.0254,5992.0
D:\projstore\Ismail\CRIMSON_AORC_3METHOD\13_atlas14_event_catalog\02_atlas_extracted\se50yr24ha\se50yr24ha.asc,thousandths of an inch,0.0254,8587.5
D:\projstore\Ismail\CRIMSON_AORC_3METHOD\13_atlas14_event_catalog\02_atlas_extracted\se50yr60ma\se50yr60ma.asc,thousandths of an inch,0.0254,3407.0
D:\projstore\Ismail\CRIMSON_AORC_3METHOD\13_atlas14_event_catalog\02_atlas_extracted\se5yr03da\se5yr03da.asc,thousandths of an inch,0.0254,6713.0
D:\projstore\Ismail\CRIMSON_AORC_3METHOD\13_atlas14_event_catalog\02_atlas_extracted\se5yr03ha\se5yr03ha.asc,thousandths of an inch,0.0254,3123.5
D:\projstore\Ismail\CRIMSON_AORC_3METHOD\13_atlas14_event_catalog\02_atlas_extracted\se5yr06ha\se5yr06ha.asc,thousandths of an inch,0.0254,3770.0
D:\projstore\Ismail\CRIMSON_AORC_3METHOD\13_atlas14_event_catalog\02_atlas_extracted\se5yr24ha\se5yr24ha.asc,thousandths of an inch,0.0254,5301.0
D:\projstore\Ismail\CRIMSON_AORC_3METHOD\13_atlas14_event_catalog\02_atlas_extracted\se5yr60ma\se5yr60ma.asc,thousandths of an inch,0.0254,2244.0
