archive_name,archive_path,region,ari_years,duration_hours,duration_token,statistic,series,raster_path
se1yr60ma.zip,D:\projstore\Ismail\Dr Koriche\Intense Rainfall and Flash Flooding\Data\ATLAS 14\NOAA_Atlas14_Alabama_PDS\se1yr60ma.zip,se,1,1,60m,expected,pds,D:\projstore\Ismail\CRIMSON_AORC_3METHOD\13_atlas14_event_catalog\02_atlas_extracted\se1yr60ma\se1yr60ma.asc
se2yr60ma.zip,D:\projstore\Ismail\Dr Koriche\Intense Rainfall and Flash Flooding\Data\ATLAS 14\NOAA_Atlas14_Alabama_PDS\se2yr60ma.zip,se,2,1,60m,expected,pds,D:\projstore\Ismail\CRIMSON_AORC_3METHOD\13_atlas14_event_catalog\02_atlas_extracted\se2yr60ma\se2yr60ma.asc
se5yr60ma.zip,D:\projstore\Ismail\Dr Koriche\Intense Rainfall and Flash Flooding\Data\ATLAS 14\NOAA_Atlas14_Alabama_PDS\se5yr60ma.zip,se,5,1,60m,expected,pds,D:\projstore\Ismail\CRIMSON_AORC_3METHOD\13_atlas14_event_catalog\02_atlas_extracted\se5yr60ma\se5yr60ma.asc
se10yr60ma.zip,D:\projstore\Ismail\Dr Koriche\Intense Rainfall and Flash Flooding\Data\ATLAS 14\NOAA_Atlas14_Alabama_PDS\se10yr60ma.zip,se,10,1,60m,expected,pds,D:\projstore\Ismail\CRIMSON_AORC_3METHOD\13_atlas14_event_catalog\02_atlas_extracted\se10yr60ma\se10yr60ma.asc
se25yr60ma.zip,D:\projstore\Ismail\Dr Koriche\Intense Rainfall and Flash Flooding\Data\ATLAS 14\NOAA_Atlas14_Alabama_PDS\se25yr60ma.zip,se,25,1,60m,expected,pds,D:\projstore\Ismail\CRIMSON_AORC_3METHOD\13_atlas14_event_catalog\02_atlas_extracted\se25yr60ma\se25yr60ma.asc
se50yr60ma.zip,D:\projstore\Ismail\Dr Koriche\Intense Rainfall and Flash Flooding\Data\ATLAS 14\NOAA_Atlas14_Alabama_PDS\se50yr60ma.zip,se,50,1,60m,expected,pds,D:\projstore\Ismail\CRIMSON_AORC_3METHOD\13_atlas14_event_catalog\02_atlas_extracted\se50yr60ma\se50yr60ma.asc
se100yr60ma.zip,D:\projstore\Ismail\Dr Koriche\Intense Rainfall and Flash Flooding\Data\ATLAS 14\NOAA_Atlas14_Alabama_PDS\se100yr60ma.zip,se,100,1,60m,expected,pds,D:\projstore\Ismail\CRIMSON_AORC_3METHOD\13_atlas14_event_catalog\02_atlas_extracted\se100yr60ma\se100yr60ma.asc
se200yr60ma.zip,D:\projstore\Ismail\Dr Koriche\Intense Rainfall and Flash Flooding\Data\ATLAS 14\NOAA_Atlas14_Alabama_PDS\se200yr60ma.zip,se,200,1,60m,expected,pds,D:\projstore\Ismail\CRIMSON_AORC_3METHOD\13_atlas14_event_catalog\02_atlas_extracted\se200yr60ma\se200yr60ma.asc
se500yr60ma.zip,D:\projstore\Ismail\Dr Koriche\Intense Rainfall and Flash Flooding\Data\ATLAS 14\NOAA_Atlas14_Alabama_PDS\se500yr60ma.zip,se,500,1,60m,expected,pds,D:\projstore\Ismail\CRIMSON_AORC_3METHOD\13_atlas14_event_catalog\02_atlas_extracted\se500yr60ma\se500yr60ma.asc
se1000yr60ma.zip,D:\projstore\Ismail\Dr Koriche\Intense Rainfall and Flash Flooding\Data\ATLAS 14\NOAA_Atlas14_Alabama_PDS\se1000yr60ma.zip,se,1000,1,60m,expected,pds,D:\projstore\Ismail\CRIMSON_AORC_3METHOD\13_atlas14_event_catalog\02_atlas_extracted\se1000yr60ma\se1000yr60ma.asc
se1yr03ha.zip,D:\projstore\Ismail\Dr Koriche\Intense Rainfall and Flash Flooding\Data\ATLAS 14\NOAA_Atlas14_Alabama_PDS\se1yr03ha.zip,se,1,3,03h,expected,pds,D:\projstore\Ismail\CRIMSON_AORC_3METHOD\13_atlas14_event_catalog\02_atlas_extracted\se1yr03ha\se1yr03ha.asc
se2yr03ha.zip,D:\projstore\Ismail\Dr Koriche\Intense Rainfall and Flash Flooding\Data\ATLAS 14\NOAA_Atlas14_Alabama_PDS\se2yr03ha.zip,se,2,3,03h,expected,pds,D:\projstore\Ismail\CRIMSON_AORC_3METHOD\13_atlas14_event_catalog\02_atlas_extracted\se2yr03ha\se2yr03ha.asc
se5yr03ha.zip,D:\projstore\Ismail\Dr Koriche\Intense Rainfall and Flash Flooding\Data\ATLAS 14\NOAA_Atlas14_Alabama_PDS\se5yr03ha.zip,se,5,3,03h,expected,pds,D:\projstore\Ismail\CRIMSON_AORC_3METHOD\13_atlas14_event_catalog\02_atlas_extracted\se5yr03ha\se5yr03ha.asc
se10yr03ha.zip,D:\projstore\Ismail\Dr Koriche\Intense Rainfall and Flash Flooding\Data\ATLAS 14\NOAA_Atlas14_Alabama_PDS\se10yr03ha.zip,se,10,3,03h,expected,pds,D:\projstore\Ismail\CRIMSON_AORC_3METHOD\13_atlas14_event_catalog\02_atlas_extracted\se10yr03ha\se10yr03ha.asc
se25yr03ha.zip,D:\projstore\Ismail\Dr Koriche\Intense Rainfall and Flash Flooding\Data\ATLAS 14\NOAA_Atlas14_Alabama_PDS\se25yr03ha.zip,se,25,3,03h,expected,pds,D:\projstore\Ismail\CRIMSON_AORC_3METHOD\13_atlas14_event_catalog\02_atlas_extracted\se25yr03ha\se25yr03ha.asc
se50yr03ha.zip,D:\projstore\Ismail\Dr Koriche\Intense Rainfall and Flash Flooding\Data\ATLAS 14\NOAA_Atlas14_Alabama_PDS\se50yr03ha.zip,se,50,3,03h,expected,pds,D:\projstore\Ismail\CRIMSON_AORC_3METHOD\13_atlas14_event_catalog\02_atlas_extracted\se50yr03ha\se50yr03ha.asc
se100yr03ha.zip,D:\projstore\Ismail\Dr Koriche\Intense Rainfall and Flash Flooding\Data\ATLAS 14\NOAA_Atlas14_Alabama_PDS\se100yr03ha.zip,se,100,3,03h,expected,pds,D:\projstore\Ismail\CRIMSON_AORC_3METHOD\13_atlas14_event_catalog\02_atlas_extracted\se100yr03ha\se100yr03ha.asc
se200yr03ha.zip,D:\projstore\Ismail\Dr Koriche\Intense Rainfall and Flash Flooding\Data\ATLAS 14\NOAA_Atlas14_Alabama_PDS\se200yr03ha.zip,se,200,3,03h,expected,pds,D:\projstore\Ismail\CRIMSON_AORC_3METHOD\13_atlas14_event_catalog\02_atlas_extracted\se200yr03ha\se200yr03ha.asc
se500yr03ha.zip,D:\projstore\Ismail\Dr Koriche\Intense Rainfall and Flash Flooding\Data\ATLAS 14\NOAA_Atlas14_Alabama_PDS\se500yr03ha.zip,se,500,3,03h,expected,pds,D:\projstore\Ismail\CRIMSON_AORC_3METHOD\13_atlas14_event_catalog\02_atlas_extracted\se500yr03ha\se500yr03ha.asc
se1000yr03ha.zip,D:\projstore\Ismail\Dr Koriche\Intense Rainfall and Flash Flooding\Data\ATLAS 14\NOAA_Atlas14_Alabama_PDS\se1000yr03ha.zip,se,1000,3,03h,expected,pds,D:\projstore\Ismail\CRIMSON_AORC_3METHOD\13_atlas14_event_catalog\02_atlas_extracted\se1000yr03ha\se1000yr03ha.asc
se1yr06ha.zip,D:\projstore\Ismail\Dr Koriche\Intense Rainfall and Flash Flooding\Data\ATLAS 14\NOAA_Atlas14_Alabama_PDS\se1yr06ha.zip,se,1,6,06h,expected,pds,D:\projstore\Ismail\CRIMSON_AORC_3METHOD\13_atlas14_event_catalog\02_atlas_extracted\se1yr06ha\se1yr06ha.asc
se2yr06ha.zip,D:\projstore\Ismail\Dr Koriche\Intense Rainfall and Flash Flooding\Data\ATLAS 14\NOAA_Atlas14_Alabama_PDS\se2yr06ha.zip,se,2,6,06h,expected,pds,D:\projstore\Ismail\CRIMSON_AORC_3METHOD\13_atlas14_event_catalog\02_atlas_extracted\se2yr06ha\se2yr06ha.asc
se5yr06ha.zip,D:\projstore\Ismail\Dr Koriche\Intense Rainfall and Flash Flooding\Data\ATLAS 14\NOAA_Atlas14_Alabama_PDS\se5yr06ha.zip,se,5,6,06h,expected,pds,D:\projstore\Ismail\CRIMSON_AORC_3METHOD\13_atlas14_event_catalog\02_atlas_extracted\se5yr06ha\se5yr06ha.asc
se10yr06ha.zip,D:\projstore\Ismail\Dr Koriche\Intense Rainfall and Flash Flooding\Data\ATLAS 14\NOAA_Atlas14_Alabama_PDS\se10yr06ha.zip,se,10,6,06h,expected,pds,D:\projstore\Ismail\CRIMSON_AORC_3METHOD\13_atlas14_event_catalog\02_atlas_extracted\se10yr06ha\se10yr06ha.asc
se25yr06ha.zip,D:\projstore\Ismail\Dr Koriche\Intense Rainfall and Flash Flooding\Data\ATLAS 14\NOAA_Atlas14_Alabama_PDS\se25yr06ha.zip,se,25,6,06h,expected,pds,D:\projstore\Ismail\CRIMSON_AORC_3METHOD\13_atlas14_event_catalog\02_atlas_extracted\se25yr06ha\se25yr06ha.asc
se50yr06ha.zip,D:\projstore\Ismail\Dr Koriche\Intense Rainfall and Flash Flooding\Data\ATLAS 14\NOAA_Atlas14_Alabama_PDS\se50yr06ha.zip,se,50,6,06h,expected,pds,D:\projstore\Ismail\CRIMSON_AORC_3METHOD\13_atlas14_event_catalog\02_atlas_extracted\se50yr06ha\se50yr06ha.asc
se100yr06ha.zip,D:\projstore\Ismail\Dr Koriche\Intense Rainfall and Flash Flooding\Data\ATLAS 14\NOAA_Atlas14_Alabama_PDS\se100yr06ha.zip,se,100,6,06h,expected,pds,D:\projstore\Ismail\CRIMSON_AORC_3METHOD\13_atlas14_event_catalog\02_atlas_extracted\se100yr06ha\se100yr06ha.asc
se200yr06ha.zip,D:\projstore\Ismail\Dr Koriche\Intense Rainfall and Flash Flooding\Data\ATLAS 14\NOAA_Atlas14_Alabama_PDS\se200yr06ha.zip,se,200,6,06h,expected,pds,D:\projstore\Ismail\CRIMSON_AORC_3METHOD\13_atlas14_event_catalog\02_atlas_extracted\se200yr06ha\se200yr06ha.asc
se500yr06ha.zip,D:\projstore\Ismail\Dr Koriche\Intense Rainfall and Flash Flooding\Data\ATLAS 14\NOAA_Atlas14_Alabama_PDS\se500yr06ha.zip,se,500,6,06h,expected,pds,D:\projstore\Ismail\CRIMSON_AORC_3METHOD\13_atlas14_event_catalog\02_atlas_extracted\se500yr06ha\se500yr06ha.asc
se1000yr06ha.zip,D:\projstore\Ismail\Dr Koriche\Intense Rainfall and Flash Flooding\Data\ATLAS 14\NOAA_Atlas14_Alabama_PDS\se1000yr06ha.zip,se,1000,6,06h,expected,pds,D:\projstore\Ismail\CRIMSON_AORC_3METHOD\13_atlas14_event_catalog\02_atlas_extracted\se1000yr06ha\se1000yr06ha.asc
se1yr24ha.zip,D:\projstore\Ismail\Dr Koriche\Intense Rainfall and Flash Flooding\Data\ATLAS 14\NOAA_Atlas14_Alabama_PDS\se1yr24ha.zip,se,1,24,24h,expected,pds,D:\projstore\Ismail\CRIMSON_AORC_3METHOD\13_atlas14_event_catalog\02_atlas_extracted\se1yr24ha\se1yr24ha.asc
se2yr24ha.zip,D:\projstore\Ismail\Dr Koriche\Intense Rainfall and Flash Flooding\Data\ATLAS 14\NOAA_Atlas14_Alabama_PDS\se2yr24ha.zip,se,2,24,24h,expected,pds,D:\projstore\Ismail\CRIMSON_AORC_3METHOD\13_atlas14_event_catalog\02_atlas_extracted\se2yr24ha\se2yr24ha.asc
se5yr24ha.zip,D:\projstore\Ismail\Dr Koriche\Intense Rainfall and Flash Flooding\Data\ATLAS 14\NOAA_Atlas14_Alabama_PDS\se5yr24ha.zip,se,5,24,24h,expected,pds,D:\projstore\Ismail\CRIMSON_AORC_3METHOD\13_atlas14_event_catalog\02_atlas_extracted\se5yr24ha\se5yr24ha.asc
se10yr24ha.zip,D:\projstore\Ismail\Dr Koriche\Intense Rainfall and Flash Flooding\Data\ATLAS 14\NOAA_Atlas14_Alabama_PDS\se10yr24ha.zip,se,10,24,24h,expected,pds,D:\projstore\Ismail\CRIMSON_AORC_3METHOD\13_atlas14_event_catalog\02_atlas_extracted\se10yr24ha\se10yr24ha.asc
se25yr24ha.zip,D:\projstore\Ismail\Dr Koriche\Intense Rainfall and Flash Flooding\Data\ATLAS 14\NOAA_Atlas14_Alabama_PDS\se25yr24ha.zip,se,25,24,24h,expected,pds,D:\projstore\Ismail\CRIMSON_AORC_3METHOD\13_atlas14_event_catalog\02_atlas_extracted\se25yr24ha\se25yr24ha.asc
se50yr24ha.zip,D:\projstore\Ismail\Dr Koriche\Intense Rainfall and Flash Flooding\Data\ATLAS 14\NOAA_Atlas14_Alabama_PDS\se50yr24ha.zip,se,50,24,24h,expected,pds,D:\projstore\Ismail\CRIMSON_AORC_3METHOD\13_atlas14_event_catalog\02_atlas_extracted\se50yr24ha\se50yr24ha.asc
se100yr24ha.zip,D:\projstore\Ismail\Dr Koriche\Intense Rainfall and Flash Flooding\Data\ATLAS 14\NOAA_Atlas14_Alabama_PDS\se100yr24ha.zip,se,100,24,24h,expected,pds,D:\projstore\Ismail\CRIMSON_AORC_3METHOD\13_atlas14_event_catalog\02_atlas_extracted\se100yr24ha\se100yr24ha.asc
se200yr24ha.zip,D:\projstore\Ismail\Dr Koriche\Intense Rainfall and Flash Flooding\Data\ATLAS 14\NOAA_Atlas14_Alabama_PDS\se200yr24ha.zip,se,200,24,24h,expected,pds,D:\projstore\Ismail\CRIMSON_AORC_3METHOD\13_atlas14_event_catalog\02_atlas_extracted\se200yr24ha\se200yr24ha.asc
se500yr24ha.zip,D:\projstore\Ismail\Dr Koriche\Intense Rainfall and Flash Flooding\Data\ATLAS 14\NOAA_Atlas14_Alabama_PDS\se500yr24ha.zip,se,500,24,24h,expected,pds,D:\projstore\Ismail\CRIMSON_AORC_3METHOD\13_atlas14_event_catalog\02_atlas_extracted\se500yr24ha\se500yr24ha.asc
se1000yr24ha.zip,D:\projstore\Ismail\Dr Koriche\Intense Rainfall and Flash Flooding\Data\ATLAS 14\NOAA_Atlas14_Alabama_PDS\se1000yr24ha.zip,se,1000,24,24h,expected,pds,D:\projstore\Ismail\CRIMSON_AORC_3METHOD\13_atlas14_event_catalog\02_atlas_extracted\se1000yr24ha\se1000yr24ha.asc
se1yr03da.zip,D:\projstore\Ismail\Dr Koriche\Intense Rainfall and Flash Flooding\Data\ATLAS 14\NOAA_Atlas14_Alabama_PDS\se1yr03da.zip,se,1,72,03d,expected,pds,D:\projstore\Ismail\CRIMSON_AORC_3METHOD\13_atlas14_event_catalog\02_atlas_extracted\se1yr03da\se1yr03da.asc
se2yr03da.zip,D:\projstore\Ismail\Dr Koriche\Intense Rainfall and Flash Flooding\Data\ATLAS 14\NOAA_Atlas14_Alabama_PDS\se2yr03da.zip,se,2,72,03d,expected,pds,D:\projstore\Ismail\CRIMSON_AORC_3METHOD\13_atlas14_event_catalog\02_atlas_extracted\se2yr03da\se2yr03da.asc
se5yr03da.zip,D:\projstore\Ismail\Dr Koriche\Intense Rainfall and Flash Flooding\Data\ATLAS 14\NOAA_Atlas14_Alabama_PDS\se5yr03da.zip,se,5,72,03d,expected,pds,D:\projstore\Ismail\CRIMSON_AORC_3METHOD\13_atlas14_event_catalog\02_atlas_extracted\se5yr03da\se5yr03da.asc
se10yr03da.zip,D:\projstore\Ismail\Dr Koriche\Intense Rainfall and Flash Flooding\Data\ATLAS 14\NOAA_Atlas14_Alabama_PDS\se10yr03da.zip,se,10,72,03d,expected,pds,D:\projstore\Ismail\CRIMSON_AORC_3METHOD\13_atlas14_event_catalog\02_atlas_extracted\se10yr03da\se10yr03da.asc
se25yr03da.zip,D:\projstore\Ismail\Dr Koriche\Intense Rainfall and Flash Flooding\Data\ATLAS 14\NOAA_Atlas14_Alabama_PDS\se25yr03da.zip,se,25,72,03d,expected,pds,D:\projstore\Ismail\CRIMSON_AORC_3METHOD\13_atlas14_event_catalog\02_atlas_extracted\se25yr03da\se25yr03da.asc
se50yr03da.zip,D:\projstore\Ismail\Dr Koriche\Intense Rainfall and Flash Flooding\Data\ATLAS 14\NOAA_Atlas14_Alabama_PDS\se50yr03da.zip,se,50,72,03d,expected,pds,D:\projstore\Ismail\CRIMSON_AORC_3METHOD\13_atlas14_event_catalog\02_atlas_extracted\se50yr03da\se50yr03da.asc
se100yr03da.zip,D:\projstore\Ismail\Dr Koriche\Intense Rainfall and Flash Flooding\Data\ATLAS 14\NOAA_Atlas14_Alabama_PDS\se100yr03da.zip,se,100,72,03d,expected,pds,D:\projstore\Ismail\CRIMSON_AORC_3METHOD\13_atlas14_event_catalog\02_atlas_extracted\se100yr03da\se100yr03da.asc
se200yr03da.zip,D:\projstore\Ismail\Dr Koriche\Intense Rainfall and Flash Flooding\Data\ATLAS 14\NOAA_Atlas14_Alabama_PDS\se200yr03da.zip,se,200,72,03d,expected,pds,D:\projstore\Ismail\CRIMSON_AORC_3METHOD\13_atlas14_event_catalog\02_atlas_extracted\se200yr03da\se200yr03da.asc
se500yr03da.zip,D:\projstore\Ismail\Dr Koriche\Intense Rainfall and Flash Flooding\Data\ATLAS 14\NOAA_Atlas14_Alabama_PDS\se500yr03da.zip,se,500,72,03d,expected,pds,D:\projstore\Ismail\CRIMSON_AORC_3METHOD\13_atlas14_event_catalog\02_atlas_extracted\se500yr03da\se500yr03da.asc
se1000yr03da.zip,D:\projstore\Ismail\Dr Koriche\Intense Rainfall and Flash Flooding\Data\ATLAS 14\NOAA_Atlas14_Alabama_PDS\se1000yr03da.zip,se,1000,72,03d,expected,pds,D:\projstore\Ismail\CRIMSON_AORC_3METHOD\13_atlas14_event_catalog\02_atlas_extracted\se1000yr03da\se1000yr03da.asc
