relative_path,size_mb,sha256
01_atlas_inventory\atlas14_archive_inventory.csv,0.009543418884277344,b098cd08e546a801d851e4736bedac3dc151b767abe87902d1807515346fc932
01_atlas_inventory\atlas14_download_log.csv,0.008252143859863281,f72ae8b6520d7164ab41f94ad1d303c957a291174a53ecefc71c7121ce2848cb
01_atlas_inventory\atlas14_reprojection_manifest.csv,0.012063026428222656,e9067af101334f373bb17559b3f4abe9d89d107cc0c187a0fb136e862c571e8c
01_atlas_inventory\atlas14_required_downloads.csv,0.009641647338867188,b493bf7399e4c92428a08caba0cbd46a3201973289445609c04aa1970a473179
01_atlas_inventory\atlas14_selected_archives.csv,0.009543418884277344,c37f183c2dbb2cceb176621554903ecf2940e8493772fe6eb57a13a487ba161a
01_atlas_inventory\atlas14_selected_rasters.csv,0.013182640075683594,f0f7085589fdf7c601aab5690465b6b9e363569ad36500ad162fa56bb52067a2
01_atlas_inventory\atlas14_unit_diagnostics.csv,0.007203102111816406,746d778787d2693b1a3176b25a030566f2d9a3b7945f6dda0aa6ab1622be2389
02_atlas_extracted\se1000yr03da\se1000yr03da.asc,10.979588508605957,a8c89d58c34fb2653a7721eecc9ce71cfdf202aaf4a04c7402878c0a62b70bb8
02_atlas_extracted\se1000yr03da\se1000yr03da.prj,0.0001811981201171875,e8c417f65aa78fe4c7103ff4b7867c77a402c6263128c1519a15af90e22f11f5
02_atlas_extracted\se1000yr03da\se1000yr03da.xml,0.021892547607421875,270348a50f0fdc6759b177dc8faa0d6042fc882cf14a4c3fb40b8218afef76c9
02_atlas_extracted\se1000yr03ha\se1000yr03ha.asc,10.032147407531738,c99beba815f48e6525a418c3fe73304ebf9592191dab10b92e57a9d6d98f263f
02_atlas_extracted\se1000yr03ha\se1000yr03ha.prj,0.0001811981201171875,e8c417f65aa78fe4c7103ff4b7867c77a402c6263128c1519a15af90e22f11f5
02_atlas_extracted\se1000yr03ha\se1000yr03ha.xml,0.021892547607421875,270348a50f0fdc6759b177dc8faa0d6042fc882cf14a4c3fb40b8218afef76c9
02_atlas_extracted\se1000yr06ha\se1000yr06ha.asc,10.362826347351074,32ed52a0c7a93cc3a79e10667a04b5a72317380dfc4982cda6d5c0a6c8decaea
02_atlas_extracted\se1000yr06ha\se1000yr06ha.prj,0.0001811981201171875,e8c417f65aa78fe4c7103ff4b7867c77a402c6263128c1519a15af90e22f11f5
02_atlas_extracted\se1000yr06ha\se1000yr06ha.xml,0.021892547607421875,270348a50f0fdc6759b177dc8faa0d6042fc882cf14a4c3fb40b8218afef76c9
02_atlas_extracted\se1000yr24ha\se1000yr24ha.asc,10.96985912322998,809a96e0dc9f6c0c77781ed6d762b75ba974d0d5ab5132a2febf77e3a57e2557
02_atlas_extracted\se1000yr24ha\se1000yr24ha.prj,0.0001811981201171875,e8c417f65aa78fe4c7103ff4b7867c77a402c6263128c1519a15af90e22f11f5
02_atlas_extracted\se1000yr24ha\se1000yr24ha.xml,0.021892547607421875,270348a50f0fdc6759b177dc8faa0d6042fc882cf14a4c3fb40b8218afef76c9
02_atlas_extracted\se1000yr60ma\se1000yr60ma.asc,9.85469913482666,378fbe8f93275eb6367c005313222abcec8ab3bbb539d9ec0d0f9b9ea3683049
02_atlas_extracted\se1000yr60ma\se1000yr60ma.prj,0.0001811981201171875,e8c417f65aa78fe4c7103ff4b7867c77a402c6263128c1519a15af90e22f11f5
02_atlas_extracted\se1000yr60ma\se1000yr60ma.xml,0.021892547607421875,270348a50f0fdc6759b177dc8faa0d6042fc882cf14a4c3fb40b8218afef76c9
02_atlas_extracted\se100yr03da\se100yr03da.asc,10.882344245910645,cbdda3626492aeb3d64bee07802b62f2dcad95973c16124cf502af131a26b1f5
02_atlas_extracted\se100yr03da\se100yr03da.prj,0.0001811981201171875,e8c417f65aa78fe4c7103ff4b7867c77a402c6263128c1519a15af90e22f11f5
02_atlas_extracted\se100yr03da\se100yr03da.xml,0.021892547607421875,270348a50f0fdc6759b177dc8faa0d6042fc882cf14a4c3fb40b8218afef76c9
02_atlas_extracted\se100yr03ha\se100yr03ha.asc,9.85469913482666,9025ab98943fa9818d7a3bb84b392fedead97b44b35240c5de9c8a3a4b2f82a1
02_atlas_extracted\se100yr03ha\se100yr03ha.prj,0.0001811981201171875,e8c417f65aa78fe4c7103ff4b7867c77a402c6263128c1519a15af90e22f11f5
02_atlas_extracted\se100yr03ha\se100yr03ha.xml,0.021892547607421875,270348a50f0fdc6759b177dc8faa0d6042fc882cf14a4c3fb40b8218afef76c9
02_atlas_extracted\se100yr06ha\se100yr06ha.asc,9.897109031677246,5619217e5b50b552537ccdcf9e2c6391b3c0e175456eb923992781d98a4c1c5d
02_atlas_extracted\se100yr06ha\se100yr06ha.prj,0.0001811981201171875,e8c417f65aa78fe4c7103ff4b7867c77a402c6263128c1519a15af90e22f11f5
02_atlas_extracted\se100yr06ha\se100yr06ha.xml,0.021892547607421875,270348a50f0fdc6759b177dc8faa0d6042fc882cf14a4c3fb40b8218afef76c9
02_atlas_extracted\se100yr24ha\se100yr24ha.asc,10.378507614135742,ba641bb99801a00e6820ee5c7b19e1ab7dbba42909e9ee60209d8d8a96f68ee1
02_atlas_extracted\se100yr24ha\se100yr24ha.prj,0.0001811981201171875,e8c417f65aa78fe4c7103ff4b7867c77a402c6263128c1519a15af90e22f11f5
02_atlas_extracted\se100yr24ha\se100yr24ha.xml,0.021892547607421875,270348a50f0fdc6759b177dc8faa0d6042fc882cf14a4c3fb40b8218afef76c9
02_atlas_extracted\se100yr60ma\se100yr60ma.asc,9.85469913482666,97479117fdda13afab415b4fa25b31f6b37bed8a0af89589c7cf8df485ee5c0e
02_atlas_extracted\se100yr60ma\se100yr60ma.prj,0.0001811981201171875,e8c417f65aa78fe4c7103ff4b7867c77a402c6263128c1519a15af90e22f11f5
02_atlas_extracted\se100yr60ma\se100yr60ma.xml,0.021892547607421875,270348a50f0fdc6759b177dc8faa0d6042fc882cf14a4c3fb40b8218afef76c9
02_atlas_extracted\se10yr03da\se10yr03da.asc,9.969022750854492,3cb4dd65a0c1429b21049c2220fa79bdac62a3fb7ed61f5a96dc22d6eb2eaa6c
02_atlas_extracted\se10yr03da\se10yr03da.prj,0.0001811981201171875,e8c417f65aa78fe4c7103ff4b7867c77a402c6263128c1519a15af90e22f11f5
02_atlas_extracted\se10yr03da\se10yr03da.xml,0.021892547607421875,270348a50f0fdc6759b177dc8faa0d6042fc882cf14a4c3fb40b8218afef76c9
02_atlas_extracted\se10yr03ha\se10yr03ha.asc,9.85469913482666,f1fa3e91d6300083e2452c4ff6ea94b5bb0ffad821be4b3a5b0cc6e9b4180ff7
02_atlas_extracted\se10yr03ha\se10yr03ha.prj,0.0001811981201171875,e8c417f65aa78fe4c7103ff4b7867c77a402c6263128c1519a15af90e22f11f5
02_atlas_extracted\se10yr03ha\se10yr03ha.xml,0.021892547607421875,270348a50f0fdc6759b177dc8faa0d6042fc882cf14a4c3fb40b8218afef76c9
02_atlas_extracted\se10yr06ha\se10yr06ha.asc,9.85469913482666,ffb3d225b352287252ca1a55e65db303bca6fb5140b42edb8c003bed058a3350
02_atlas_extracted\se10yr06ha\se10yr06ha.prj,0.0001811981201171875,e8c417f65aa78fe4c7103ff4b7867c77a402c6263128c1519a15af90e22f11f5
02_atlas_extracted\se10yr06ha\se10yr06ha.xml,0.021892547607421875,270348a50f0fdc6759b177dc8faa0d6042fc882cf14a4c3fb40b8218afef76c9
02_atlas_extracted\se10yr24ha\se10yr24ha.asc,9.85469913482666,37ac787a0ebedf6f1c1bd73ca8926c17124a8160ebc9290360030dbb30b57df1
02_atlas_extracted\se10yr24ha\se10yr24ha.prj,0.0001811981201171875,e8c417f65aa78fe4c7103ff4b7867c77a402c6263128c1519a15af90e22f11f5
02_atlas_extracted\se10yr24ha\se10yr24ha.xml,0.021892547607421875,270348a50f0fdc6759b177dc8faa0d6042fc882cf14a4c3fb40b8218afef76c9
02_atlas_extracted\se10yr60ma\se10yr60ma.asc,9.85469913482666,50048ea2f343b769ffe9009754f946d5c2fcd7416273eba5206218c527854050
02_atlas_extracted\se10yr60ma\se10yr60ma.prj,0.0001811981201171875,e8c417f65aa78fe4c7103ff4b7867c77a402c6263128c1519a15af90e22f11f5
02_atlas_extracted\se10yr60ma\se10yr60ma.xml,0.021892547607421875,270348a50f0fdc6759b177dc8faa0d6042fc882cf14a4c3fb40b8218afef76c9
02_atlas_extracted\se1yr03da\se1yr03da.asc,9.85469913482666,e3fe972e7df182c729c99f09126ed5819514d9ceedf6fe2b1fc827046a7411f6
02_atlas_extracted\se1yr03da\se1yr03da.prj,0.0001811981201171875,e8c417f65aa78fe4c7103ff4b7867c77a402c6263128c1519a15af90e22f11f5
02_atlas_extracted\se1yr03da\se1yr03da.xml,0.021892547607421875,270348a50f0fdc6759b177dc8faa0d6042fc882cf14a4c3fb40b8218afef76c9
02_atlas_extracted\se1yr03ha\se1yr03ha.asc,9.85469913482666,9962240226bd6b89a5d88e81e953401beb95be972fe8ab740265e1a7849f221c
02_atlas_extracted\se1yr03ha\se1yr03ha.prj,0.0001811981201171875,e8c417f65aa78fe4c7103ff4b7867c77a402c6263128c1519a15af90e22f11f5
02_atlas_extracted\se1yr03ha\se1yr03ha.xml,0.021892547607421875,270348a50f0fdc6759b177dc8faa0d6042fc882cf14a4c3fb40b8218afef76c9
02_atlas_extracted\se1yr06ha\se1yr06ha.asc,9.85469913482666,c90aa32d7196f342fceb1cca6654a53dffb1761ff4d176b91977596927a2ffc3
02_atlas_extracted\se1yr06ha\se1yr06ha.prj,0.0001811981201171875,e8c417f65aa78fe4c7103ff4b7867c77a402c6263128c1519a15af90e22f11f5
02_atlas_extracted\se1yr06ha\se1yr06ha.xml,0.021892547607421875,270348a50f0fdc6759b177dc8faa0d6042fc882cf14a4c3fb40b8218afef76c9
02_atlas_extracted\se1yr24ha\se1yr24ha.asc,9.85469913482666,c1bbdb76d5b846a2c3c6d61a2ffaf5d11c2b8a439a3dd16fcc51b75bac4dc0fb
02_atlas_extracted\se1yr24ha\se1yr24ha.prj,0.0001811981201171875,e8c417f65aa78fe4c7103ff4b7867c77a402c6263128c1519a15af90e22f11f5
02_atlas_extracted\se1yr24ha\se1yr24ha.xml,0.021892547607421875,270348a50f0fdc6759b177dc8faa0d6042fc882cf14a4c3fb40b8218afef76c9
02_atlas_extracted\se1yr60ma\se1yr60ma.asc,9.85469913482666,54cd4b59f367b6b32d9bd6cca433cc96a38c55298f86ba0173eb5520bc6834cb
02_atlas_extracted\se1yr60ma\se1yr60ma.prj,0.0001811981201171875,e8c417f65aa78fe4c7103ff4b7867c77a402c6263128c1519a15af90e22f11f5
02_atlas_extracted\se1yr60ma\se1yr60ma.xml,0.021892547607421875,270348a50f0fdc6759b177dc8faa0d6042fc882cf14a4c3fb40b8218afef76c9
02_atlas_extracted\se200yr03da\se200yr03da.asc,10.97865104675293,d456a3d6b0cbc0e91e63a4c5cd5562510eda737735b40ac7e83d0cee35df7ecf
02_atlas_extracted\se200yr03da\se200yr03da.prj,0.0001811981201171875,e8c417f65aa78fe4c7103ff4b7867c77a402c6263128c1519a15af90e22f11f5
02_atlas_extracted\se200yr03da\se200yr03da.xml,0.021892547607421875,270348a50f0fdc6759b177dc8faa0d6042fc882cf14a4c3fb40b8218afef76c9
02_atlas_extracted\se200yr03ha\se200yr03ha.asc,9.87476634979248,d0f8987d46a94d94d2cac1ce2e6aed80b5e395200742b51162c1af3987acff73
02_atlas_extracted\se200yr03ha\se200yr03ha.prj,0.0001811981201171875,e8c417f65aa78fe4c7103ff4b7867c77a402c6263128c1519a15af90e22f11f5
02_atlas_extracted\se200yr03ha\se200yr03ha.xml,0.021892547607421875,270348a50f0fdc6759b177dc8faa0d6042fc882cf14a4c3fb40b8218afef76c9
02_atlas_extracted\se200yr06ha\se200yr06ha.asc,10.031354904174805,3b7601b33e1c7ff72b0765ded5fbe795124c7c9a70fe4689ff79908538af0409
02_atlas_extracted\se200yr06ha\se200yr06ha.prj,0.0001811981201171875,e8c417f65aa78fe4c7103ff4b7867c77a402c6263128c1519a15af90e22f11f5
02_atlas_extracted\se200yr06ha\se200yr06ha.xml,0.021892547607421875,270348a50f0fdc6759b177dc8faa0d6042fc882cf14a4c3fb40b8218afef76c9
02_atlas_extracted\se200yr24ha\se200yr24ha.asc,10.65585708618164,b2f5ed67edeb014259b3ccb9ad85ed85d0560e27ab1b16bc072d208d4ebbee0e
02_atlas_extracted\se200yr24ha\se200yr24ha.prj,0.0001811981201171875,e8c417f65aa78fe4c7103ff4b7867c77a402c6263128c1519a15af90e22f11f5
02_atlas_extracted\se200yr24ha\se200yr24ha.xml,0.021892547607421875,270348a50f0fdc6759b177dc8faa0d6042fc882cf14a4c3fb40b8218afef76c9
02_atlas_extracted\se200yr60ma\se200yr60ma.asc,9.85469913482666,5f318dab1f20a92a12b81fc158a4b90d20758cd203a6922e5a2cd0580b3e04a4
02_atlas_extracted\se200yr60ma\se200yr60ma.prj,0.0001811981201171875,e8c417f65aa78fe4c7103ff4b7867c77a402c6263128c1519a15af90e22f11f5
02_atlas_extracted\se200yr60ma\se200yr60ma.xml,0.021892547607421875,270348a50f0fdc6759b177dc8faa0d6042fc882cf14a4c3fb40b8218afef76c9
02_atlas_extracted\se25yr03da\se25yr03da.asc,10.287603378295898,96315b02175550f9b50637a22d5a8a8b4750b490712e90b6ed5839a808a8081d
02_atlas_extracted\se25yr03da\se25yr03da.prj,0.0001811981201171875,e8c417f65aa78fe4c7103ff4b7867c77a402c6263128c1519a15af90e22f11f5
02_atlas_extracted\se25yr03da\se25yr03da.xml,0.021892547607421875,270348a50f0fdc6759b177dc8faa0d6042fc882cf14a4c3fb40b8218afef76c9
02_atlas_extracted\se25yr03ha\se25yr03ha.asc,9.85469913482666,6ecebdde2e51f14ea006330307e9dd1f2eee45244bb540ad5d1c618a4c37322b
02_atlas_extracted\se25yr03ha\se25yr03ha.prj,0.0001811981201171875,e8c417f65aa78fe4c7103ff4b7867c77a402c6263128c1519a15af90e22f11f5
02_atlas_extracted\se25yr03ha\se25yr03ha.xml,0.021892547607421875,270348a50f0fdc6759b177dc8faa0d6042fc882cf14a4c3fb40b8218afef76c9
02_atlas_extracted\se25yr06ha\se25yr06ha.asc,9.85469913482666,55f70299a26a35d3a031989ed7100042663eea201ae1e17e617640c73736e323
02_atlas_extracted\se25yr06ha\se25yr06ha.prj,0.0001811981201171875,e8c417f65aa78fe4c7103ff4b7867c77a402c6263128c1519a15af90e22f11f5
02_atlas_extracted\se25yr06ha\se25yr06ha.xml,0.021892547607421875,270348a50f0fdc6759b177dc8faa0d6042fc882cf14a4c3fb40b8218afef76c9
02_atlas_extracted\se25yr24ha\se25yr24ha.asc,9.98114013671875,7d5b29eb50016e08cf8fbb63159e298f806d4b38d6e4bea9c0c3c5c680ba7b0e
02_atlas_extracted\se25yr24ha\se25yr24ha.prj,0.0001811981201171875,e8c417f65aa78fe4c7103ff4b7867c77a402c6263128c1519a15af90e22f11f5
02_atlas_extracted\se25yr24ha\se25yr24ha.xml,0.021892547607421875,270348a50f0fdc6759b177dc8faa0d6042fc882cf14a4c3fb40b8218afef76c9
02_atlas_extracted\se25yr60ma\se25yr60ma.asc,9.85469913482666,f8f7d82a0bb174adf324f11dd04d6589c4d2dfa1f6e82802e4eabec29423ae44
02_atlas_extracted\se25yr60ma\se25yr60ma.prj,0.0001811981201171875,e8c417f65aa78fe4c7103ff4b7867c77a402c6263128c1519a15af90e22f11f5
02_atlas_extracted\se25yr60ma\se25yr60ma.xml,0.021892547607421875,270348a50f0fdc6759b177dc8faa0d6042fc882cf14a4c3fb40b8218afef76c9
02_atlas_extracted\se2yr03da\se2yr03da.asc,9.85469913482666,e129583c688f519ad7bf5868c1602ed77cc7b33f39a21e396968d3ca2568cd7e
02_atlas_extracted\se2yr03da\se2yr03da.prj,0.0001811981201171875,e8c417f65aa78fe4c7103ff4b7867c77a402c6263128c1519a15af90e22f11f5
02_atlas_extracted\se2yr03da\se2yr03da.xml,0.021892547607421875,270348a50f0fdc6759b177dc8faa0d6042fc882cf14a4c3fb40b8218afef76c9
02_atlas_extracted\se2yr03ha\se2yr03ha.asc,9.85469913482666,eedaead13d17b616f8596fa32fd337a2e1377a058f03a7d821839d211f2d4dbf
02_atlas_extracted\se2yr03ha\se2yr03ha.prj,0.0001811981201171875,e8c417f65aa78fe4c7103ff4b7867c77a402c6263128c1519a15af90e22f11f5
02_atlas_extracted\se2yr03ha\se2yr03ha.xml,0.021892547607421875,270348a50f0fdc6759b177dc8faa0d6042fc882cf14a4c3fb40b8218afef76c9
02_atlas_extracted\se2yr06ha\se2yr06ha.asc,9.85469913482666,cb9255ca253ebdf92cb244c7213d754118671ff2a9867904a0f15e4f4c7d64c6
02_atlas_extracted\se2yr06ha\se2yr06ha.prj,0.0001811981201171875,e8c417f65aa78fe4c7103ff4b7867c77a402c6263128c1519a15af90e22f11f5
02_atlas_extracted\se2yr06ha\se2yr06ha.xml,0.021892547607421875,270348a50f0fdc6759b177dc8faa0d6042fc882cf14a4c3fb40b8218afef76c9
02_atlas_extracted\se2yr24ha\se2yr24ha.asc,9.85469913482666,96f56e2452b6eec0499cdeaf4e21fd5e79e95ebc4a4616a3e62bf4dd745a7293
02_atlas_extracted\se2yr24ha\se2yr24ha.prj,0.0001811981201171875,e8c417f65aa78fe4c7103ff4b7867c77a402c6263128c1519a15af90e22f11f5
02_atlas_extracted\se2yr24ha\se2yr24ha.xml,0.021892547607421875,270348a50f0fdc6759b177dc8faa0d6042fc882cf14a4c3fb40b8218afef76c9
02_atlas_extracted\se2yr60ma\se2yr60ma.asc,9.85469913482666,f4be2b9649cb76740814ac8c29ac9b75f210c6e31bf32911c634dc24b42970dc
02_atlas_extracted\se2yr60ma\se2yr60ma.prj,0.0001811981201171875,e8c417f65aa78fe4c7103ff4b7867c77a402c6263128c1519a15af90e22f11f5
02_atlas_extracted\se2yr60ma\se2yr60ma.xml,0.021892547607421875,270348a50f0fdc6759b177dc8faa0d6042fc882cf14a4c3fb40b8218afef76c9
02_atlas_extracted\se500yr03da\se500yr03da.asc,10.979588508605957,16964eaca6d5b2daaf0d6b9ddf15e5f5b333ae6f9632d4992ecccec99439e290
02_atlas_extracted\se500yr03da\se500yr03da.prj,0.0001811981201171875,e8c417f65aa78fe4c7103ff4b7867c77a402c6263128c1519a15af90e22f11f5
02_atlas_extracted\se500yr03da\se500yr03da.xml,0.021892547607421875,270348a50f0fdc6759b177dc8faa0d6042fc882cf14a4c3fb40b8218afef76c9
02_atlas_extracted\se500yr03ha\se500yr03ha.asc,9.92611312866211,3a6cef6e2e1035405c27e7fc8d97f63a1bbd498e67cebd3b84b51a9d9e34b0a6
02_atlas_extracted\se500yr03ha\se500yr03ha.prj,0.0001811981201171875,e8c417f65aa78fe4c7103ff4b7867c77a402c6263128c1519a15af90e22f11f5
02_atlas_extracted\se500yr03ha\se500yr03ha.xml,0.021892547607421875,270348a50f0fdc6759b177dc8faa0d6042fc882cf14a4c3fb40b8218afef76c9
02_atlas_extracted\se500yr06ha\se500yr06ha.asc,10.229382514953613,7833dcc4c221d0bd833be3fcedb3f7b22669959a82eb17761f028e95ff1d914f
02_atlas_extracted\se500yr06ha\se500yr06ha.prj,0.0001811981201171875,e8c417f65aa78fe4c7103ff4b7867c77a402c6263128c1519a15af90e22f11f5
02_atlas_extracted\se500yr06ha\se500yr06ha.xml,0.021892547607421875,270348a50f0fdc6759b177dc8faa0d6042fc882cf14a4c3fb40b8218afef76c9
02_atlas_extracted\se500yr24ha\se500yr24ha.asc,10.88878059387207,d9aa714fe86e1e77792054ca264469b066a1d4a705524b9b87e9c942918f5283
02_atlas_extracted\se500yr24ha\se500yr24ha.prj,0.0001811981201171875,e8c417f65aa78fe4c7103ff4b7867c77a402c6263128c1519a15af90e22f11f5
02_atlas_extracted\se500yr24ha\se500yr24ha.xml,0.021892547607421875,270348a50f0fdc6759b177dc8faa0d6042fc882cf14a4c3fb40b8218afef76c9
02_atlas_extracted\se500yr60ma\se500yr60ma.asc,9.85469913482666,8a6f83705d6996268a08061641219ef7806bb72764b435c1f0c5251d6dee6db2
02_atlas_extracted\se500yr60ma\se500yr60ma.prj,0.0001811981201171875,e8c417f65aa78fe4c7103ff4b7867c77a402c6263128c1519a15af90e22f11f5
02_atlas_extracted\se500yr60ma\se500yr60ma.xml,0.021892547607421875,270348a50f0fdc6759b177dc8faa0d6042fc882cf14a4c3fb40b8218afef76c9
02_atlas_extracted\se50yr03da\se50yr03da.asc,10.633614540100098,c974e9c1810df21e63f022c7c0db013fcfe8a2e5c4dfe0f905986e167641061e
02_atlas_extracted\se50yr03da\se50yr03da.prj,0.0001811981201171875,e8c417f65aa78fe4c7103ff4b7867c77a402c6263128c1519a15af90e22f11f5
02_atlas_extracted\se50yr03da\se50yr03da.xml,0.021892547607421875,270348a50f0fdc6759b177dc8faa0d6042fc882cf14a4c3fb40b8218afef76c9
02_atlas_extracted\se50yr03ha\se50yr03ha.asc,9.85469913482666,bf404db7652a323f4f704a478a82090f2aef3b8c64462ec6e4b22100cfabebc9
02_atlas_extracted\se50yr03ha\se50yr03ha.prj,0.0001811981201171875,e8c417f65aa78fe4c7103ff4b7867c77a402c6263128c1519a15af90e22f11f5
02_atlas_extracted\se50yr03ha\se50yr03ha.xml,0.021892547607421875,270348a50f0fdc6759b177dc8faa0d6042fc882cf14a4c3fb40b8218afef76c9
02_atlas_extracted\se50yr06ha\se50yr06ha.asc,9.85469913482666,60947e0fb77d738228a477ecb77feac47da25f8b76b004ccb0c5587968dccff9
02_atlas_extracted\se50yr06ha\se50yr06ha.prj,0.0001811981201171875,e8c417f65aa78fe4c7103ff4b7867c77a402c6263128c1519a15af90e22f11f5
02_atlas_extracted\se50yr06ha\se50yr06ha.xml,0.021892547607421875,270348a50f0fdc6759b177dc8faa0d6042fc882cf14a4c3fb40b8218afef76c9
02_atlas_extracted\se50yr24ha\se50yr24ha.asc,10.186868667602539,0ce4891a9ab830a9988677ea313bf196335b0e0c3531646563b1831e82e86dc8
02_atlas_extracted\se50yr24ha\se50yr24ha.prj,0.0001811981201171875,e8c417f65aa78fe4c7103ff4b7867c77a402c6263128c1519a15af90e22f11f5
02_atlas_extracted\se50yr24ha\se50yr24ha.xml,0.021892547607421875,270348a50f0fdc6759b177dc8faa0d6042fc882cf14a4c3fb40b8218afef76c9
02_atlas_extracted\se50yr60ma\se50yr60ma.asc,9.85469913482666,35c84ca2bf64f608c43bcf57e338099adf3d8b029c0ff66b6154226b1ba5516c
02_atlas_extracted\se50yr60ma\se50yr60ma.prj,0.0001811981201171875,e8c417f65aa78fe4c7103ff4b7867c77a402c6263128c1519a15af90e22f11f5
02_atlas_extracted\se50yr60ma\se50yr60ma.xml,0.021892547607421875,270348a50f0fdc6759b177dc8faa0d6042fc882cf14a4c3fb40b8218afef76c9
02_atlas_extracted\se5yr03da\se5yr03da.asc,9.85469913482666,0b0a44ca200fefb638fdae2daf568b0bf8628da7f5336432edee258986cb3f48
02_atlas_extracted\se5yr03da\se5yr03da.prj,0.0001811981201171875,e8c417f65aa78fe4c7103ff4b7867c77a402c6263128c1519a15af90e22f11f5
02_atlas_extracted\se5yr03da\se5yr03da.xml,0.021892547607421875,270348a50f0fdc6759b177dc8faa0d6042fc882cf14a4c3fb40b8218afef76c9
02_atlas_extracted\se5yr03ha\se5yr03ha.asc,9.85469913482666,5d7ee1ca66a68f41ac0f04aba466f1f73f825a3f1a2fb7ad2fc0b97685f699d4
02_atlas_extracted\se5yr03ha\se5yr03ha.prj,0.0001811981201171875,e8c417f65aa78fe4c7103ff4b7867c77a402c6263128c1519a15af90e22f11f5
02_atlas_extracted\se5yr03ha\se5yr03ha.xml,0.021892547607421875,270348a50f0fdc6759b177dc8faa0d6042fc882cf14a4c3fb40b8218afef76c9
02_atlas_extracted\se5yr06ha\se5yr06ha.asc,9.85469913482666,b05762d2999a4a32535eb4df152ccf7a37efc6365bead3b951ecd8849dc4b6ac
02_atlas_extracted\se5yr06ha\se5yr06ha.prj,0.0001811981201171875,e8c417f65aa78fe4c7103ff4b7867c77a402c6263128c1519a15af90e22f11f5
02_atlas_extracted\se5yr06ha\se5yr06ha.xml,0.021892547607421875,270348a50f0fdc6759b177dc8faa0d6042fc882cf14a4c3fb40b8218afef76c9
02_atlas_extracted\se5yr24ha\se5yr24ha.asc,9.85469913482666,8475cdda85acc5d8df89b43a0fd5a0fe2b5ccfc6ca58fe4214f98b707003354c
02_atlas_extracted\se5yr24ha\se5yr24ha.prj,0.0001811981201171875,e8c417f65aa78fe4c7103ff4b7867c77a402c6263128c1519a15af90e22f11f5
02_atlas_extracted\se5yr24ha\se5yr24ha.xml,0.021892547607421875,270348a50f0fdc6759b177dc8faa0d6042fc882cf14a4c3fb40b8218afef76c9
02_atlas_extracted\se5yr60ma\se5yr60ma.asc,9.85469913482666,ca91c0f420267c4419cfaf4d0cd105b9dc38e89618a256e3f7dac473aa92b976
02_atlas_extracted\se5yr60ma\se5yr60ma.prj,0.0001811981201171875,e8c417f65aa78fe4c7103ff4b7867c77a402c6263128c1519a15af90e22f11f5
02_atlas_extracted\se5yr60ma\se5yr60ma.xml,0.021892547607421875,270348a50f0fdc6759b177dc8faa0d6042fc882cf14a4c3fb40b8218afef76c9
02b_atlas_reprojected\se1000yr03da_epsg5070_1km.tif,0.4998464584350586,9dc0963da897b95a2acde6d7bbb0836ea43fca299b62319d251218b79ee31951
02b_atlas_reprojected\se1000yr03ha_epsg5070_1km.tif,0.5067167282104492,31060c69654b1b434e80ddfc7db518741c9908a0efc070fe43bd4fd6fc35a1ae
02b_atlas_reprojected\se1000yr06ha_epsg5070_1km.tif,0.5054607391357422,66a83f458de5b17f1ef28079518d615336f43857fe55230578b588d14129f036
02b_atlas_reprojected\se1000yr24ha_epsg5070_1km.tif,0.5001821517944336,34647c26b392a9aa247a87b6854e82d201cd00a0312c270562f32b0620aad145
02b_atlas_reprojected\se1000yr60ma_epsg5070_1km.tif,0.4919090270996094,b380633edd5e94bf78c554eeeb23518d8b9998c7b5cc34e7b8f713ee26cda1a5
02b_atlas_reprojected\se100yr03da_epsg5070_1km.tif,0.49478816986083984,8028c696cf000c034cd005652eb1c24ffe09b5e086be441ced52b0780d727967
02b_atlas_reprojected\se100yr03ha_epsg5070_1km.tif,0.49677276611328125,ccbda213ce063c93f73bacddd3e7c816bbdaa5a68486f7829b1aeb55fa0128ab
02b_atlas_reprojected\se100yr06ha_epsg5070_1km.tif,0.49881649017333984,509b631df1717a137287404241ec73efcc19b7db581a0bccf2e74928a434cfa4
02b_atlas_reprojected\se100yr24ha_epsg5070_1km.tif,0.49321937561035156,ec485b2bd3e02c1cf053e2ece256a6699427414c4028e3a0b78c7ac53e42ca4b
02b_atlas_reprojected\se100yr60ma_epsg5070_1km.tif,0.49297046661376953,230891b1689ce1233400d39b90928a5647b3b895f67e69d1b30ad1021f993d48
02b_atlas_reprojected\se10yr03da_epsg5070_1km.tif,0.5005016326904297,2c5b352a56e794447e2edcbf1889b838e89370629d66771564294de20dff1e1c
02b_atlas_reprojected\se10yr03ha_epsg5070_1km.tif,0.49780941009521484,9535d87874e400f5217840e28ce8aac3e26483c2325951039fd099521389c97f
02b_atlas_reprojected\se10yr06ha_epsg5070_1km.tif,0.4971961975097656,11ec3412e7b9ba837cdf038b73b8ad3b2ee278fcd5d52f3170bd42eb367cd68a
02b_atlas_reprojected\se10yr24ha_epsg5070_1km.tif,0.4983205795288086,4256d824f79cd5b743bea5c69ae35dc214a3199a54a5fe3db58f71a18f89d74c
02b_atlas_reprojected\se10yr60ma_epsg5070_1km.tif,0.48191356658935547,737cf73827deeb7ffa8fa7257a36a6da727e8394b2fe32019e7947035f9aa46f
02b_atlas_reprojected\se1yr03da_epsg5070_1km.tif,0.4756155014038086,7fff81768a6735147bfd98cb55257f189d8b44494b059e3633fedff39c2520f8
02b_atlas_reprojected\se1yr03ha_epsg5070_1km.tif,0.4877147674560547,de41b9681744c2b548554df8e59761ef5c7e0c7d0a3b821ae31b18831da0c179
02b_atlas_reprojected\se1yr06ha_epsg5070_1km.tif,0.4835996627807617,a626826184ea963f60faf748f0e89e8d51cc90ec87267cd18c94ddc0637848b9
02b_atlas_reprojected\se1yr24ha_epsg5070_1km.tif,0.4850120544433594,f59fdc67f4633c4e0c5d63dd6f7fa2a36ce3fdb9e031845aa91b8ed65f739c40
02b_atlas_reprojected\se1yr60ma_epsg5070_1km.tif,0.48607921600341797,dedf3a3dda97aff1d516c0a5d6cca927bd567c55f8e3329539a6b7aacb9fdb23
02b_atlas_reprojected\se200yr03da_epsg5070_1km.tif,0.49822521209716797,d2f18c10f0d5a14fc76276ab62a6627163e699a43643afe710cd517c88914aa3
02b_atlas_reprojected\se200yr03ha_epsg5070_1km.tif,0.5012569427490234,aad28e9d8f69325c4bd7c7bb7c9e36f796f23ed21edebc72fb595031ef317ed9
02b_atlas_reprojected\se200yr06ha_epsg5070_1km.tif,0.5028724670410156,ae308eb4b24d60e359ad4ef703782fbd822764d5dc8a66e675e9e9bd8aef9027
02b_atlas_reprojected\se200yr24ha_epsg5070_1km.tif,0.49379825592041016,27ae8b98763ba4b2fb06326244577ac394d848e758b9b985093391ecd9debd88
02b_atlas_reprojected\se200yr60ma_epsg5070_1km.tif,0.49526023864746094,c99c471236dc5f98cec47b911f86641a15ff151cb0c9c7abb2f20a5ba21fd566
02b_atlas_reprojected\se25yr03da_epsg5070_1km.tif,0.49030017852783203,7e7639e000f0556e6055d7485576a175cc473bfd0cecfd90a34321239466883a
02b_atlas_reprojected\se25yr03ha_epsg5070_1km.tif,0.5008955001831055,2f2415d5e573007d88860f3cb0c3e162bed6422ae44580bc268ef53ab592d674
02b_atlas_reprojected\se25yr06ha_epsg5070_1km.tif,0.49230480194091797,8a85a4ea9fc89f59217c0b7095c3b75e607d22332a2429dfb9ad3d483f875178
02b_atlas_reprojected\se25yr24ha_epsg5070_1km.tif,0.5037240982055664,03d596bdab9670d798d2cbdf00145220591962070e49d7254b970a911eebdcd0
02b_atlas_reprojected\se25yr60ma_epsg5070_1km.tif,0.4893827438354492,b7b4cec68b862fb2a506a1acd667b6f0c5597a381f8ef59f2453d93f6bbcc665
02b_atlas_reprojected\se2yr03da_epsg5070_1km.tif,0.4842643737792969,a50ee8c6771fd079f1542927ffae911c032f9c7f6a84fee7ce525e4a4df84f08
02b_atlas_reprojected\se2yr03ha_epsg5070_1km.tif,0.4830656051635742,a7f6f806fe1b71d60fca5fd3328a86f070b11ff0d9424a82ba29dd6cbafdb10e
02b_atlas_reprojected\se2yr06ha_epsg5070_1km.tif,0.4889059066772461,48c8552f30e58a53404b4fb9f92eb767e5fb570d56ff5779e25bb8a1f58b6b01
02b_atlas_reprojected\se2yr24ha_epsg5070_1km.tif,0.4808835983276367,13b1aebed511e7d383eb4ca7559462a9e73b75db8a0d9fe2598da66b039151e8
02b_atlas_reprojected\se2yr60ma_epsg5070_1km.tif,0.4864654541015625,f18be7d79ee759323d2ea3709d125b245c0d7c1db5cf828f499f4a28fb6c2875
02b_atlas_reprojected\se500yr03da_epsg5070_1km.tif,0.500941276550293,ce79b75129b928fc32b2ff8ab63ab5e13ccba19072a03b63f75d5ef86a5e7cb9
02b_atlas_reprojected\se500yr03ha_epsg5070_1km.tif,0.5033903121948242,eb85f208d728108949434a6312e9b77a9bfd447c04d1bdf06bb31fef67b435d7
02b_atlas_reprojected\se500yr06ha_epsg5070_1km.tif,0.5076208114624023,9bb4bcc47e2bde6ca9eba64981708ceb96cd96299cf038d2289f7523b8f39a18
02b_atlas_reprojected\se500yr24ha_epsg5070_1km.tif,0.4969491958618164,c22fb81b56f17271661ffaa86bf025010a8d8bf82cdd2fbaf578da9bce276343
02b_atlas_reprojected\se500yr60ma_epsg5070_1km.tif,0.4863271713256836,f98654e1284b208d67334637fe5d096798f23bf0b6d82ff0fe96e73c84331295
02b_atlas_reprojected\se50yr03da_epsg5070_1km.tif,0.4918098449707031,d92260de24d9a304631e6b3118313ce6e92e7a2298025af607c4053e470f7371
02b_atlas_reprojected\se50yr03ha_epsg5070_1km.tif,0.4922513961791992,001a9e0d33355f43838c8a83f7f1b253c943f7dbc18a2be4a80fc83b7f7fee40
02b_atlas_reprojected\se50yr06ha_epsg5070_1km.tif,0.49685192108154297,123ebcb45d1c4bd30fe641ac0aae683bf02e6a5b9896945abb83eb0550de0683
02b_atlas_reprojected\se50yr24ha_epsg5070_1km.tif,0.49842071533203125,d464be6fc5d1e3ca57f7dfb6df6af7d005a616caf705198ee12ec4e25a28dc91
02b_atlas_reprojected\se50yr60ma_epsg5070_1km.tif,0.49028968811035156,24680cf99fc2d4f6adf1e487efe4a186672a9dad23054844781f60f1d8ebfc25
02b_atlas_reprojected\se5yr03da_epsg5070_1km.tif,0.49504566192626953,c10e178c9f23f8148432087d3b197675298caa56b9dbd82caff111a76705f893
02b_atlas_reprojected\se5yr03ha_epsg5070_1km.tif,0.49263572692871094,b644fcc9633eb36653fec832581379e93d1501f0a1df68c4c020fa5128253344
02b_atlas_reprojected\se5yr06ha_epsg5070_1km.tif,0.4966850280761719,954678e298bdfd65474bcc306651fdf61843b10cb7e391c337f6502dc648b4ab
02b_atlas_reprojected\se5yr24ha_epsg5070_1km.tif,0.49120330810546875,a65eea8e0abb4566a95632148fc437381ea02bf3fa20533117a1f64776fc4934
02b_atlas_reprojected\se5yr60ma_epsg5070_1km.tif,0.48567867279052734,3a22481c1faae978cb110514d8cc16c1f394b7ce6ae8e473dec3199e0eb59ed0
03_atlas_huc12\atlas14_huc12_001h_0001yr.parquet,0.04014110565185547,eaf55ae607e76d1e17c12880b509aeab016734bc348f458c17463e433d87625c
03_atlas_huc12\atlas14_huc12_001h_0002yr.parquet,0.04014110565185547,bb74d67a910d60669075122f2898eeeb3881b8e9bf857bc966e3191d0237f5fe
03_atlas_huc12\atlas14_huc12_001h_0005yr.parquet,0.04014110565185547,ee166c1fea04eec63ce75f543885862169009eb582bc3219f9cb94d00094f8cf
03_atlas_huc12\atlas14_huc12_001h_0010yr.parquet,0.04014110565185547,b8859c04c6a5a8daa44cca2ec0932e08f65c6b84c087c8ea6e6ec0f0cd5e7f24
03_atlas_huc12\atlas14_huc12_001h_0025yr.parquet,0.04014110565185547,1be1e2d1a2104793e2aaa3f8b67e7c008607c6bf361c1c685fac9f0897924440
03_atlas_huc12\atlas14_huc12_001h_0050yr.parquet,0.04014110565185547,8a8b83342eedba461253f69329620e4f24595b178e8ffa18f163ce1884c668af
03_atlas_huc12\atlas14_huc12_001h_0100yr.parquet,0.04014110565185547,f0e494d1fdfa79eae4bdb0af1decf672c4b2f4af402155427134dae2b6133180
03_atlas_huc12\atlas14_huc12_001h_0200yr.parquet,0.04014110565185547,2a6defea0053fbc09235425c0312f66deae7d68ed833ad412bca6a49d78590f7
03_atlas_huc12\atlas14_huc12_001h_0500yr.parquet,0.04014110565185547,0a9c843f4b5404f0840aa043fd81a3bef876be3c036863e7d3a5faf3f77ffb10
03_atlas_huc12\atlas14_huc12_001h_1000yr.parquet,0.04014110565185547,df425560d927cf4fa8f7ce4b0f1cc26792d6ef2777b8eadd4e8830d1f957e570
03_atlas_huc12\atlas14_huc12_003h_0001yr.parquet,0.04014110565185547,2bc05720922f1ec7bd5cd55372e5bbda04f05438f526d8ccff531c0367dbcccd
03_atlas_huc12\atlas14_huc12_003h_0002yr.parquet,0.04014110565185547,4fbd5595a4a00e7ff5b567adc7e6d87f14d5860f5ca221647df39b93b1eef0ca
03_atlas_huc12\atlas14_huc12_003h_0005yr.parquet,0.04014110565185547,2f66dcb01be1f222bd2d278120b71a72560bf50cdc3aaf5c1234df351345ffc8
03_atlas_huc12\atlas14_huc12_003h_0010yr.parquet,0.04014110565185547,aad9dc3b16c0ff9fcb896c8abb69a17a2aad408aa411e8bda5a125798526aeec
03_atlas_huc12\atlas14_huc12_003h_0025yr.parquet,0.04014110565185547,bfcd7e8aef4e16d9c9f161b0dfc177069339d1171337968d88136932fa9a6f93
03_atlas_huc12\atlas14_huc12_003h_0050yr.parquet,0.04014110565185547,ded1753e8854e0235df99545d8d74761ea210daee44bdae15b287a48fea6fd80
03_atlas_huc12\atlas14_huc12_003h_0100yr.parquet,0.04014110565185547,2510eeee08c74417ab7a71dbbaa5f2bfe80508fbc15f1c761556ee26ae0f6f6e
03_atlas_huc12\atlas14_huc12_003h_0200yr.parquet,0.04014110565185547,9a87e41554443de299f4ba48feb0c4aa65c3300a61959c3912317c7ee8d8f2fc
03_atlas_huc12\atlas14_huc12_003h_0500yr.parquet,0.04014110565185547,4c74715b23bc5018bb2efe0d7860f4419d4b3a513acde9f3e929f03b9d70ecca
03_atlas_huc12\atlas14_huc12_003h_1000yr.parquet,0.04014110565185547,dee934ea7b1ae9c0c1766728db22fe1f9161485e812456fd24684a3178f317d8
03_atlas_huc12\atlas14_huc12_006h_0001yr.parquet,0.04014110565185547,218d9a674511fb479716039f23595836881e6dc99a12cf9ddb58db8b6c4c4c8a
03_atlas_huc12\atlas14_huc12_006h_0002yr.parquet,0.04014110565185547,9395748ebcf29ade02169724ac1a3d3e26b472bf94aa564c4eb5254844f4ded1
03_atlas_huc12\atlas14_huc12_006h_0005yr.parquet,0.04014110565185547,9da56f2f7d8bfb353f1667a56bdeef40c569e77c743cb9df37bb768e23fe0752
03_atlas_huc12\atlas14_huc12_006h_0010yr.parquet,0.04014110565185547,f70697fe84b472073a4f74b84757cf57032ad5aea7e644170958cf6b166f1a3d
03_atlas_huc12\atlas14_huc12_006h_0025yr.parquet,0.04014110565185547,c913f6c14b6f112303dd22a18bf820ccf1bbccfadf30cb0ecc99698cb6e6c5f9
03_atlas_huc12\atlas14_huc12_006h_0050yr.parquet,0.04014110565185547,4bf1dbc6cf5850bedd9e9eb1a296bfe6b70dc7d0360f98069ae6a63cd8eac8ea
03_atlas_huc12\atlas14_huc12_006h_0100yr.parquet,0.04014110565185547,c76a7ec53305474029a6c29caa29f33611e68664f64fa5e8ead23e81091765aa
03_atlas_huc12\atlas14_huc12_006h_0200yr.parquet,0.04014110565185547,e47d3c221efdfd207afc7454b37c65a698f602879a8e8f9c660b40c0ad5cf4ed
03_atlas_huc12\atlas14_huc12_006h_0500yr.parquet,0.04014110565185547,844454418282ea74f043575a1163b46d21a581fa9fec1412348f2e1ce1216e4b
03_atlas_huc12\atlas14_huc12_006h_1000yr.parquet,0.04014110565185547,ead865e500b2538c7721b7c088c1a66739c9782e101b543e7f1a5e16a599e246
03_atlas_huc12\atlas14_huc12_024h_0001yr.parquet,0.04014110565185547,39255900c795c93d0c8b54062d7cd93c2d22b0269504dc5fb02be273eed5e4c3
03_atlas_huc12\atlas14_huc12_024h_0002yr.parquet,0.04014110565185547,8ace4b27a66059ce14ac5ebf169ff05d2f3ffb2436e6427ee01798c1d472f584
03_atlas_huc12\atlas14_huc12_024h_0005yr.parquet,0.04014110565185547,e998377e0d282365ed0d7fdc3cfb1f41b6d933cc05565cb3b7e165fe0675d5a2
03_atlas_huc12\atlas14_huc12_024h_0010yr.parquet,0.04014110565185547,a06ba928ed8ebc38040da01b2dee57fa3fc909daedc62c7bdbbc33ca2bb32010
03_atlas_huc12\atlas14_huc12_024h_0025yr.parquet,0.04014110565185547,04b4fb280fd3d77042e1bd52f12f23081e7dcbb979382632e7c707344debae3c
03_atlas_huc12\atlas14_huc12_024h_0050yr.parquet,0.04014110565185547,bad7b4a6b3a61ceff5f67d50a06d20c6c930387d9b00a258f3009b088f62fa53
03_atlas_huc12\atlas14_huc12_024h_0100yr.parquet,0.04014110565185547,5891d81253c864f94b2f7547f9971a355cc94115a9cb599c8ffa64532ed6d799
03_atlas_huc12\atlas14_huc12_024h_0200yr.parquet,0.04014110565185547,e0c99e477e3bb59ef97f30c753f377358fd180fdf8685bc2a9c1de386bb8b43a
03_atlas_huc12\atlas14_huc12_024h_0500yr.parquet,0.04014110565185547,cbf9ca8851de69ade1d4e8f9f558c4df20caba297e82242d67716821b7ea030c
03_atlas_huc12\atlas14_huc12_024h_1000yr.parquet,0.04014110565185547,c251e84845729c769a596449d3b8ed78bc7d282f02e48ee8c3aa1ad53adee901
03_atlas_huc12\atlas14_huc12_072h_0001yr.parquet,0.04014110565185547,99223d456e63f0c90c8c5636aa98b0d624b3a1710c17012053f2c0f3de7d37e2
03_atlas_huc12\atlas14_huc12_072h_0002yr.parquet,0.04014110565185547,eb23d9d65340db4070090b324ec3bbfc7f6110d64bfc6d0dbb6fcccdd1c5fa44
03_atlas_huc12\atlas14_huc12_072h_0005yr.parquet,0.04014110565185547,cfa68a52652b37b5203c99577440267332b2ebf69a96a534821f0cccec050d17
03_atlas_huc12\atlas14_huc12_072h_0010yr.parquet,0.04014110565185547,ec8abf4ad640892dd4cbc52d5f9ae945a1fa48f250956ca03544e86ddf8c6d9f
03_atlas_huc12\atlas14_huc12_072h_0025yr.parquet,0.04014110565185547,faf2e469bc2a598b3c12b6cde9e3912ec61f28f2a466e1454f4899963283e3aa
03_atlas_huc12\atlas14_huc12_072h_0050yr.parquet,0.04014110565185547,a4419cb7c37ad3585f9215c9e301758f9ef1a83e8c81d286622eae0ed8d37820
03_atlas_huc12\atlas14_huc12_072h_0100yr.parquet,0.04014110565185547,f35205a31266a05ff10836afb78aae08be0d423c119c5e0c3795d94c81bf7bb3
03_atlas_huc12\atlas14_huc12_072h_0200yr.parquet,0.04014110565185547,4d18664c87388f4e57bf01bb5c9071baff36c8a710b45a4994639749ad9beaf2
03_atlas_huc12\atlas14_huc12_072h_0500yr.parquet,0.04014110565185547,2987dcdd15b8fce6b9da421a6638b1541e46d5a9792c3caa2b040fc3b18426ec
03_atlas_huc12\atlas14_huc12_072h_1000yr.parquet,0.04014110565185547,e95e68656d5edeea85320bbd4ddc4f3bb565af059bf2f78ecda4137568267879
03_atlas_huc12\atlas14_huc12_long.csv,5.059791564941406,b1039d4a43afd05e24c3d2d73ed68f8321555f143885235a29cf231da71ff445
03_atlas_huc12\atlas14_huc12_monotonicity_qc.csv,0.43358421325683594,28d276643fca72993640758fa2c117ad79d12e04e602e873d5682d4d8a6ca7df
03_atlas_huc12\atlas14_huc12_wide.csv,1.327688217163086,bab7f1a35da3a6d838cfd0f7052ad38fed0db8f46d92d2d1637bec3b6cf8e4db
03_atlas_huc12\atlas14_huc12_wide.parquet,0.7072572708129883,2d1d6d1673f9c4872953d55fddc114b730304229f889ea2047ab524566915e56
04_event_checkpoints\candidate_huc_peaks_1979.parquet,0.05801677703857422,a4b4239444a3531337a4f13e5368a9d7cd028a8d42b3c40026534b488da25335
04_event_checkpoints\candidate_huc_peaks_1980.parquet,0.02026844024658203,01662415e62aaefcd01b3af554d5b7a18265ae9c4998101e610672a16c9c57ce
04_event_checkpoints\candidate_huc_peaks_1981.parquet,0.018350601196289062,4ebdf3faa877567feb51ee923a3ff871a4c537569aaf58c0a43ff61df99e9cb9
04_event_checkpoints\candidate_huc_peaks_1982.parquet,0.012620925903320312,4e8c3b54f62fa956c2e6d8b13642abb65bc7f984e63c907e76dc7a28a233c079
04_event_checkpoints\candidate_huc_peaks_1983.parquet,0.047713279724121094,477a2ad5d25031a0bbc45646eeae243fb7237ecd2e866c2ade0e11f7d2452380
04_event_checkpoints\candidate_huc_peaks_1984.parquet,0.0075054168701171875,e5d31f054a1a08b2706894561874de60f7d3e4f35dc5f34a6dae4e5ca07b651b
04_event_checkpoints\candidate_huc_peaks_1985.parquet,0.008683204650878906,d3b71b65b629d47322623a520d1b5f0c117e9fb305289cbafb1f0bde68e11baf
04_event_checkpoints\candidate_huc_peaks_1986.parquet,0.0060672760009765625,1fe97afb7d2304616a6935ab94576c90f9634597e6b956a547936ed7ff98ab7f
04_event_checkpoints\candidate_huc_peaks_1987.parquet,0.007717132568359375,420db6777fb5e3dd2e22a3fcd9e021829d1ead10ec8179eb0281f8d28baeac55
04_event_checkpoints\candidate_huc_peaks_1988.parquet,0.0066356658935546875,a45b946fcb814c14199575d8405d4c550b604598512a49058d2db43c4b1bf154
04_event_checkpoints\candidate_huc_peaks_1989.parquet,0.008851051330566406,e3fb7add2ce78868c9a806ded517e6a4c650875e4b13c6e7dcdb5054d4bb4877
04_event_checkpoints\candidate_huc_peaks_1990.parquet,0.0702371597290039,d5493bc0db895af83d0f26e722ef08cc48dade9ccc0ee111f8b09a9e829f129d
04_event_checkpoints\candidate_huc_peaks_1991.parquet,0.021236419677734375,a988cf303b0254e55a21b71f677c14eb4b8e6750f793a4731c36406385aed300
04_event_checkpoints\candidate_huc_peaks_1992.parquet,0.006911277770996094,a1d04c3b4308460579dafbd9f4bbcaffa2bf1876bddff37499be13c44be4078a
04_event_checkpoints\candidate_huc_peaks_1993.parquet,0.00763702392578125,28c441b159f38899df328d214e813196b1e06949b5d84927c4b8e7b2a941925d
04_event_checkpoints\candidate_huc_peaks_1994.parquet,0.01969432830810547,a1465e5e6657915c577f4f2bf3b0b13cd9f16f1861b99d1085db77502b22d836
04_event_checkpoints\candidate_huc_peaks_1995.parquet,0.08463001251220703,b945dfbe55427722d2d7607dbc6411b7e727887a8e6a40fb9af4a63af3d719d9
04_event_checkpoints\candidate_huc_peaks_1996.parquet,0.013301849365234375,756261ed4490b04d7f86a1f7d2cecea7dad596624c017f7af6d05946230182e3
04_event_checkpoints\candidate_huc_peaks_1997.parquet,0.01980113983154297,1be3708da00ec739232d6931d65a849c5184dc24ea48b083544c54e5a0c5fafc
04_event_checkpoints\candidate_huc_peaks_1998.parquet,0.0558319091796875,1a8a74c7da2bafe774f41a4e8d6f28064675ac7ddcca597cbd4c9f797c606545
04_event_checkpoints\candidate_huc_peaks_1999.parquet,0.02309703826904297,254eb360adcabcf2eecb3ab3d3a099d5b9d9a49baf8bf4879ac136fb67d5a876
04_event_checkpoints\candidate_huc_peaks_2000.parquet,0.025514602661132812,717ddd6a400bc5c063331a8128229a0ab0c9ed5202bcfac71754892f4f1d9963
04_event_checkpoints\candidate_huc_peaks_2001.parquet,0.02266693115234375,f471fa314a4d86cb786bbc7733f479a3b8896f798e64846579384646618fde2e
04_event_checkpoints\candidate_huc_peaks_2002.parquet,0.03142738342285156,865909a5708e9db7465f0fbdc74018945a7b4f2d0f122106c70fe44be5437d14
04_event_checkpoints\candidate_huc_peaks_2003.parquet,0.06870460510253906,c047fcd88e8914f41d46bbb3edb8fd753bb52041c71b7c87193fdc9dfe552dea
04_event_checkpoints\candidate_huc_peaks_2004.parquet,0.09263420104980469,d3a4b96455f5656559624902dff47aae8b0398976ac08e7325dd74809d5a50b6
04_event_checkpoints\candidate_huc_peaks_2005.parquet,0.07489490509033203,cd85e948e34e196be48c7c3a9730c7422cdf829edf01dc4a4fbfc97b34082375
04_event_checkpoints\candidate_huc_peaks_2006.parquet,0.02265644073486328,40f7b247abd8494871a5e6be8924e62243424c0276d5f507983d45603736a4a9
04_event_checkpoints\candidate_huc_peaks_2007.parquet,0.010058403015136719,f05e8b31c8ec2f60487d24b62a20dad4604bf0987a8cef48fe7aa643148911ef
04_event_checkpoints\candidate_huc_peaks_2008.parquet,0.06067180633544922,4265c0a5d492c7275583b9f3f39d5a07c83edbcc00fccdb0cada4b9a93c37ce1
04_event_checkpoints\candidate_huc_peaks_2009.parquet,0.08314800262451172,1e82c545b977a6631074775342d7f0be68be8a5fa150d8cc975c7175ac2b1c40
04_event_checkpoints\candidate_huc_peaks_2010.parquet,0.03240013122558594,1e48ea9622b089538cd2764671fd624ce5d4569c6bdb677f164c1fd2443f5aea
04_event_checkpoints\candidate_huc_peaks_2012.parquet,0.046558380126953125,c994130ef85b32dd8ec0bda37e9ca74319a8f607477ea93988fd6ea539134d11
04_event_checkpoints\candidate_huc_peaks_2013.parquet,0.05285835266113281,971ecf9b9bc56b8f1ff701c9d21d02dd4ac1948156fa0d71fa1fab8e62db44b6
04_event_checkpoints\candidate_huc_peaks_2014.parquet,0.04631328582763672,ac8e267b87cf4e3aca884c24a8e3cf74952263085a60ef9efda29c91dd9a36ab
04_event_checkpoints\candidate_huc_peaks_2015.parquet,0.06156158447265625,b6a25c39b3ededaaa7d840746c500a3f646fdca5381a2c7e0ebc5c9b1b5fa0c2
04_event_checkpoints\candidate_huc_peaks_2016.parquet,0.019598960876464844,a1f569d29f407b4eaf32aeaf2d1a465a8b10985b9c4b8c294c92ef7855188cff
04_event_checkpoints\candidate_huc_peaks_2017.parquet,0.05134296417236328,5cc8ae5ce3e00f3694914e6575b8257b67d753ab604410469313bee9352a99f3
04_event_checkpoints\candidate_huc_peaks_2018.parquet,0.048842430114746094,c1c3b759d335165a900d9fea069471ac84c02724208b581c7a9de5eff4d47487
04_event_checkpoints\candidate_huc_peaks_2019.parquet,0.03178119659423828,03b63d021320328b726ac37a96f41d23dc0e0153e2d1fd78f7027d38fdadeb4a
04_event_checkpoints\candidate_huc_peaks_2020.parquet,0.0852508544921875,b1aa6845d19c1b31a4b12327f194bf2845c535049edeedfd603e2a1f0eeb7705
04_event_checkpoints\candidate_huc_peaks_2021.parquet,0.04970836639404297,90230cb9eb8a5790479c6f54f056fc7adae42f5c61a70924d4226faec47c62fd
04_event_checkpoints\candidate_huc_peaks_2022.parquet,0.036083221435546875,fba797e320090f0ed90711086373774809ef8edf7ae0a5808efb4bf234d8de7d
04_event_checkpoints\candidate_huc_peaks_2023.parquet,0.01996898651123047,826334ce1ba03f1397c1e6837474b3073d74a88f75cf0824d34ce29360a34411
04_event_checkpoints\candidate_huc_peaks_2024.parquet,0.051102638244628906,8d17bf3163148ade2130f2ec36ce529a83bede53b33668242a73b004b9003481
04_event_checkpoints\candidate_huc_peaks_2025.parquet,0.04544639587402344,39545641efcb7d28ec23bcfd8155934fd0fe177929397dd39f87163bd5fbca5c
04_event_checkpoints\candidate_times_1979.parquet,0.02510833740234375,9957fcea056d94dd01bb6fa75955e74a0c585f3e29b61847edff87ff55592f3c
04_event_checkpoints\candidate_times_1980.parquet,0.02556324005126953,5cd8444f6458de16428937de87eaf4ba844fc187bda3b8cb43e869196b0f83d8
04_event_checkpoints\candidate_times_1981.parquet,0.024059295654296875,451c8be255803a64b99ee17005131e5bad4e055b12bf571d5d7d2d13be2fdf96
04_event_checkpoints\candidate_times_1982.parquet,0.025544166564941406,247e4ef40d503e3a1364018aa54ab27bf0c12f7e0436c2e08a3f56bdb673c81a
04_event_checkpoints\candidate_times_1983.parquet,0.026154518127441406,8f43c4705e40abd507278f901986e67faebba6c8330ea9df3fd49e239ab9c308
04_event_checkpoints\candidate_times_1984.parquet,0.024559974670410156,75f80611379ce1d30b9b90e10b7dcd5348b734737e5b2418c751cc420891a657
04_event_checkpoints\candidate_times_1985.parquet,0.02404308319091797,eb4087a1cfcbeab93d8c79d92a010c28ec03237c4327379bdf4abe3ff243d329
04_event_checkpoints\candidate_times_1986.parquet,0.02433013916015625,20ca7324308530e567abf33f2677c536cd139f38a4ebff6bbbbcf084015beb8b
04_event_checkpoints\candidate_times_1987.parquet,0.024347305297851562,6dc1d352791cb686070834767ac99211d480151c4218cda51e29aa2010246dc8
04_event_checkpoints\candidate_times_1988.parquet,0.024326324462890625,863926d5ccd72152f89af5b80b2aa1b1f2a6ba7ce6a93f62411818f2f9816a87
04_event_checkpoints\candidate_times_1989.parquet,0.024988174438476562,28b0e2181cb795ac58a038eaab6cd4ab56c0209bd2ec0b229499e1fa94ddfd57
04_event_checkpoints\candidate_times_1990.parquet,0.02483844757080078,047e8c3650cd07f9c428d80c888aeab65b64f5843c1cc40fc0b1db7d45cd2aad
04_event_checkpoints\candidate_times_1991.parquet,0.025885581970214844,6103dd5b97fbef0fcbf3adde530b217330803fc4425495a62a5a95f3b6ce9414
04_event_checkpoints\candidate_times_1992.parquet,0.024549484252929688,da512ff464518da0476cf42787d17fb2da6eeae470745f4c6df0523fd5a943ec
04_event_checkpoints\candidate_times_1993.parquet,0.02432727813720703,dc50eca82cb8d7694d7af94473cbdb0dca3b52eaef2df3bee717c1ec6cc56f06
04_event_checkpoints\candidate_times_1994.parquet,0.02482891082763672,87dc61eb2cb4a76668af47c4c3ebbaa56fcce7c6106b20b6e702b52d3899c6d5
04_event_checkpoints\candidate_times_1995.parquet,0.02622509002685547,049ffaecfc2c232efc06dfdf41a423280adfbf67e2c08d96ae953ccdfeb7b3ae
04_event_checkpoints\candidate_times_1996.parquet,0.0253143310546875,2625e850f9df464e84014fc54fc20d1a51e1d3fd4e3af8444503aa4c0ae64d5f
04_event_checkpoints\candidate_times_1997.parquet,0.024868011474609375,4c5f17e5e4e7cde1cdb767c7375dcfd6715a7fc5b77923fa026325cd07b42f83
04_event_checkpoints\candidate_times_1998.parquet,0.02529430389404297,bbb3f4a48a6b4fe23f48e2895a55b87b0659480b34945fa08684cf025d70cce7
04_event_checkpoints\candidate_times_1999.parquet,0.025424957275390625,bbd901e85a6150e734bbac8084ed71aec5bdf9608af501fbabe943b7520f6518
04_event_checkpoints\candidate_times_2000.parquet,0.024303436279296875,a8329067b59268e3110d5935f818b0a5026d9ac184ef603e6ec4cee61965b70c
04_event_checkpoints\candidate_times_2001.parquet,0.02591991424560547,dcd02f5a4b62f4fcdc685a9aa21c7e51a407e423b9b1dbb9d968bf02cb2f738d
04_event_checkpoints\candidate_times_2002.parquet,0.026856422424316406,0ee21bfc2e8a2262f0878456cfab1616330827dd24c11207dc8b2457b052912d
04_event_checkpoints\candidate_times_2003.parquet,0.028913497924804688,9f58637ce4cd9e04fdb506d87c3b7653052d7ec12ae07cfd2978695fd37b87ff
04_event_checkpoints\candidate_times_2004.parquet,0.028171539306640625,16352349dd66ef4e26a7c3764df095c86f75e11174e66a248a8aec3b3d689561
04_event_checkpoints\candidate_times_2005.parquet,0.02692699432373047,65d8524f5e91fdb433a1b5669afd75c2848e91f1f4a05f624469e040d666df52
04_event_checkpoints\candidate_times_2006.parquet,0.02613353729248047,f017fa7653df9beb13892d7e582d86590cc946f2d88a1f9c3a2a015435587523
04_event_checkpoints\candidate_times_2007.parquet,0.02592182159423828,646153f46abc17389f174f5bed9a6cce03e57abbf1b2f3dd67f49004a883bf7f
04_event_checkpoints\candidate_times_2008.parquet,0.02660655975341797,ab111e948b5e12b4851ccbe534c9c682c87112b128d703fdb250cbaf7f512cb4
04_event_checkpoints\candidate_times_2009.parquet,0.029218673706054688,fb5d43f658043f17f51197a21ab7f6176d6a0fb5fa31c8f58bd9fc631f02ccfa
04_event_checkpoints\candidate_times_2010.parquet,0.02727508544921875,3c4066761ef015f553f826d90491ecef3b120cf1ecd7fd76a32e15c8b3406ae3
04_event_checkpoints\candidate_times_2012.parquet,0.02842426300048828,c2782d9e8983c9020e6784a7074b5ac23e1bc325d3fb624fe3f3d968154b80a8
04_event_checkpoints\candidate_times_2013.parquet,0.02880573272705078,4d3f9f5a867e87899b2a56974f219f6c8a57e46850371d3ec7bef6df17406838
04_event_checkpoints\candidate_times_2014.parquet,0.027937889099121094,e6b2055eca96610bd509013fe3d7ede1432b675017a2d2abf64e74e4a9ec4d56
04_event_checkpoints\candidate_times_2015.parquet,0.02895355224609375,01c75ba4610275254a78b4ebca404506420d417873fd0cf7d4d63ab8f2c6079b
04_event_checkpoints\candidate_times_2016.parquet,0.0264434814453125,9d9e784112c5dfbdeeb7ba00e4570a482269b23b44e292e4e160e6703d765847
04_event_checkpoints\candidate_times_2017.parquet,0.027490615844726562,659f46ceca8e6b43fee2b7661d33a3466d13a69cc2fcc3bc77943c17b5ca1971
04_event_checkpoints\candidate_times_2018.parquet,0.028362274169921875,a17aca717256171cf25e09f55080a5030554b4871bd6098684957553328dd6b6
04_event_checkpoints\candidate_times_2019.parquet,0.02646160125732422,78289322cfde3f7072777be08f336d7328d167406f2cfa4c49f1b1a4b89e3ae3
04_event_checkpoints\candidate_times_2020.parquet,0.02932453155517578,118c06773f5ca4f5d77edfa65dbd3fd9f60c4175ad51f15fd19f4e79d68b0094
04_event_checkpoints\candidate_times_2021.parquet,0.029181480407714844,6a21fc6e508a4e7a902cffde1175ea0816a0fe9807192a5a984584a2709b1d5d
04_event_checkpoints\candidate_times_2022.parquet,0.02888202667236328,e8917e86d1fa882daa669b38f6fa66a0d7d92d06f1db400c926f9ca470f6b1a1
04_event_checkpoints\candidate_times_2023.parquet,0.026624679565429688,910cbe14d8d55b953f5aeddc84b9f45ae42b8c97c9fca98ddf98eae8c9c3353d
04_event_checkpoints\candidate_times_2024.parquet,0.029984474182128906,3cf1e83c0a9dc0d5eda88b96e7cd8e898261ef724ad481d5b7717ba057cbc8d2
04_event_checkpoints\candidate_times_2025.parquet,0.029059410095214844,736d5a5a86f0af359d81a2ea68db391dfac6a8cec996e112866addca65372df9
05_external_data\hurdat2_atlantic.txt,6.754284858703613,1b9b0c7beed5b4505838658b1d30e159fc84330c60891a58cfcf43ae55c37202
05_external_data\hurdat2_atlantic_tracks.parquet,1.1576471328735352,786f35c45cfdcea7c97a0cacffc5a8a57ab621546624d7d827b2f9709bf17c70
05_external_data\hurdat2_source_url.txt,6.389617919921875e-05,acff99953be387f2b12e6639ed5c52db6b26b1a7b1d81d0082f4ab88391fab75
05_external_data\storm_events_alabama.csv,29.00679588317871,27e14a789656adcdce1e2331a5f7f3791dc4d0a9b78c2cfed1417248166963a1
05_external_data\storm_events_alabama.parquet,4.958154678344727,6a6d2a1330d7ae632f1d13b21db172bad007eb3c65eb775b19aae11d47f1edce
05_external_data\storm_events_alabama_schema_audit.csv,0.0013284683227539062,352b543212f2a876de04b5007ae3b54f4c401a4164ffb6d4fbc2ff34fd837f78
05_external_data\storm_events_details\StormEvents_details-ftp_v1.0_d1979_c20260323.csv.gz,0.14620685577392578,e004e7908a30d73dfbfa67dbd0ef5f433dfa9d91bc10db962dd23dbec58d7646
05_external_data\storm_events_details\StormEvents_details-ftp_v1.0_d1980_c20260323.csv.gz,0.20522785186767578,8136c0350426e261e967169687567aa029a3061d996e3bdfa28df4ac491b7cd0
05_external_data\storm_events_details\StormEvents_details-ftp_v1.0_d1981_c20260323.csv.gz,0.15409183502197266,8321772333a97a516eac12cf7af911e5c566a909f7813318ceaa99fb3a4a3bb0
05_external_data\storm_events_details\StormEvents_details-ftp_v1.0_d1982_c20260323.csv.gz,0.2326955795288086,6625a14f26a43d874c6e00331eb05e2d02014eec1f090e791344476a90ffeb3a
05_external_data\storm_events_details\StormEvents_details-ftp_v1.0_d1983_c20260323.csv.gz,0.2625131607055664,46e5be14bcf238fc67e33f25033db311a3a66bdfbc2b6117bc30291f0f1bbd59
05_external_data\storm_events_details\StormEvents_details-ftp_v1.0_d1984_c20260527.csv.gz,0.24059486389160156,869d89d2d56e01a173ce5d26234f04ec153130169ac7efdc5fe8f3de52453f26
05_external_data\storm_events_details\StormEvents_details-ftp_v1.0_d1985_c20260323.csv.gz,0.2558469772338867,f8018eb135893a43f1708eea6f8a068e9d98d73bfaded5aaa5aa6f43a9aee058
05_external_data\storm_events_details\StormEvents_details-ftp_v1.0_d1986_c20260323.csv.gz,0.28272247314453125,b3e227369ed8e1a0e6a7b6eeb1ac55ea65ea69e9679b8615baa31a416ac2bf22
05_external_data\storm_events_details\StormEvents_details-ftp_v1.0_d1987_c20260323.csv.gz,0.24181175231933594,75841d0819d3b9f09e89db079fd5d3cd81e9643c642ea07fed4c3a7466d1b4b8
05_external_data\storm_events_details\StormEvents_details-ftp_v1.0_d1988_c20260323.csv.gz,0.2423419952392578,6f92f85c3af4d17210a94095b8b353def4c0bf9280e68f78d6380e202c4371c1
05_external_data\storm_events_details\StormEvents_details-ftp_v1.0_d1989_c20260323.csv.gz,0.33830738067626953,c506ea393bb292824aa8f7925cc07582120f7e5b80313be549c3e5b0d1a29386
05_external_data\storm_events_details\StormEvents_details-ftp_v1.0_d1990_c20260323.csv.gz,0.36579227447509766,c43695d31ffa32ba79f52b4d0a6ec53e2d69076058c2d91d91de4775fa449f87
05_external_data\storm_events_details\StormEvents_details-ftp_v1.0_d1991_c20260323.csv.gz,0.4132881164550781,cb46d6324a7f3fd3c3d6039a1350a3df0e005d731656c0657e88b715ff5d8f35
05_external_data\storm_events_details\StormEvents_details-ftp_v1.0_d1992_c20260323.csv.gz,0.45491790771484375,6cb5752c32c02ef8919476502f96e6014171c81460e34174ad5c91902d4d79b4
05_external_data\storm_events_details\StormEvents_details-ftp_v1.0_d1993_c20260323.csv.gz,0.5296344757080078,e5923d6d09a563117498824c3ca193ee6a6468f0dda57b6778dcd3c6fda36373
05_external_data\storm_events_details\StormEvents_details-ftp_v1.0_d1994_c20260323.csv.gz,0.9849214553833008,c20566eced304f6e5530ba945c7b91c152c0d83f349ebb3d0120b7e23be19b3d
05_external_data\storm_events_details\StormEvents_details-ftp_v1.0_d1995_c20260323.csv.gz,1.28887939453125,acf39bac8c4c0a9631bbdee46b47a95b434d35bb78b779238d3b45f4d40618d5
05_external_data\storm_events_details\StormEvents_details-ftp_v1.0_d1996_c20260323.csv.gz,6.005581855773926,518c43aadbffbf7509a2ab20cfa6b54f1d63f196b3d8aedb9ffd7d032968eb45
05_external_data\storm_events_details\StormEvents_details-ftp_v1.0_d1997_c20260323.csv.gz,6.325712203979492,3fdcaa0a839d8b619161188d7d01b8e24e2688fcfc227ea15a73d7da876b36bc
05_external_data\storm_events_details\StormEvents_details-ftp_v1.0_d1998_c20260323.csv.gz,9.818181037902832,21e4b8d8a88437a25f441ef453ab2ef96ef98f479f2d0f51d0f72b559176699b
05_external_data\storm_events_details\StormEvents_details-ftp_v1.0_d1999_c20260323.csv.gz,9.882601737976074,c407d09273bc91d645f0f119bfd7128c153f1acb62c239f34572f483b09aacfb
05_external_data\storm_events_details\StormEvents_details-ftp_v1.0_d2000_c20260323.csv.gz,7.5482025146484375,a4ca5b02ad766bf50db2b192c127b625018f66bb9fb4d9746677d39ba2e392ab
05_external_data\storm_events_details\StormEvents_details-ftp_v1.0_d2001_c20260323.csv.gz,6.557551383972168,77a84aa66aaa9f7f95a15ecb2d18451bc05be801ea10f606d2e83fb44f737e51
05_external_data\storm_events_details\StormEvents_details-ftp_v1.0_d2002_c20260323.csv.gz,6.863467216491699,6f941b2ea120245e2e924093032c91c3377e7d1ea2c9163593456facb9ebe185
05_external_data\storm_events_details\StormEvents_details-ftp_v1.0_d2003_c20260323.csv.gz,6.878853797912598,f6d23ba4043394a517c8c6b0db8346f940a1de3fb8cac76eee773c5797243e3c
05_external_data\storm_events_details\StormEvents_details-ftp_v1.0_d2004_c20260323.csv.gz,6.995466232299805,b0827cd69b8d0ddc1446d8a322132502a05af19b1193c15eae118f13396844e3
05_external_data\storm_events_details\StormEvents_details-ftp_v1.0_d2005_c20260323.csv.gz,7.4056806564331055,d68e3cbfbe5fb79f720eccea372c53585614bab618f3c2a4433e47767f54e55f
05_external_data\storm_events_details\StormEvents_details-ftp_v1.0_d2006_c20260323.csv.gz,7.23929500579834,a958ea15688b3346fd69efe53e91b4d57a26f8e6f99e1ddcc3b92c2eb2d57d0b
05_external_data\storm_events_details\StormEvents_details-ftp_v1.0_d2007_c20260323.csv.gz,9.322811126708984,e8289daa871946230862e2ca0d119195df7108e4a680fe83e3d419f3f21a7524
05_external_data\storm_events_details\StormEvents_details-ftp_v1.0_d2008_c20260323.csv.gz,11.707685470581055,c97260e82760b17bc571d55e1ca1f5073ccc0558b774313d46dddc3e1ef39b37
05_external_data\storm_events_details\StormEvents_details-ftp_v1.0_d2009_c20260323.csv.gz,9.856801986694336,c04d6e0173153475440cb614bd019287986c74c311c61864478f9087d7d1b357
05_external_data\storm_events_details\StormEvents_details-ftp_v1.0_d2010_c20260323.csv.gz,11.185794830322266,d109f8a6ab1a71e70f60fe42d30a0e31f370c904e248a51e5fe85573f904878e
05_external_data\storm_events_details\StormEvents_details-ftp_v1.0_d2012_c20260323.csv.gz,11.273070335388184,673db47f6dc9e97e06ffec3b628f5341c128f594d9b247bd07bad2e8397ebac3
05_external_data\storm_events_details\StormEvents_details-ftp_v1.0_d2013_c20260323.csv.gz,11.182698249816895,4fa4036ed1c7ea9a779d5a5841d18de08596c423920189a9e6173488d1a98260
05_external_data\storm_events_details\StormEvents_details-ftp_v1.0_d2014_c20260323.csv.gz,10.571245193481445,410b457b1b9628cfd63292848a626482a88714c8bd8c45d56a0469f9de05d078
05_external_data\storm_events_details\StormEvents_details-ftp_v1.0_d2015_c20260323.csv.gz,9.57636833190918,c4a5a24b8c69ad2b6b867790ce298f5b642a60516c9fce5550a8d2f67cd7bf2e
05_external_data\storm_events_details\StormEvents_details-ftp_v1.0_d2016_c20260323.csv.gz,8.645739555358887,d8e1389897df3557e74ba36820357f6962a7c0ca922595400fe74d883f7a5036
05_external_data\storm_events_details\StormEvents_details-ftp_v1.0_d2017_c20260519.csv.gz,8.908132553100586,bd3ca72b71544222cba8aa2b29eb3f0efe050d3330a0c408e208befb66881750
05_external_data\storm_events_details\StormEvents_details-ftp_v1.0_d2018_c20260323.csv.gz,9.141904830932617,19702480f50cd2a8dacce5e57891feba156afb87b1ea5cbb4eaeda69d2b964a4
05_external_data\storm_events_details\StormEvents_details-ftp_v1.0_d2019_c20260323.csv.gz,11.065147399902344,f5043ecc776818b0feffdf1e0fcbaf63329db0635eab1057c7b8ba00ef332e3b
05_external_data\storm_events_details\StormEvents_details-ftp_v1.0_d2020_c20260323.csv.gz,9.960752487182617,895c56fd46991c4d9a135d67558dc4b447a02a2314efac0ace645135b98f9c9d
05_external_data\storm_events_details\StormEvents_details-ftp_v1.0_d2021_c20260323.csv.gz,10.074570655822754,60c1daf96dbe8eafd48c80df5b70df51a0125ab95d467ee7009a646761d57715
05_external_data\storm_events_details\StormEvents_details-ftp_v1.0_d2022_c20260625.csv.gz,11.270379066467285,7d6b79d0049a6edec96b061738289daddba90be26fc9afe7b0a6fd617f21452e
05_external_data\storm_events_details\StormEvents_details-ftp_v1.0_d2023_c20260323.csv.gz,12.29104232788086,713784bed40d9e5a95b1d6240a654f865f3ef97703713105c7b35437270da134
05_external_data\storm_events_details\StormEvents_details-ftp_v1.0_d2024_c20260421.csv.gz,12.105390548706055,48465bd9bac65e00ecea0f7e55a04d70a250f0a04779c6291ecedbef6893bf5e
05_external_data\storm_events_details\StormEvents_details-ftp_v1.0_d2025_c20260526.csv.gz,12.007704734802246,a964c130071cf493e9e6b429d2a6c39d3d88399d194e4380c66de88f96fd4725
06_event_catalog\aorc_atlas14_event_catalog_pre_attribution.parquet,0.16033172607421875,883850925d00c66e3fc86fd81e898116ecada900191f56b8354419709d172b6c
06_event_catalog\aorc_atlas14_event_huc12_details.csv,10.56009578704834,85988196523ba2f9a4ea085d6022ebd968ef898679fd6f340ee8fa8be46a0836
06_event_catalog\aorc_atlas14_event_huc12_details.parquet,2.2608118057250977,4ba7d7569140e7ad7363e61e6803e7c56bcb98d408167110787208ec412b15c2
06_event_catalog\aorc_atlas14_storm_event_catalog.csv,0.46541404724121094,9bf3dd5128250e0b839c5b6db2096a2019ee8c11f2bb9571a9e4e80cf0530922
06_event_catalog\aorc_atlas14_storm_event_catalog.parquet,0.20330142974853516,745586c5a7283e6a351101effc3b9ec8663c713408dbe60ecf1b993ab9e30e50
06_event_catalog\factsheet_priority_storm_events.csv,0.4637298583984375,f180a765a691ccc9c5ea61d2b63677fe92f07f0a7007fb13c60da49cd659b4dd
06_event_catalog\huc12_duration_rainfall_risk_summary.csv,0.7944536209106445,9f9999e85d3231dbc3ecdcfef48370d6915d432171483582330c54beeaf95a3d
07_spatial_outputs\atlas14_normalized_huc12_summary.gpkg,42.484375,6d14ed730165c5e27971eef184652c5d942d895d060fffa99f06b64c6380e1c4
07_spatial_outputs\huc12_adjacency_edges.csv,0.11019706726074219,e9cb92f81393331a086769e62977d9685e6c1e22a7a893b4f611348fb2b19e00
07_spatial_outputs\storm_event_footprints.gpkg,229.0078125,a64d61f37846dc1b03ab0fe0f03fb3c76f81fb086808a9f6ea2cdc1e6bdaf0ae
08_figures\figure_01_duration_recurrence_hotspots.png,4.42595100402832,f820a863c83a066bf4bb51323a2ed1ab5f4b8a59b299eb3ba8aa7cbbf8bf28e8
08_figures\figure_02_major_event_frequency_rx24h_10yr.png,1.3445634841918945,6b4f88fefeb527a6ed7f1320a4a86eaf86a5a82a57139d9fcfbaa668c8e56114
08_figures\figure_03_top_storm_events.png,0.42433738708496094,55482956a72592d2bb378f95975262649bb36837e37cb5b8c704b7c28dfde179
08_figures\figure_04_event_seasonality.png,0.1991443634033203,856943286bab918351dab0be42ab0afa4509b0ea4655a3cd1c79b53e253c7bb8
08_figures\figure_05_event_duration_signatures.png,0.3458700180053711,bc4824529913685871a5e862ecfaa8c6d9da2075d6357b4cbc8f2564639b998f
08_figures\figure_06_representative_event_footprints.png,2.365567207336426,ff9f6ef5655880dd31e87038b2d030f4a0a37b5b4fa9dcef7a3aa41e0132ca0c
09_reports\storm_type_summary.csv,0.0005159378051757812,dc1623dbef91d3b5e5f4131b4720f7e78c1b92faeea49c0bf77d1581e7403c89
09_reports\top_25_event_summary.csv,0.006591796875,0c59c9207f98c07d8b1af3f52a9659e0c6295adb5091f875008d892bfceb439b
10_logs\event_scan_failures.csv,5.340576171875e-05,915fcbfdb9f7501f56f463e80c206840cc36cdb20ea47daf9340da1e0cc1d86b
