site_no,site_name,huc12,drainage_area_sqmi,record_years,first_water_year,last_water_year,missing_water_year_count,qualified_peak_fraction,duplicate_year_fraction,kendall_tau,kendall_p,lag1_autocorrelation,pettitt_change_year,pettitt_p,stationarity_warning
02338523,,031300020601,16.8,19,2002,2025,5,0.21052631578947367,0.0,0.49707602339181284,0.0024331184156508017,-0.07207352751274278,2016.0,0.021119777817256467,True
02339225,,031300020806,60.2,12,1979,1990,0,0.0,0.0,-0.0303030303030303,0.9465592891547753,0.4250085295212257,1987.0,0.792046742404191,True
02339495,,031300020903,86.4,17,2007,2024,1,0.11764705882352941,0.0,0.5873971250985845,0.0010970063513885682,0.5493039063401941,2015.0,0.007023277755913092,True
02339500,,031300020908,3550.0,129,1897,2025,0,0.4806201550387597,0.0,-0.25175861345506734,2.3708746248745504e-05,0.28371662902575373,1975.0,3.434128868920428e-05,True
02339555,,031300020908,3550.0,3,1920,1961,39,1.0,0.0,,,,,,False
02339780,,031300020908,3630.0,10,1920,1991,62,1.0,0.0,-0.16296706901290156,0.523392976636277,0.1762666447641838,1984.0,0.7955902386398751,False
02340750,,031300021105,99.7,22,1953,1974,0,0.0,0.0,-0.060737670013178605,0.6928959834799091,0.07531446842873073,1955.0,0.8443133821557277,False
02341460,,031300030304,4630.0,12,2014,2025,0,1.0,0.0,0.303030303030303,0.19694994338223504,-0.09219007126662677,2018.0,0.6288238548455856,False
02341500,,031300030304,4670.0,78,1841,2001,83,1.0,0.0,-0.15423052154828856,0.04575445552808976,0.30798078968033477,1949.0,0.15609764906403245,True
02341505,,031300030304,4670.0,13,2002,2014,0,1.0,0.0,-0.025641025641025637,0.9523619079608663,-0.2856490238307318,2002.0,1.0,False
02341566,,031300030306,4750.0,10,1982,1991,0,1.0,0.0,-0.1111111111111111,0.7274895282186948,0.059342917904531646,1983.0,0.9118248435222587,False
02342150,,031300030504,134.0,20,1951,1970,0,0.0,0.0,0.06349295223253276,0.6967274236606605,-0.28773044499672884,1956.0,0.9187787262316415,False
02342200,,031300030401,6.67,16,1959,1974,0,0.0,0.0,0.07531446678801507,0.6850262730697994,-0.4304101016686033,1963.0,1.0,True
02342500,,031300030505,322.0,79,1947,2025,0,0.02531645569620253,0.0,0.032813530855428756,0.6689505169684633,-0.1157143501073249,2015.0,0.7028169676563599,False
02342881,,031300030804,5910.0,16,2010,2025,0,1.0,0.0,0.15899720766358738,0.3918340019937081,-0.26599923964497446,2015.0,0.7320488981512093,False
02342933,,031300031204,112.0,48,1964,2011,0,0.0,0.0,0.004434590236487574,0.9645521176387863,-0.08122621601602263,1978.0,0.8601892812801245,False
02342937,,031300031204,,2,2021,2022,0,0.5,0.0,,,,,,False
02342960,,031300031303,6730.0,58,1905,1962,0,1.0,0.0,-0.0278873013352767,0.7576136785790848,0.017603639570891245,1929.0,1.0,False
02343000,,031300031307,95.4,5,1954,1958,0,0.0,0.0,-0.19999999999999998,0.8166666666666667,-0.3478094275667054,,,True
023432415,,031300040104,7460.0,16,2010,2025,0,1.0,0.0,0.21666666666666667,0.26504598877832025,-0.33737348289090247,2015.0,0.9039597295873265,True
02343260,,031300040104,7570.0,9,1925,1962,29,0.2222222222222222,0.0,-0.2777777777777778,0.35848765432098767,0.19110465939759524,1929.0,0.46827260127133097,False
02343275,,031300040304,48.7,25,1952,1994,18,0.12,0.0,0.28572437431744613,0.046784331525569614,0.17573814140509478,1969.0,0.16703356282673792,True
02343300,,031300040404,146.0,35,1958,1994,2,0.05714285714285714,0.0,0.04373424591353373,0.7119231506921901,0.24329822273636323,1985.0,0.48560340684323294,False
02343500,,031300040504,8040.0,33,1929,1961,0,0.0,0.0,-0.04739338621926591,0.6984550528640938,0.1882463378231011,1949.0,1.0,False
02343700,,031300040605,14.0,15,1960,1974,0,0.0,0.0,-0.10476190476190476,0.6264945175158468,0.1950123768175028,1965.0,0.3629393690397159,False
02343805,,031300040702,8210.0,9,2010,2018,0,1.0,0.0,0.05555555555555555,0.919455467372134,-0.2192614421261133,2012.0,1.0,False
02344000,,031300040710,8340.0,87,1905,1991,0,0.5402298850574713,0.0,-0.016601979893621686,0.8201762398824647,0.043508253211506843,1982.0,1.0,False
02344040,,031300040801,8510.0,1,1929,1929,0,1.0,0.0,,,,,,False
02358785,,031300120203,103.0,11,1971,1994,13,0.09090909090909091,0.0,0.2727272727272727,0.2829668209876543,-0.1264653580270566,1977.0,0.38299039002932606,False
02360000,,031402010404,86.8,30,1944,1994,21,0.06666666666666667,0.0,0.0920598998491251,0.47537878657305,0.17601873572787388,1969.0,0.828852525192715,False
02360275,,031402010304,102.0,29,1951,1994,15,0.06896551724137931,0.0,0.0863132592035924,0.5114074703143316,0.18171857693853702,1974.0,0.5438335600884091,False
02360500,,031402010208,291.0,18,1953,1994,24,0.1111111111111111,0.0,0.20261437908496735,0.2599200623942404,0.45397746141250855,1968.0,0.17490715426085848,True
02361000,,031402010602,686.0,98,1922,2025,6,0.01020408163265306,0.0,-0.12107816465868507,0.07757823317463988,-0.11037958965848978,1979.0,0.24646731017965537,False
02361500,,031402011202,1280.0,26,1925,2025,75,0.038461538461538464,0.0,-0.10153846153846155,0.4844245357791813,-0.07024698672005436,2020.0,0.79432826306946,False
02362240,,031402011101,21.4,35,1986,2021,1,0.0,0.0,-0.03535358545274646,0.765481653928013,0.076458149779541,1989.0,0.6010785283393231,False
02362610,,031402020201,18.7,12,1973,1994,10,0.16666666666666666,0.0,-0.2727272727272727,0.24957952123750735,-0.5710142152795754,1980.0,0.5549351041725344,True
02362640,,031402020205,96.8,1,1990,1990,0,1.0,0.0,,,,,,False
02362745,,031402020103,4.4,5,1970,1974,0,0.0,0.0,0.0,1.0,-0.6950680750808882,,,True
02362780,,031402020301,39.8,1,1990,1990,0,1.0,0.0,,,,,,False
02363000,,031402020504,498.0,87,1939,2025,0,0.011494252873563218,0.0,-0.11099225979407012,0.1281443390533052,-0.1244921188163535,1981.0,0.38109727568759755,False
02363005,,031402020504,0.76,9,1990,2001,3,0.2222222222222222,0.0,-0.4444444444444444,0.11943893298059964,0.10244859732382514,1998.0,0.46827260127133097,False
02363055,,031402020506,,7,1973,1980,1,0.0,0.0,0.14285714285714288,0.7726190476190476,-0.7426278806076075,,,True
02363225,,031402020401,1.2,9,2012,2021,1,1.0,0.0,0.2222222222222222,0.47670855379188715,-0.19497285065094294,2015.0,0.9535212573379397,False
02363280,,031402020403,112.0,1,1990,1990,0,0.0,0.0,,,,,,False
02363330,,031402020405,26.8,1,1990,1990,0,0.0,0.0,,,,,,False
02364000,,031402020603,959.0,71,1936,2016,10,0.0,0.0,-0.06645189429138036,0.4127639970882302,-0.013372582232579049,1981.0,0.9182493232251769,False
02364050,,031402020601,28.4,1,1990,1990,0,0.0,0.0,,,,,,False
02364500,,031402020610,1182.0,72,1905,2025,49,0.18055555555555555,0.0,-0.123456982131703,0.12565680708634272,0.16795390053678963,2005.0,0.5467739084968275,False
02364570,,031402020701,26.2,20,1975,1995,1,0.0,0.0,-0.09473684210526316,0.5858584459782121,0.09748837772816524,1980.0,0.8758441584767186,False
02364806,,031402020904,0.54,3,2004,2006,0,0.0,0.0,,,,,,False
02365200,,031402030105,3209.0,32,1977,2025,17,0.0625,0.0,-0.11290322580645162,0.3754254012076831,-0.07492949525073955,1999.0,0.6790174166855433,False
02365310,,031402030201,1.44,10,1972,1981,0,0.0,0.0,-0.24444444444444444,0.38071979717813054,-0.06386722534850793,1973.0,1.0,False
02365408,,031402030201,0.08,3,2004,2006,0,0.0,0.0,,,,,,False
02367400,,031401030104,30.0,3,1980,1990,8,0.0,0.0,,,,,,False
02367500,,031401030103,114.0,31,1944,1998,24,0.0967741935483871,0.0,0.1470291750218996,0.24739352347615873,0.25702415052141897,1969.0,0.36996279981460856,False
02367800,,031401030401,461.0,12,1959,1990,20,0.08333333333333333,0.0,0.1212121212121212,0.6383612539081289,0.3746919368877465,1969.0,0.5549351041725344,True
02367900,,031401030403,510.0,26,1999,2024,0,0.0,0.0,0.06461538461538462,0.6624406163751665,-0.17827377021444984,2002.0,0.8222245810143749,False
02369800,,031401040104,87.7,58,1968,2025,0,0.017241379310344827,0.0,-0.0950363370242295,0.2922487966385847,-0.02081436591026102,1998.0,0.3608759294434919,False
02370200,,031401040303,36.0,10,1958,1967,0,0.1,0.0,-0.06666666666666667,0.8618005952380953,0.3804053503023988,1959.0,0.4949906250906068,True
02371000,,031403010204,257.0,27,1944,1994,24,0.07407407407407407,0.0,-0.1171433352798953,0.39249855294717695,-0.013919337567247872,1968.0,1.0,False
02371050,,031403010204,1.05,9,2012,2021,1,1.0,0.0,0.1111111111111111,0.761414241622575,-0.3110750657984974,2015.0,1.0,True
02371200,,031403010205,8.87,29,1959,1990,3,0.034482758620689655,0.0,0.23209947294566896,0.07775242576507298,0.16062209097388752,1969.0,0.012574854309238978,True
02371470,,031403010303,4.43,2,1991,1992,0,0.0,0.0,,,,,,False
02371500,,031403010401,500.0,88,1938,2025,0,0.011363636363636364,0.0,-0.10251051633295132,0.15769162439073992,0.038494554124308085,1999.0,0.6472055863600579,False
02371503,,031403010401,8.8,1,1998,1998,0,0.0,0.0,,,,,,False
02372000,,031403020404,254.0,28,1944,1990,19,0.03571428571428571,0.0,0.07936507936507936,0.5700272398217049,0.10505745876813882,1956.0,0.9001928374702501,False
02372250,,031403020501,442.0,50,1975,2025,1,0.0,0.0,-0.11759902981200605,0.22836483943359476,-0.1188330450963736,1980.0,0.7334772468939849,False
02372422,,031403010501,1273.0,16,1999,2014,0,0.0,0.0,0.19247030401381632,0.2999367677880739,-0.31455145762984377,2008.0,0.8449096220004249,True
02372430,,031403010501,1277.0,15,2011,2025,0,0.06666666666666667,0.0,-0.04761904761904762,0.845841042458974,-0.24835864457970858,2020.0,1.0,False
02372500,,031403010502,1344.0,58,1905,1975,13,0.017241379310344827,0.0,0.003630862496005574,0.9678947555233564,0.17942852193530018,1915.0,0.9674059136296875,False
02372510,,031403010503,,5,1970,1974,0,0.0,0.0,-0.19999999999999998,0.8166666666666667,-0.38475803716188545,,,True
02372755,,031403030102,0.69,10,2012,2021,0,1.0,0.0,0.31462660248284624,0.2086677876982641,-0.3264071746479513,2017.0,0.5861816545675114,True
02372800,,031403030101,37.8,10,1973,1990,8,0.1,0.0,0.19999999999999998,0.4843127204585538,-0.48072756630049707,1981.0,0.6866409702513011,True
02373000,,031403030604,470.0,83,1938,2024,4,0.012048192771084338,0.0,-0.0555719002292691,0.4572966212248213,-0.024996373685643013,1983.0,0.866637704654617,False
02373500,,031403030502,307.0,34,1938,1990,19,0.058823529411764705,0.0,0.01784122030127294,0.8821370094053368,0.07533194816717964,1959.0,0.7378713513247548,False
02373800,,031403030704,1017.0,9,1975,1983,0,0.0,0.0,-0.2222222222222222,0.47670855379188715,-0.16139210410045016,1977.0,1.0,False
02374000,,031403040501,2495.0,23,1929,1957,6,0.043478260869565216,0.0,-0.2930698815217504,0.05057649284660137,0.252526426288643,1949.0,0.15035523960601485,False
02374050,,031403040501,,3,2017,2019,0,0.3333333333333333,0.0,,,,,,False
02374250,,031403040506,2661.0,27,1999,2025,0,0.0,0.0,0.1373403206998946,0.31667955421381455,-0.20276076389055414,2007.0,0.6699037785693548,False
02374500,,031403040107,176.0,88,1938,2025,0,0.011363636363636364,0.0,-0.07815973437397801,0.2811860344837246,-0.00741426095759763,1985.0,0.415076827870589,False
02374660,,031403040403,329.0,6,1975,1980,0,0.0,0.0,-0.2,0.7194444444444444,-0.1628559313103051,,,False
02374700,,031403040404,435.0,27,1998,2025,1,0.07407407407407407,0.0,0.03133903133903134,0.8364668517952467,-0.4710581967595799,2019.0,1.0,True
02374745,,031403040305,182.0,27,1998,2024,0,0.037037037037037035,0.0,0.09129823840232809,0.5046149330064934,-0.19300302453262144,2015.0,0.7188702088401953,False
02374950,,031403050206,193.0,25,2001,2025,0,0.0,0.0,0.033333333333333326,0.8352616332525121,-0.047273201194138297,2015.0,0.8542251213894374,False
02374970,,031403050102,79.4,12,1971,1990,8,0.08333333333333333,0.0,0.39393939393939387,0.0863171145983646,0.19744525833623858,1979.0,0.1933233156649223,False
02375000,,031403050302,330.0,46,1939,2025,41,0.0,0.0,0.04545456671176954,0.6562886556968028,-0.1356280390544059,1959.0,0.7214875489745357,False
02375500,,031403050402,3817.0,91,1935,2025,0,0.02197802197802198,0.0,-0.16127064707268837,0.02365315459611614,0.037618562389610186,1998.0,0.08693558437137265,True
02376293,,031401060302,26.5,26,1998,2024,1,0.0,0.0,-0.05230769230769231,0.7269745473586298,-0.16583371848455222,2021.0,1.0,False
02376500,,031401060403,394.0,85,1929,2025,12,0.023529411764705882,0.0,0.018220046519999658,0.8051271917307218,0.023935290247212526,1973.0,0.9584496591866002,False
02376551,,031401060701,0.92,9,1969,1977,0,0.0,0.0,0.2777777777777778,0.35848765432098767,0.5659659740887432,1973.0,0.10333121375776921,True
02377500,,031401060504,92.2,25,1952,1989,13,0.08,0.0,0.12353940420942289,0.38738488870214305,-0.34297690972895406,1971.0,1.0,True
02377570,,031401060506,192.0,38,1988,2025,0,0.05263157894736842,0.0,-0.09110322592247755,0.4210127345997998,0.042562229953558926,1998.0,0.2000652926252854,False
02377960,,031401060602,56.6,4,1988,1991,0,0.0,0.0,,,,,,False
02378170,,031401070201,4.98,16,2009,2024,0,0.0,0.0,0.13333333333333333,0.505644437997331,0.09795777656259246,2016.0,0.5783005036119058,False
02378185,,031401070204,,4,2022,2025,0,0.0,0.0,,,,,,False
02378300,,031602050203,16.6,26,2000,2025,0,0.0,0.0,-0.08012336167697755,0.5664960285739783,0.1678538355504189,2020.0,0.49870441755459244,False
02378500,,031602050201,55.3,55,1954,2024,16,0.0,0.0,0.10912765859813003,0.23956431383759513,-0.033458564345588936,1988.0,0.3223991257629373,False
0237854520,,031602050204,120.6,3,2021,2023,0,0.0,0.0,,,,,,False
02378780,,031602040505,,3,2018,2020,0,0.0,0.0,,,,,,False
02378790,,031602040505,,3,2018,2020,0,0.0,0.0,,,,,,False
02397530,,031501050206,4362.0,12,2014,2025,0,1.0,0.0,-0.2121212121212121,0.38070480349126185,-0.16591726062341067,2021.0,0.5549351041725344,False
02398195,,031501050501,9.53,7,1979,1985,0,0.0,0.0,-0.04761904761904762,1.0,-0.2839245740599079,,,False
02398250,,031501050502,67.6,2,2001,2002,0,0.0,0.0,,,,,,False
02398300,,031501050605,366.0,85,1938,2024,2,0.25882352941176473,0.0,-0.1457808197117791,0.0484111628203227,0.2010810828704547,1983.0,0.09891384359671476,True
02398400,,031501050605,368.0,41,1938,1979,1,0.04878048780487805,0.0,-0.09768017049307197,0.36882929768481887,0.22952496733571087,1966.0,0.415319860260252,False
02398500,,031501050605,379.0,24,1938,1990,29,0.041666666666666664,0.0,0.025408390302421965,0.8621136085061991,0.26220261234516884,1945.0,0.6204752972889153,False
02398950,,031501050704,42.8,15,1998,2012,0,0.0,0.0,-0.028571428571428574,0.9225700904951897,0.38030486372537275,2004.0,0.7657857719502241,True
02399000,,031501050802,125.0,34,1929,1967,5,0.0,0.0,-0.03939162114736197,0.7441844636160321,0.1575804593429259,1955.0,1.0,False
02399200,,031501050806,199.0,70,1929,2025,27,0.05714285714285714,0.0,0.015352730137107353,0.8511890771404018,0.16941641753463213,2005.0,0.8353131983622557,False
02399500,,031501051002,5270.0,21,1938,1958,0,0.5238095238095238,0.0,-0.11933208210323487,0.4500885084275561,0.38311364613543536,1951.0,0.5403982100452397,True
02399800,,031501050904,15.4,8,1961,1969,1,0.0,0.0,-0.42857142857142855,0.17886904761904762,-0.0179899081499653,1963.0,0.19193417208999694,False
02400000,,031501050906,116.0,20,1945,1979,15,0.05,0.0,0.0,1.0,-0.07231458900757008,1960.0,0.7129946294897666,False
02400033,,031501050905,4.62,10,1971,1980,0,0.0,0.0,0.15555555555555553,0.6006536596119929,0.031191798440203363,1973.0,0.5861816545675114,False
02400100,,031501050909,252.0,63,1950,2024,12,0.031746031746031744,0.0,-0.2633872159043748,0.0022980255932602326,0.29218303380743094,1982.0,0.0013134372376388387,True
02400496,,031501060204,5800.0,1,2023,2023,0,0.0,0.0,,,,,,False
02400500,,031501060204,5805.0,72,1886,1996,39,0.013888888888888888,0.0,-0.20489735227173492,0.011000510430317745,0.378206984747099,1951.0,0.05342679524520123,True
02400680,,031501060101,55.4,23,2003,2025,0,0.0,0.0,-0.03168323043478383,0.8326084143320079,0.10456796868306716,2004.0,1.0,False
02400690,,031501060102,6.76,4,1971,1974,0,0.0,0.0,,,,,,False
02401000,,031501060104,182.0,73,1944,2025,9,0.0273972602739726,0.0,-0.12378600165159286,0.1216590881604001,0.2655250509327731,1966.0,0.39698806515884494,False
02401330,,031501060309,,1,2023,2023,0,0.0,0.0,,,,,,False
02401370,,031501060302,45.0,17,1979,1995,0,0.058823529411764705,0.0,-0.21402359733885637,0.23185230020368097,0.30507588239812516,1984.0,0.2370476480923843,True
02401390,,031501060305,141.0,60,1966,2025,0,0.0,0.0,-0.03846156307045782,0.6644813268069618,0.17149584567674428,2005.0,0.5656210423421628,False
02401450,,031501060305,9.88,2,1977,1978,0,0.0,0.0,,,,,,False
02401460,,031501060305,14.3,5,1981,1985,0,0.0,0.0,0.0,1.0,-0.057308090875242364,,,False
02401470,,031501060304,22.3,15,1970,1995,11,0.2,0.0,-0.3750173366311551,0.0530217875145871,0.2085913027349978,1984.0,0.259624353710876,False
02401500,,031501060306,253.0,28,1938,1965,0,0.0,0.0,-0.1329806046506519,0.32279679505721826,0.08083457752628509,1954.0,0.7734548312707543,False
02401620,,031501060409,6596.0,14,1966,1979,0,0.0,0.0,0.19889806323953876,0.32369755479615125,-0.47705250533267,1975.0,0.7448235595424172,True
02401700,,031501060404,39.7,5,1957,1961,0,0.2,0.0,0.19999999999999998,0.8166666666666667,0.0508603874006296,,,False
02401800,,031501060403,92.2,5,1957,1961,0,0.0,0.0,0.0,1.0,-0.1724670153819249,,,False
02401895,,031501060406,216.4,11,2015,2025,0,0.6363636363636364,0.0,0.0909090909090909,0.7611503928170594,-0.19125847144484381,2018.0,0.8897896657432863,False
02402500,,031501060605,7069.0,20,1897,1916,0,0.0,0.0,-0.021164317410844256,0.8966344990211957,-0.14294646731760927,1903.0,1.0,False
02403200,,031501060504,121.0,4,1957,1961,1,0.25,0.0,,,,,,False
02403310,,031501060507,191.0,17,2003,2023,4,0.0,0.0,0.07407610636824496,0.6798798933829836,0.3269201653480981,2009.0,0.48686377011285137,True
02403395,,031501060507,222.0,4,2000,2003,0,0.0,0.0,,,,,,False
02404000,,031501060512,277.0,43,1904,1979,33,0.023255813953488372,0.0,0.17728534576704585,0.0940207917772439,-0.04717281127268333,1960.0,0.33232850586020096,False
02404245,,031501060511,71.8,27,1951,1979,2,0.07407407407407407,0.0,-0.09971509971509973,0.48213101687785026,0.08607216876215813,1957.0,0.7440233059922534,False
02404400,,031501060514,481.0,61,1961,2024,3,0.0,0.0,-0.07168269361230249,0.41491161881460226,0.08511063791198299,1980.0,0.2718817131467504,False
02404500,,031501060514,496.0,26,1939,1977,13,0.038461538461538464,0.0,0.18490006540840973,0.1858971020876231,0.01091711623627172,1960.0,0.4374007673418774,False
02405000,,031501060803,7663.0,17,1942,1958,0,0.0,0.0,-0.3235294117647059,0.07616914862439772,-0.012225794092104815,1951.0,0.14025511483860778,False
02405200,,031501060810,7743.0,15,1965,1979,0,0.0,0.0,0.06666666666666668,0.770495669755301,0.007953125338634294,1975.0,0.7657857719502241,False
02405500,,031501060808,193.0,57,1952,2024,16,0.07017543859649122,0.0,-0.10025062656641606,0.2707157198918305,0.14148108971592083,1990.0,0.9215373902432301,False
02405800,,031501060701,69.6,12,1958,1970,1,0.16666666666666666,0.0,0.4545454545454545,0.04473689858238469,0.14796370463210956,1966.0,0.3670101994294372,True
02406000,,031501060702,101.0,10,1953,1962,0,0.0,0.0,0.022222222222222223,1.0,0.1685855792590581,1954.0,0.9118248435222587,False
02406500,,031501060703,150.0,71,1939,2025,16,0.014084507042253521,0.0,-0.03584374904201729,0.658644917445774,0.010555062446807213,1958.0,1.0,False
02406930,,031501070104,16.5,14,2011,2024,0,0.0,0.0,0.0333353911370414,0.8691572065912958,0.012775483027242436,2020.0,1.0,False
02407000,,031501070301,8392.0,95,1916,2025,15,0.12631578947368421,0.0,-0.18342877500254348,0.008535907323876027,0.22492498035900962,1957.0,0.007057040198349265,True
02407500,,031501070204,96.5,21,1951,1979,8,0.09523809523809523,0.0,-0.04761904761904762,0.7884201661285044,0.13033738824618568,1953.0,0.978478012598964,False
02407514,,031501070205,142.0,18,2006,2024,1,0.1111111111111111,0.0,0.05882352941176472,0.7652367457549346,0.1454243649674233,2009.0,0.48955413687877974,False
02407680,,031501070403,32.9,10,1972,1982,1,0.0,0.0,0.1111111111111111,0.7274895282186948,0.27019608073068585,1975.0,0.9118248435222587,False
02407900,,031501070502,12.7,13,1960,1972,0,0.0,0.0,0.15384615384615383,0.5097745711721406,-0.14608458737878147,1961.0,1.0,False
02407950,,031501070503,9053.0,17,1963,1979,0,0.0,0.0,0.24999999999999997,0.17665741934030035,-0.1484543313600305,1969.0,0.2614649874712711,False
02408150,,031501070802,35.7,10,2015,2024,0,0.2,0.0,0.1111111111111111,0.7274895282186948,-0.48722094104681085,2015.0,1.0,True
02408340,,031501070702,8.09,7,1967,1979,6,0.2857142857142857,0.0,0.6190476190476191,0.06904761904761905,0.22952223982841718,,,False
02408500,,031501070708,233.0,34,1945,1979,1,0.029411764705882353,0.0,0.06434339477574912,0.5934411851795389,0.0012260244941905566,1970.0,0.7200357602084276,False
02408540,,031501070708,263.0,45,1979,2024,1,0.022222222222222223,0.0,-0.051593382617950496,0.6177893476762768,0.09564236446385835,1984.0,0.6733973906594128,False
02409000,,031501070602,73.4,21,1951,1979,8,0.047619047619047616,0.0,-0.01904761904761905,0.9287407412617347,-0.16188465245600203,1957.0,1.0,False
02409400,,031501070803,9778.0,39,1938,1979,3,0.0,0.0,0.06359969164272423,0.5695465258766933,0.15379316034157103,1969.0,0.48337082676097076,False
02409540,,031501070906,1.01,8,1972,1981,2,0.0,0.0,0.14285714285714285,0.7195436507936508,-0.5653638294938728,1973.0,1.0,True
02410000,,031501070905,4.91,37,1952,1988,0,0.0,0.0,0.019563631484295647,0.864955795423451,-0.12632248926729014,1959.0,1.0,False
02411000,,031501070907,10102.0,89,1913,2013,12,0.5393258426966292,0.0,-0.17935302305221168,0.012973781774903083,0.18361534190939846,1984.0,0.009033161885225332,True
02411602,,031501070907,0.75,10,2012,2021,0,1.0,0.0,0.4222222222222222,0.10831349206349207,-0.06812814977012495,2015.0,0.22567237463411383,False
02412000,,031501080405,448.0,72,1953,2024,0,0.0,0.0,-0.1396986917758704,0.08265480939855391,0.09125964798770565,1984.0,0.03451790964080657,True
02412065,,031501080403,52.8,11,1972,1982,0,0.0,0.0,-0.23636363636363636,0.3587114698573032,-0.1948998269517558,1977.0,0.38299039002932606,False
02412320,,031501081003,1.79,9,1974,1982,0,0.0,0.0,0.0,1.0,-0.40970422980418836,1974.0,1.0,True
02412500,,031501081006,792.0,32,1939,1970,0,0.0,0.0,0.09677419354838711,0.44906494048081386,0.03484259630279604,1960.0,0.9228483866646878,False
02413300,,031501080905,406.0,49,1976,2024,0,0.02040816326530612,0.0,-0.10490451855854994,0.28889814548282833,0.1827718205273193,1998.0,0.31686320148357433,False
02413400,,031501080902,6.87,14,1960,1979,6,0.07142857142857142,0.0,-0.07692307692307693,0.7471887597172815,-0.332804507372193,1966.0,0.9573487696579551,True
02413475,,031501080904,46.6,26,1951,1979,3,0.038461538461538464,0.0,0.17028190212758335,0.22487686552791386,-0.021024879748386974,1970.0,0.3305543081930953,False
02413500,,031501080906,591.0,33,1938,1979,9,0.030303030303030304,0.0,0.07969653816599978,0.5150970825245575,0.15017928073559136,1960.0,0.8234690960625637,False
02414000,,031501090105,1455.0,6,1923,1929,1,0.0,0.0,0.4666666666666666,0.2722222222222222,-0.16575043934134817,,,False
02414300,,031501090106,1620.0,2,2022,2023,0,0.0,0.0,,,,,,False
02414500,,031501090107,1675.0,99,1924,2024,2,0.0,0.0,-0.13287945478249824,0.05153721983892785,0.07159257127823304,1984.0,0.006530293529999048,True
02414525,,031501090301,21.3,3,1999,2001,0,0.0,0.0,,,,,,False
02414715,,031501090309,2058.0,40,1986,2025,0,0.05,0.0,0.03720334312495077,0.7354363337329133,-0.10664233735253634,2018.0,0.9691513117965113,False
02414765,,031501090402,26.2,10,1972,1981,0,0.0,0.0,-0.06666666666666667,0.8618005952380953,-0.2568089068875941,1979.0,1.0,False
02414800,,031501090403,7.97,21,1951,1979,8,0.047619047619047616,0.0,-0.2380952380952381,0.14032300106204762,0.06925372997166104,1958.0,0.4261662314802118,False
02415000,,031501090405,190.0,62,1953,2025,11,0.04838709677419355,0.0,0.02913139270867464,0.7382954370071286,-0.042036459803514184,2016.0,0.9364950362928393,False
02416000,,031501090802,2480.0,26,1901,1926,0,0.8846153846153846,0.0,0.015384615384615385,0.9304701683802264,-0.10929128817668224,1915.0,1.0,False
02416360,,031501090501,,2,2022,2023,0,0.5,0.0,,,,,,False
02416481,,031501090504,0.5,10,1990,2003,4,0.1,0.0,-0.13483997249264842,0.590013887163346,-0.20655438492677428,1997.0,1.0,False
02417400,,031501090703,1.27,8,1966,1973,0,0.0,0.0,-0.2857142857142857,0.39875992063492066,-0.3373809322530706,1969.0,0.44626032029685964,True
02418000,,031501100406,2984.0,7,1913,1927,8,0.0,0.0,-0.04761904761904762,1.0,-0.3656958629226819,,,True
02418230,,031501100102,71.3,25,2000,2024,0,0.04,0.0,0.06343915351294688,0.657139851506529,-0.23163876882599607,2013.0,1.0,False
02418500,,031501100406,3328.0,84,1929,2013,1,0.5714285714285714,0.0,-0.10142233608540013,0.17263413747372502,0.068654626114296,1984.0,0.26855596347024746,False
02418760,,031501100202,45.8,22,2003,2024,0,0.0,0.0,0.11688311688311688,0.4680001686472355,-0.22059319473296765,2012.0,0.7044548199854225,False
02418764,,031501100202,1.8,11,2011,2021,0,1.0,0.0,0.11009637651263605,0.6394118528033749,-0.2893050545669154,2013.0,0.994813569338451,False
02418770,,031501100202,2.0,10,2011,2021,1,1.0,0.0,0.1111111111111111,0.7274895282186948,-0.12746445315876304,2015.0,0.4134509240660289,False
02419000,,031501100302,333.0,85,1940,2025,1,0.0,0.0,-0.012331840502373093,0.8673649534497827,0.002945267231899295,1949.0,0.9686846045097715,False
02419500,,031501100406,3771.0,6,1898,2015,112,0.8333333333333334,0.0,0.06666666666666665,1.0,-0.5878282109516466,,,True
02419625,,031501100504,124.0,18,1952,1970,1,0.0,0.0,-0.15737789507292677,0.3629714323398304,-0.2538460759961844,1954.0,0.9827710108797152,False
02419670,,031501100604,122.0,1,2016,2016,0,0.0,0.0,,,,,,False
02419790,,031501100802,103.0,1,2016,2016,0,0.0,0.0,,,,,,False
02419835,,031501100902,48.4,9,1971,1980,1,0.0,0.0,-0.2222222222222222,0.47670855379188715,-0.3135044676685847,1975.0,0.9535212573379397,True
02419845,,031501100904,7.1,11,2009,2021,2,1.0,0.0,0.18698939800169143,0.4311087151029369,-0.3775830653053915,2015.0,1.0,True
02419875,,031501100905,2.7,11,2009,2021,2,1.0,0.0,-0.05454545454545454,0.8792698312489979,0.15564898388488915,2015.0,1.0,False
02419890,,031501100905,4646.0,30,1996,2025,0,0.6666666666666666,0.0,0.1334868547812314,0.30069481982194035,-0.2042913819145545,2013.0,0.5225663293506706,False
02419974,,031502010104,2.3,11,2009,2021,2,1.0,0.0,-0.11009637651263605,0.6394118528033749,-0.27754817596998677,2017.0,1.0,False
02419975,,031502010104,7.26,3,1975,1978,1,0.0,0.0,,,,,,False
02419976,,031502010104,8.1,11,2009,2021,2,1.0,0.0,-0.0909090909090909,0.7611503928170594,-0.32808172448630063,2017.0,1.0,True
02419977,,031502010104,8.79,2,1999,2000,0,0.0,0.0,,,,,,False
02420000,,031502010107,15087.0,97,1886,2023,41,0.18556701030927836,0.0,-0.06800098830419245,0.3246465018186442,0.20706761574075097,1984.0,0.4809245225268154,False
02420495,,031502010203,1.2,9,2013,2021,0,1.0,0.0,-0.2777777777777778,0.35848765432098767,-0.0391940838303454,2017.0,0.46827260127133097,False
02420980,,031502010309,4.6,11,2009,2021,2,1.0,0.0,0.018181818181818184,1.0,-0.17907582523341198,2015.0,0.8897896657432863,False
02420987,,031502010309,1.32,3,1975,1978,1,0.0,0.0,,,,,,False
02421000,,031502010309,290.0,74,1949,2025,3,0.013513513513513514,0.0,-0.10489257781712755,0.1865739912431058,-0.17624495218965477,1979.0,0.29797703248336305,False
02421105,,031502010401,0.45,13,1991,2003,0,0.07692307692307693,0.0,0.0,1.0,-0.06680181178092837,1993.0,0.8794199663286293,False
02421115,,031502010404,59.3,3,1999,2001,0,0.0,0.0,,,,,,False
02421256,,031502010601,89.4,11,1971,1981,0,0.0,0.0,0.05454545454545454,0.8792698312489979,-0.5609116828910231,1978.0,1.0,True
02421300,,031502010705,10.7,13,1961,1990,17,0.15384615384615385,0.0,-0.07692307692307691,0.7650248459102625,-0.2650632810160201,1964.0,0.8794199663286293,False
02421480,,031502010803,,2,2023,2024,0,0.5,0.0,,,,,,False
02421500,,031502010803,123.0,9,1939,1949,2,0.0,0.0,0.4444444444444444,0.11943893298059964,-0.10234743255816374,1941.0,0.6883075737308247,False
02422000,,031502010807,244.0,35,1938,1990,18,0.08571428571428572,0.0,-0.0372576441099907,0.7544648506594904,0.1444036031382827,1949.0,0.44626032029685964,False
02422500,,031502011006,203.0,86,1939,2025,1,0.023255813953488372,0.0,-0.03066393599874154,0.6761245656454379,0.03343180362741253,1951.0,0.8163133766387254,False
02423000,,031502011207,17095.0,99,1886,1990,6,0.6565656565656566,0.0,0.09629121101076626,0.1588522999224059,0.1283834861166363,1969.0,0.46268464523964214,False
02423110,,031502020101,12.5,12,2014,2025,0,1.0,0.0,-0.2727272727272727,0.24957952123750735,0.28216349359265885,2022.0,0.3670101994294372,False
02423130,,031502020101,19.7,33,1989,2021,0,1.0,0.0,0.3127963490471549,0.01056141155514531,0.24842900270841753,1997.0,0.05747768047686402,True
02423160,,031502020101,50.8,13,2012,2024,0,1.0,0.0,-0.17948717948717946,0.4353804483839206,-0.07115329642052338,2021.0,1.0,False
02423190,,031502020102,39.3,2,1999,2000,0,0.0,0.0,,,,,,False
02423380,,031502020104,140.0,43,1979,2025,4,0.023255813953488372,0.0,0.14285714285714285,0.17700339443308466,0.4787263117971151,1995.0,0.028585683041681655,True
02423397,,031502020103,17.0,28,1996,2024,1,1.0,0.0,-0.20689727957574983,0.12316830666468202,-0.022034064359355565,2005.0,0.16698098442074444,False
02423398,,031502020103,19.4,21,1981,2008,7,1.0,0.0,0.11483385035264293,0.4682141065059291,0.7072114450650225,2005.0,0.3756545346305703,True
02423400,,031502020103,24.4,31,1987,2024,7,1.0,0.0,0.09267262901479041,0.46474424807994785,0.26515716477119927,1995.0,0.15842202258152824,False
0242340550,,031502020103,3.19,4,1987,1991,1,0.0,0.0,,,,,,False
02423410,,031502020103,42.7,15,1985,1999,0,0.0,0.0,0.40952380952380957,0.03589723736788882,0.07492967964606602,1995.0,0.3629393690397159,True
02423414,,031502020103,47.0,21,2004,2025,1,1.0,0.0,0.10023894896671728,0.525803706569365,0.06158126358724448,2008.0,0.8188416416244048,False
02423425,,031502020204,201.0,38,1976,2025,12,1.0,0.0,-0.17651250022480028,0.11898705463995142,0.24802191072417462,2005.0,0.1352902957961405,False
02423496,,031502020204,226.0,36,1989,2024,0,0.08333333333333333,0.0,-0.0015885628521706784,0.9891314267088372,0.23903508530272505,1995.0,0.6776935891189887,False
02423500,,031502020204,230.0,62,1939,2024,24,0.03225806451612903,0.0,0.013760258371420312,0.874508122945118,0.28058361224582024,1995.0,0.9364950362928393,False
0242354650,,031502020202,14.3,3,2019,2024,3,0.0,0.0,,,,,,False
0242354750,,031502020202,25.6,27,1999,2025,0,1.0,0.0,0.08831908831908834,0.5352853283502016,0.33223536241468726,2009.0,0.39991861828582637,True
02423555,,031502020206,335.0,44,1961,2025,21,0.11363636363636363,0.0,-0.01163405768173752,0.9114081307916501,0.1932323522484682,2005.0,0.7055377731205748,False
02423571,,031502020301,9.46,8,2018,2025,0,0.5,0.0,0.181848241863327,0.5330356744917513,0.20585390326860398,2019.0,0.8601892812801245,False
02423586,,031502020301,27.1,15,2001,2025,10,1.0,0.0,-0.057416925176321465,0.7662472195322296,0.32358220809012495,2004.0,0.7657857719502241,True
02423630,,031502020303,72.3,42,1965,2023,17,0.14285714285714285,0.0,0.06627911457486275,0.5367047068137647,0.4219056605563265,1974.0,0.4434101753980555,True
02423647,,031502020407,593.0,16,1976,2025,34,0.0,0.0,-0.12552411131335847,0.4990258775247638,-0.14268200662990066,2022.0,1.0,False
02423800,,031502020405,147.0,16,1958,2025,52,0.0,0.0,0.21666666666666667,0.26504598877832025,0.17555885227834292,1960.0,0.3694530922491604,False
02424000,,031502020503,1027.0,114,1902,2025,10,0.0,0.0,-0.19530770343795886,0.002081610991226434,0.0886476524286186,1951.0,0.003412013396436906,True
02424010,,031502020802,0.59,16,1970,1996,11,0.0,0.0,0.15,0.45028488627204627,0.4067286835601967,1978.0,0.40632464550306346,True
02424500,,031502020603,1370.0,32,1938,1969,0,0.03125,0.0,-0.24113784594091267,0.05345864830096316,0.04785615428480308,1949.0,0.19108407970966035,False
02424590,,031502020703,1480.0,26,1951,2011,35,0.07692307692307693,0.0,-0.11710337475865949,0.40215288967641816,0.3246988056872863,1991.0,0.7668740509315027,True
02424940,,031502020805,220.0,12,1976,1987,0,0.16666666666666666,0.0,-0.3333333333333333,0.15259045898802842,0.14995916929169506,1983.0,0.3156861782697033,False
02425000,,031502020902,1766.0,73,1939,2025,14,0.0410958904109589,0.0,-0.20892146230407177,0.009052203928053603,0.00864374512843537,1984.0,0.032679530358163233,True
02425200,,031502030301,35.8,12,1973,1985,1,0.0,0.0,-0.2424242424242424,0.3108100139957779,-0.021264874038429284,1983.0,0.5549351041725344,False
02425500,,031502030207,211.0,30,1953,1982,0,0.0,0.0,0.09513170724773494,0.4638199714730866,-0.08711920110244724,1970.0,0.6764215240751639,False
02425655,,031502030208,44.4,22,1951,1990,18,0.045454545454545456,0.0,0.06493506493506493,0.6964081768655271,-0.3563668919343767,1954.0,0.9183748655401969,True
02426000,,031502030107,95.4,31,1943,1979,6,0.06451612903225806,0.0,-0.04956908063581812,0.6957746420698736,-0.08268652807922704,1947.0,0.687102956768797,False
02426500,,031502030107,200.0,6,1939,1944,0,0.0,0.0,0.2,0.7194444444444444,-0.20151849834268312,,,False
02427000,,031502030109,293.0,7,1943,1949,0,0.0,0.0,-0.7807200583588265,0.015074907310598044,0.5281354025241498,,,True
02427013,,031502030108,2.69,4,1973,1976,0,0.0,0.0,,,,,,False
02427020,,031502030110,329.0,3,2023,2025,0,0.0,0.0,,,,,,False
02427250,,031502030407,261.0,36,1990,2025,0,0.0,0.0,0.012698412698412698,0.9132285432239224,-0.4026831234610707,2018.0,1.0,True
02427300,,031502030407,10.3,15,1960,1974,0,0.0,0.0,0.12380952380952381,0.5589660721223221,0.07175275919540641,1969.0,1.0,False
02427500,,031502030701,20637.0,26,1932,1990,33,0.15384615384615385,0.0,0.12326671027227315,0.3778437171187956,0.1153225157841699,1954.0,0.4181389117783302,False
02427700,,031502030603,97.5,39,1958,1996,0,0.05128205128205128,0.0,-0.15789473684210525,0.1569705653046883,0.015612443310084604,1983.0,0.1705399398628593,False
02427830,,031502030802,21.7,9,2009,2017,0,1.0,0.0,0.28867513459481287,0.31731050786291415,0.4867388456839005,2014.0,0.18143590657882502,True
02427875,,031502030802,64.3,19,1951,1970,1,0.0,0.0,-0.11176663957796598,0.5057045467734664,-0.187431111002533,1961.0,0.7652768314913712,False
02428300,,031502040101,13.2,16,1959,1974,0,0.0,0.0,0.15899720766358738,0.3918340019937081,0.3880269251049096,1969.0,0.3029277630488401,True
02428400,,031502040105,21473.0,42,1976,2017,0,0.7380952380952381,0.0,-0.1338769635676891,0.21254690550771915,0.034529061279576695,1983.0,0.547249591961887,False
02428500,,031502040205,247.0,27,1944,1970,0,0.0,0.0,-0.2738947152069843,0.045312876841338515,0.1545430948955165,1949.0,0.20532506484780383,True
02429000,,031502040304,121.0,24,1952,2024,49,0.08333333333333333,0.0,-0.1956521739130435,0.1907535857010569,0.23590189185227162,1966.0,0.11335061389640723,False
02429500,,031502040405,21967.0,44,1929,1981,9,0.022727272727272728,0.0,0.026525381835964642,0.8003023907954109,0.10497285426606072,1969.0,0.7055377731205748,False
02429540,,031502040604,22360.0,1,2023,2023,0,0.0,0.0,,,,,,False
02429595,,031502040503,95.2,11,1969,1979,0,0.0,0.0,0.0909090909090909,0.7611503928170594,0.03957024498830226,1973.0,1.0,False
02429650,,031502040704,44.4,10,1971,1981,1,0.0,0.0,0.28888888888888886,0.2912483465608466,0.24712054161222366,1977.0,0.4134509240660289,False
02432500,,031601010505,136.0,24,1941,1975,11,1.0,0.0,0.0471870105616408,0.7470311555982709,0.15070168010975046,1943.0,0.5165398603504154,False
02437800,,031601030103,13.1,15,1959,1973,0,0.06666666666666667,0.0,0.2761904761904762,0.16857787367749338,0.03388429012091981,1961.0,0.5414419144797877,False
02437810,,031601030107,112.0,1,1981,1981,0,0.0,0.0,,,,,,False
02437900,,031601030301,14.3,12,1960,1972,1,0.0,0.0,0.0303030303030303,0.9465592891547753,0.098312216602183,1966.0,0.9723818852768815,False
02438000,,031601030303,277.0,70,1951,2025,5,0.0,0.0,-0.11542495843736034,0.15865053930693584,0.10082327598406214,2005.0,0.10405812107450166,False
02438500,,031601030303,306.0,9,1942,1950,0,0.0,0.0,0.6666666666666666,0.012665343915343916,0.5340128644606645,1943.0,0.46827260127133097,True
02439000,,031601030202,472.0,36,1939,1985,11,0.1111111111111111,0.0,0.26751728020385473,0.022070070411762035,0.5438750994642727,1943.0,0.09896550236129721,True
02442000,,031601050201,130.0,32,1940,1979,8,0.03125,0.0,0.05876468514526443,0.6379064572609396,0.081271841192595,1967.0,0.6790174166855433,False
02442500,,031601050203,247.0,38,1955,2012,20,0.05263157894736842,0.0,0.08392603129445235,0.4582434363235117,0.06647939714879358,1959.0,0.32135327727948293,False
02443000,,031601050205,309.0,84,1940,2023,0,0.08333333333333333,0.0,-0.01436370341251575,0.8468260399133158,0.2648185208022334,2005.0,0.5391199423949335,False
02443230,,031601050403,35.8,12,1972,1983,0,0.0,0.0,0.0606060606060606,0.8405883696421891,-0.23921232765658923,1978.0,1.0,False
02443730,,031601060305,0.24,11,1991,2003,2,0.0,0.0,-0.05454545454545454,0.8792698312489979,-0.2346559582035394,1994.0,1.0,False
02444000,,031601060203,126.0,26,1955,1980,0,0.038461538461538464,0.0,0.4006168083848877,0.004155657095036217,0.39312939808180924,1969.0,0.03006419923466463,True
02444160,,031601060502,5750.0,44,1981,2024,0,0.6590909090909091,0.0,0.049709155549242136,0.6345057108234032,0.1084832133206608,1990.0,0.6023884238244043,False
02444161,,031601060502,5750.0,6,2011,2016,0,0.0,0.0,0.2,0.7194444444444444,-0.6107383058310161,,,True
02444490,,031601060504,52.6,6,1999,2004,0,0.0,0.0,0.3333333333333333,0.46944444444444444,0.6074421393920406,,,True
02444500,,031601060507,5940.0,41,1939,1979,0,0.1951219512195122,0.0,0.18048780487804877,0.09644725863113422,0.15955887341069647,1943.0,0.22708552231514456,False
02445000,,031601060404,112.0,15,1955,1979,10,0.13333333333333333,0.0,0.259627386898492,0.18042820292921435,0.47863145590047046,1959.0,0.13896690244560309,True
02445245,,031601070102,59.3,21,1951,1973,2,0.0,0.0,0.21479774778582278,0.1739940736802702,-0.24321299743884678,1959.0,0.3294955807671636,False
02445290,,031601070106,138.0,1,1981,1981,0,0.0,0.0,,,,,,False
02445500,,031601070204,282.0,22,1939,1979,19,0.045454545454545456,0.0,-0.03056885144960587,0.843279671692675,0.24074223401106903,1951.0,0.6080644187280364,False
02446000,,031601070206,413.0,13,1939,1951,0,0.0,0.0,0.5032362797401964,0.017135513387570647,0.436620360432016,1943.0,0.12637825922916793,True
02446500,,031601070302,528.0,82,1930,2025,14,0.0,0.0,-0.04006024278107507,0.5943097313311807,0.14014991510877178,2005.0,0.7260649061985525,False
02447000,,031601070306,769.0,21,1939,1961,2,0.047619047619047616,0.0,0.05714285714285715,0.7428741042713249,0.03273814263083998,1942.0,0.6718219624783248,False
02447025,,031601060609,7230.0,40,1978,2017,0,0.75,0.0,0.027044704866195743,0.8066119574393412,0.0028795889173946214,1988.0,1.0,False
02448500,,031601081101,1097.0,82,1940,2025,4,0.012195121951219513,0.0,-0.08529237964944231,0.2570792797249931,0.11365227771822298,1980.0,0.3997137148959391,False
02448900,,031601081005,158.0,34,1991,2025,1,0.0,0.0,-0.05882352941176471,0.6246954163900664,0.08879261066434202,2021.0,1.0,False
02449000,,031601060609,8632.0,51,1939,1990,1,0.0,0.0,0.21515523366040581,0.026033873802634496,0.17659961655721781,1967.0,0.08463990000253713,True
02449245,,031601060607,43.2,25,1971,1997,2,0.0,0.0,-0.11999999999999998,0.4176309114337012,-0.018768666720092586,1981.0,0.529361567229511,False
02449400,,031601060703,11.8,16,1959,1974,0,0.0,0.0,0.0,1.0,0.1865590186841996,1960.0,1.0,False
02449500,,031601060705,8930.0,18,1901,1979,61,0.7222222222222222,0.0,0.35947712418300654,0.03946459230702182,0.38102095627268845,1942.0,0.14336945167358056,True
02449775,,031601090109,110.0,1,1981,1981,0,0.0,0.0,,,,,,False
02449838,,031601090102,37.1,3,2023,2025,0,0.0,0.0,,,,,,False
02449882,,031601090107,13.0,33,1993,2025,0,0.0,0.0,0.0513802198770257,0.6754836360254082,0.027901211607851115,2015.0,0.7651853911327331,False
02450000,,031601090203,358.0,90,1929,2025,7,0.0,0.0,-0.0007507526549022171,0.9916565857016427,-0.038899407566782986,1935.0,1.0,False
02450180,,031601090205,487.0,46,1977,2025,3,0.043478260869565216,0.0,0.04067808534418612,0.6908045841601838,-0.02658619509695972,2008.0,0.7102157742499022,False
02450200,,031601090204,13.0,16,1959,1974,0,0.0,0.0,-0.049999999999999996,0.8248012387069669,-0.09978111761277673,1966.0,0.6785920293813873,False
02450215,,031601090204,26.0,1,1981,1981,0,0.0,0.0,,,,,,False
02450250,,031601100103,92.1,59,1967,2025,0,0.01694915254237288,0.0,-0.12697492603606453,0.15584359817643326,0.0636013113967889,2004.0,0.1559907102068455,False
02450500,,031601100305,360.0,10,1945,1954,0,0.0,0.0,0.022222222222222223,1.0,-0.3330176962717438,1951.0,1.0,True
02450825,,031601100304,101.0,35,1981,2025,10,0.08571428571428572,0.0,-0.18502950194187348,0.11821378173149,0.25848239232379905,2003.0,0.11003146882651516,False
02451000,,031601100305,149.0,20,1940,1960,1,0.0,0.0,0.052910793527110644,0.7453438726627502,0.18262347397466286,1942.0,0.5338891183328259,False
02451500,,031601100306,524.0,16,1936,1951,0,0.4375,0.0,0.3666666666666667,0.05167689542426284,0.42332687917336465,1945.0,0.13862671436001497,True
02451550,,031601100405,1.42,8,1966,1973,0,0.0,0.0,0.2857142857142857,0.39875992063492066,0.07677235202353884,1968.0,0.567071723882776,False
02451750,,031601100501,1.64,9,1964,1972,0,0.0,0.0,-0.1111111111111111,0.761414241622575,-0.47043489353172574,1964.0,1.0,True
02452000,,031601100507,969.0,8,1953,1960,0,0.0,0.0,-0.14285714285714285,0.7195436507936508,-0.031622237445854115,1958.0,0.44626032029685964,False
02452500,,031601100507,992.0,9,1929,1937,0,0.0,0.0,0.0,1.0,0.04852794182201616,1930.0,0.9535212573379397,False
02452505,,031601100507,1100.0,1,2023,2023,0,0.0,0.0,,,,,,False
02453000,,031601090309,181.0,73,1939,2025,14,0.0136986301369863,0.0,0.07539986954518338,0.34568834578775565,0.14198899005562857,1960.0,0.5862323317121994,False
02453390,,031601090601,11.8,3,1995,1997,0,0.0,0.0,,,,,,False
02453400,,031601090601,2.47,12,1958,1969,0,1.0,0.0,-0.0909090909090909,0.7373055246579552,-0.1818009894757087,1966.0,0.48659926559031796,False
02453500,,031601090603,1916.0,25,1901,2023,98,0.6,0.0,-0.2953086642941707,0.03960376904585122,-0.17040332123549795,1909.0,0.177395088348697,True
02453835,,031601090402,2.68,2,1981,1982,0,0.0,0.0,,,,,,False
02453900,,031601090403,4.7,7,1968,1974,0,0.0,0.0,0.33333333333333337,0.3813492063492063,-0.32077452088348285,,,True
02453950,,031601090403,115.0,19,1951,1970,1,0.0,0.0,-0.13450292397660818,0.44673486746702856,-0.3200457942167578,1964.0,0.9466978876629354,True
02454000,,031601090405,134.0,26,1951,2025,49,0.038461538461538464,0.0,0.015432172268942525,0.9122021204160496,-0.026522919065230206,1959.0,0.9377712129663432,False
02454055,,031601090405,143.0,29,1993,2021,0,0.0,0.0,-0.17733990147783246,0.18459403185660211,-0.13976530596056155,2004.0,0.1382198294322041,False
02454200,,031601090503,85.0,14,1958,1979,8,0.21428571428571427,0.0,0.16483516483516486,0.4505630133066889,-0.1482121754299697,1969.0,0.6173229183426393,False
02454500,,031601110107,147.0,17,1953,1969,0,0.0,0.0,0.11070186069251191,0.5363022663099168,0.5552768935703556,1960.0,0.11187655946257266,True
02454995,,031601110202,13.0,3,1998,2000,0,0.0,0.0,,,,,,False
02455000,,031601110208,303.0,84,1941,2024,0,0.011904761904761904,0.0,0.0022988539915611873,0.9753432137435183,0.24515676441114528,1951.0,0.5954859826325901,False
02455185,,031601110204,36.1,18,1999,2025,9,0.0,0.0,-0.019607843137254905,0.9405163052956534,-0.375500280692871,2024.0,1.0,True
02455280,,031601110207,186.0,5,1993,1997,0,0.0,0.0,0.39999999999999997,0.48333333333333334,0.24252262367863142,,,False
02455500,,031601110305,624.0,55,1931,1997,12,0.23636363636363636,0.0,-0.1295111453626165,0.1633129622952253,0.3396612338706858,1951.0,0.027426359724846805,True
02455900,,031601110308,707.0,10,2002,2011,0,0.0,0.0,-0.022222222222222223,1.0,0.18079269353904254,2005.0,0.9118248435222587,False
02455973,,031601110306,3.4,1,2000,2000,0,0.0,0.0,,,,,,False
02455974,,031601110306,2.1,1,2000,2000,0,0.0,0.0,,,,,,False
02455980,,031601110306,27.4,36,1989,2024,0,1.0,0.0,0.10793650793650794,0.35433124467062005,0.137240774191685,1995.0,0.2186700824695501,False
02456000,,031601110307,80.9,52,1944,2025,30,0.0,0.0,-0.04981133494093044,0.6024758177473468,0.196244767622334,2005.0,0.5879714480506919,False
02456330,,031601110401,16.2,13,1976,1988,0,0.0,0.0,-0.4871794871794871,0.021581605765633543,0.45434642230343847,1983.0,0.07476447696490775,True
02456500,,031601110404,885.0,84,1942,2025,0,0.011904761904761904,0.0,-0.06831229598589808,0.3578643264637974,0.1950503157994347,1954.0,0.5274844289291346,False
02456980,,031601110406,18.6,7,1997,2006,3,1.0,0.0,-0.04761904761904762,1.0,-0.4511873817990944,,,True
02456998,,031601110406,3.11,7,1997,2006,3,1.0,0.0,0.4285714285714286,0.2388888888888889,-0.12862048478062088,,,False
02457000,,031601110406,23.9,46,1954,2017,18,1.0,0.0,0.356071976387707,0.0004925998351997406,0.39334632398244435,1974.0,0.001653784532374768,True
02457595,,031601110406,51.9,37,1989,2025,0,0.02702702702702703,0.0,0.021052655382064876,0.8546915716041081,0.25977374136060627,1995.0,0.6756719885421183,False
02457670,,031601110407,91.7,10,1997,2006,0,0.0,0.0,0.28888888888888886,0.2912483465608466,-0.2081524813089686,2000.0,0.6866409702513011,False
02457700,,031601110407,96.2,11,1965,1975,0,0.0,0.0,0.07339758434175737,0.7547764265871044,-0.08248435660651003,1968.0,1.0,False
02457704,,031601110407,96.9,5,2020,2024,0,0.0,0.0,-0.6,0.23333333333333334,0.7000324699147539,,,True
02458148,,031601110408,4.1,20,1999,2025,7,1.0,0.0,-0.1915001983712573,0.24164958719995389,0.09755384652878275,2004.0,0.4708190737784177,False
02458190,,031601110408,3.35,10,2015,2025,1,1.0,0.0,-0.1111111111111111,0.7274895282186948,0.031495962951989066,2022.0,1.0,False
02458200,,031601110408,15.6,12,1970,2008,27,1.0,0.0,-0.3511552695176641,0.11390323413538203,0.5807598190957115,2004.0,0.16207868816564036,True
02458300,,031601110408,26.0,32,1989,2020,0,1.0,0.0,0.08484865799152039,0.4957005288916845,0.13459084420731315,1997.0,0.5379105230353368,False
02458450,,031601110408,33.5,40,1976,2024,9,1.0,0.0,0.0513479242074492,0.6411405886909199,0.2508199943626935,2013.0,0.6092592792231791,False
02458502,,031601110408,36.7,20,1998,2025,8,1.0,0.0,0.052910793527110644,0.7453438726627502,0.1838436870402555,2015.0,1.0,False
02458600,,031601110408,52.2,29,1997,2025,0,1.0,0.0,-0.13070293536543992,0.32005141526761505,0.0742029446659621,2006.0,0.7098068055513626,False
02460500,,031601110409,83.5,31,1954,2025,41,0.1935483870967742,0.0,0.05387943547371535,0.6708124546241708,0.030018129840988877,1960.0,0.4264273454116434,False
02461130,,031601120101,7.0,12,2001,2025,13,1.0,0.0,0.0606060606060606,0.8405883696421891,0.38477175857512524,2007.0,0.3670101994294372,True
02461192,,031601120101,13.524,5,2020,2024,0,1.0,0.0,0.6,0.23333333333333334,0.15636265097695265,,,False
02461405,,031601120101,30.0,7,2019,2025,0,1.0,0.0,-0.23809523809523814,0.5619047619047619,0.34065329350378293,,,True
02461500,,031601120102,52.5,41,1976,2025,9,0.8536585365853658,0.0,-0.17094029836287597,0.11579530727273217,0.07164804314390358,1991.0,0.15261893388340708,False
02461630,,031601120102,7.3,6,1998,2003,0,0.0,0.0,-0.7333333333333333,0.05555555555555555,-0.05450993136086818,,,False
02461640,,031601120102,61.4,9,1998,2006,0,1.0,0.0,-0.4789207443461594,0.07473549830588248,-0.38131418887864804,2001.0,0.46827260127133097,True
02462000,,031601120104,148.0,71,1954,2025,1,0.0,0.0,-0.1977447278610167,0.0147989372181894,0.19756016692179576,1984.0,0.0016994107120400265,True
02462500,,031601120203,3981.0,46,1929,2014,40,0.782608695652174,0.0,-0.07446811993204797,0.4659325099115784,0.24044406784024397,1984.0,0.6445530994370628,False
02462600,,031601120301,5.32,22,1960,1984,3,0.0,0.0,0.19088982004141847,0.21453096516446635,-0.3422081956313957,1969.0,0.772884725961048,True
02462800,,031601120303,45.3,17,1957,1973,0,0.0,0.0,-0.02941176470588235,0.9031966906069087,0.19890165753018435,1960.0,0.8096765688042623,False
02462840,,031601120303,87.3,2,1981,1982,0,0.0,0.0,,,,,,False
02462951,,031601120505,4219.0,38,1977,2014,0,1.0,0.0,0.045681946884148894,0.6873455140519246,0.10700381018461182,2008.0,1.0,False
02462990,,031601120501,8.38,7,1977,1984,1,0.0,0.0,0.04761904761904762,1.0,0.02691962027779962,,,False
02463500,,031601120504,108.0,17,1953,1969,0,0.0,0.0,-0.2205882352941176,0.23617204064651248,0.3295561751321461,1964.0,0.21441537684199558,True
02463510,,031601120504,113.0,1,1981,1981,0,0.0,0.0,,,,,,False
02463587,,031601120402,46.2,1,1991,1991,0,0.0,0.0,,,,,,False
02463900,,031601120406,15.0,6,1977,1984,2,0.0,0.0,0.2,0.7194444444444444,0.3243647173177293,,,True
02464000,,031601120408,223.0,87,1939,2025,0,0.011494252873563218,0.0,0.04921761164660859,0.4999428011779976,0.10521154858800508,1969.0,0.927823340692709,False
02464146,,031601120411,6.16,35,1981,2017,2,0.0,0.0,0.16820863812897588,0.1555243088688735,0.009652534734682004,2010.0,0.38553961722500396,False
02464360,,031601120410,57.2,31,1987,2017,0,0.0,0.0,-0.04094837096002367,0.7466761189516522,-0.08448791892108469,1995.0,1.0,False
02464385,,031601120410,4.67,2,2010,2011,0,0.0,0.0,,,,,,False
02464500,,031601120413,372.0,17,1952,1968,0,0.0,0.0,0.10294117647058822,0.5976439315443395,0.06043659587444025,1959.0,0.37818715623920096,False
02464503,,031601120413,1.03,2,2011,2012,0,0.0,0.0,,,,,,False
02464660,,031601120412,20.9,9,2009,2017,0,0.0,0.0,-0.1111111111111111,0.761414241622575,-0.49017069532493357,2009.0,1.0,True
02464680,,031601120413,0.92,2,2011,2012,0,0.0,0.0,,,,,,False
02465000,,031601130201,4820.0,95,1900,2022,28,0.031578947368421054,0.0,0.010091958003818817,0.8849571733766257,0.08631716719290038,1954.0,0.962397329949569,False
02465080,,031601130201,11.4,2,1997,1998,0,0.0,0.0,,,,,,False
02465200,,031601130202,3.71,14,1957,1970,0,0.6428571428571429,0.0,0.04419956960878639,0.82640978682081,0.2102290009311141,1960.0,0.40379303598931077,False
02465205,,031601130202,3.65,12,1964,1998,23,0.0,0.0,0.3333333333333333,0.15259045898802842,-0.040376088209871375,1970.0,0.1933233156649223,False
02465286,,031601130203,,7,1978,1984,0,0.0,0.0,-0.14285714285714288,0.7726190476190476,-0.33360178903167065,,,True
02465292,,031601130203,10.7,22,2003,2024,0,1.0,0.0,-0.21692025004706647,0.15840468315223566,0.2703087548885759,2014.0,0.5777129339507792,False
02465400,,031601130104,55.9,5,1957,1961,0,0.2,0.0,0.0,1.0,-0.545477399924188,,,True
02465493,,031601130302,32.3,48,1977,2024,0,0.0,0.0,0.029268295560817992,0.769279923596385,-0.06255051334002502,1995.0,1.0,False
02465500,,031601130402,73.6,21,1955,1979,4,0.047619047619047616,0.0,0.014319849852388185,0.9277849269223342,0.05088584060559899,1969.0,1.0,False
02466000,,031601130607,5792.0,30,1933,1981,19,0.16666666666666666,0.0,-0.03908045977011494,0.7772097145495372,0.1691750166917405,1951.0,0.6357980326401329,False
02466030,,031601130607,5810.0,43,1977,2024,5,0.3488372093023256,0.0,0.1409548422704971,0.18370014478801955,0.015860011805349655,2008.0,0.27515212114455306,False
02466500,,031601130708,171.0,16,1940,2025,70,0.0,0.0,-0.22594340036404525,0.2236643871277405,0.06970527571375038,1948.0,0.5316547812614327,False
02467000,,031602010401,15385.0,89,1929,2017,0,0.24719101123595505,0.0,0.2176101149490248,0.002617459128861509,0.19948394866151953,1969.0,0.0018799473035391364,True
02467050,,031602010402,15500.0,2,1979,1980,0,0.0,0.0,,,,,,False
02467500,,031602020405,607.0,84,1939,2024,2,0.011904761904761904,0.0,0.03129936971978654,0.6736831564565663,0.09036875486121071,1973.0,1.0,False
02468000,,031602020603,62.3,17,1955,1979,8,0.058823529411764705,0.0,0.11070186069251191,0.5363022663099168,-0.26651138798784496,1960.0,0.8627043166446087,False
02468500,,031602010108,257.0,29,1944,1991,19,0.0,0.0,0.14321031309413615,0.2764403576951088,0.16584762553168075,1973.0,0.33059777644317306,False
02468966,,031602010201,20.1,8,1977,1985,1,0.0,0.0,-0.181848241863327,0.5330356744917513,0.002986841461721103,1983.0,0.44626032029685964,False
02469000,,031602010203,90.9,16,1955,1970,0,0.0,0.0,0.108787563138244,0.557951571546442,-0.26161082276088043,1959.0,1.0,False
02469500,,031602010505,115.0,2,2023,2024,0,0.0,0.0,,,,,,False
02469525,,031602010901,17487.0,9,2017,2025,0,0.0,0.0,-0.4444444444444444,0.11943893298059964,0.5831235070279852,2021.0,0.18143590657882502,True
02469550,,031602010603,60.4,22,1958,1979,0,0.09090909090909091,0.0,0.35217724176659865,0.022263002133026472,0.17129564805781766,1970.0,0.058242229713558136,True
02469672,,031602010801,4.35,19,1966,1984,0,0.0,0.0,0.5395917630263032,0.0012790283276835736,0.27562117467429775,1971.0,0.026919992294644417,True
02469700,,031602010806,148.0,14,1957,1970,0,0.07142857142857142,0.0,-0.03296703296703297,0.9144846237132943,-0.07942786172810476,1966.0,1.0,False
02469761,,031602010909,18417.0,63,1961,2023,0,0.3333333333333333,0.0,0.030303174192746314,0.7263294850567412,0.0933551263883236,1970.0,1.0,False
02469766,,031602010909,18464.0,52,1929,1980,0,0.0,0.0,0.13837477570305148,0.14861474490565837,0.1269936998414617,1960.0,0.16539339038213619,False
02469795,,031602030203,0.72,8,1995,2002,0,0.0,0.0,-0.14285714285714285,0.7195436507936508,-0.7232094075787399,1999.0,1.0,True
02469800,,031602030205,164.0,70,1956,2025,0,0.014285714285714285,0.0,0.11118044679518543,0.1741981739048618,0.031721941270146145,2008.0,0.18625182253612932,False
02470000,,031602030403,18965.0,37,1929,1965,0,0.0,0.0,-0.07698220638075709,0.5044535363379252,0.0702132151359324,1951.0,0.4124316218988515,False
02470072,,031602030602,10.5,30,1996,2025,0,0.03333333333333333,0.0,0.14055336849783137,0.2763084942297481,0.1351640999386555,2012.0,0.37823894118607326,False
02470100,,031602030606,195.0,21,1956,1977,1,0.0,0.0,0.0906923823984585,0.5659655797385676,0.25438303311571786,1970.0,0.2497615505382334,False
02470320,,031602031001,51.8,8,1974,1981,0,0.0,0.0,0.3571428571428571,0.27509920634920637,0.31678838316936087,1978.0,0.19193417208999694,True
02471000,,031602040303,123.0,17,1952,1968,0,0.0,0.0,0.08823529411764705,0.6553075802476113,-0.22099234050585007,1954.0,0.37818715623920096,False
02471001,,031602040303,125.0,73,1952,2025,1,0.0,0.0,-0.03425961420657515,0.6681997681473797,-0.11120475651312368,1954.0,1.0,False
0247100550,,031602040304,23.2,4,1997,2000,0,0.0,0.0,,,,,,False
02471013,,031602040504,10.4,4,2000,2003,0,0.0,0.0,,,,,,False
02471026,,031602040106,2.25,6,1969,1974,0,0.0,0.0,-0.06666666666666665,1.0,-0.6805558404327279,,,True
02471065,,031602050101,7.28,14,1963,1983,7,1.0,0.0,0.5303948353054367,0.008495852202373711,0.3940020822614242,1976.0,0.0647342362048839,True
02471078,,031602050104,16.5,31,1995,2025,0,0.7741935483870968,0.0,-0.09903127373514262,0.43424505629430343,0.12280986386676414,1998.0,0.8549188206447478,False
02478500,,031700030402,2690.0,87,1938,2024,0,0.0,0.0,0.039871577563630765,0.584875947734915,-0.004972043255428969,2008.0,0.5634888319074797,False
02479420,,031700080105,2.56,4,1972,1975,0,0.0,0.0,,,,,,False
02479431,,031700080201,20.4,23,1977,1999,0,0.0,0.0,-0.14624505928853754,0.34570998519847684,0.16673099730052984,1983.0,0.08336334444713803,False
02479500,,031700080402,511.0,35,1946,2025,45,0.05714285714285714,0.0,-0.21008403361344538,0.07586833499439007,0.2460747218751563,1962.0,0.03920991586022158,True
02479560,,031700080403,562.0,46,1974,2019,0,0.043478260869565216,0.0,-0.059990387326189755,0.5571336163159644,-0.08084026994307308,1986.0,0.7443011441573306,False
02479583,,031700080404,6.55,5,1969,1974,1,0.2,0.0,-0.10540925533894598,0.8005421074231263,-0.5436648270090711,,,True
02479600,,031700080405,646.0,13,1958,1970,0,0.0,0.0,-0.3589743589743589,0.0999802599021349,-0.11584881514837685,1962.0,0.20409170108768426,False
02479945,,031700080501,31.48,35,1991,2025,0,0.05714285714285714,0.0,0.037005900388374695,0.7546886662612806,-0.02240729359476148,2011.0,0.8926868012514257,False
02479948,,031700080501,9.22,1,1992,1992,0,0.0,0.0,,,,,,False
02479950,,031700080502,8.54,1,1992,1992,0,0.0,0.0,,,,,,False
02479980,,031700080502,8.08,35,1991,2025,0,0.0,0.0,-0.2272730493390844,0.05516427484444572,-0.0006790170772138135,2009.0,0.472246501875978,False
02480000,,031700080502,84.0,6,1945,1950,0,0.0,0.0,0.2,0.7194444444444444,0.31994769935799133,,,True
02480002,,031700080502,8.22,35,1991,2025,0,1.0,0.0,-0.2605042016806723,0.02772031386394524,0.20798599998233513,1999.0,0.11003146882651516,True
02480150,,031700080702,16.7,23,1959,1981,0,0.0,0.0,0.1150802711697233,0.4434157166602566,-0.0727140230894465,1977.0,0.5572531705077116,False
03568782,,060200011102,4.28,1,1986,1986,0,0.0,0.0,,,,,,False
03568810,,060200011103,102.0,1,1982,1982,0,0.0,0.0,,,,,,False
03568825,,060200011103,1.73,1,1982,1982,0,0.0,0.0,,,,,,False
03571850,,060300010201,22640.0,59,1917,1987,12,0.8813559322033898,0.0,-0.17335321923203612,0.052870394849932,0.16004476841815718,1950.0,0.4671166392236557,False
03572110,,060300010304,131.0,26,1975,2025,25,0.0,0.0,-0.0494595734188149,0.7241468451738877,0.28127747286827726,1996.0,0.7668740509315027,False
03572153,,060300010306,29.2,1,2016,2016,0,0.0,0.0,,,,,,False
03572690,,060300010503,44.1,15,2011,2025,0,0.0,0.0,-0.22966770070528586,0.23438104887262345,-0.023300892369313358,2020.0,0.8926868012514257,False
03572900,,060300010703,141.0,32,1958,2025,36,0.125,0.0,0.06451612903225808,0.6179046364878459,0.25391712195094784,1974.0,0.8171629621842886,False
03573000,,060300010806,91.6,21,1946,1969,3,0.0,0.0,-0.20525118121756397,0.19392331796503393,0.30861226977545125,1951.0,0.13523647443138698,True
03573182,,060300010805,50.0,7,1999,2006,1,0.0,0.0,-0.14285714285714288,0.7726190476190476,-0.2878301192351316,,,False
03573500,,060300010906,24340.0,9,1917,1938,13,0.1111111111111111,0.0,-0.16666666666666666,0.612202380952381,-0.4668455019052292,1917.0,1.0,True
03574100,,060300020103,44.9,10,2016,2025,0,0.2,0.0,-0.26967994498529685,0.2811980995641792,0.5392751555508558,2022.0,0.18044895032517552,True
03574405,,060300020201,,3,1972,1974,0,0.0,0.0,,,,,,False
03574500,,060300020203,320.0,90,1936,2025,0,0.0,0.0,-0.10746549969043794,0.13479823388142265,0.33345718396331503,2005.0,0.022358780464564642,True
03574700,,060300020301,2.18,19,1955,1974,1,0.0,0.0,0.19298245614035084,0.2668987734001042,0.10129235145304384,1960.0,0.46172731137378825,False
03574768,,060300020307,,6,1970,2022,47,0.16666666666666666,0.0,0.5520524474738833,0.12597116307723114,0.345831416558811,,,True
03574796,,060300020303,0.44,74,1902,1975,0,0.0,0.0,0.06575073892822711,0.4086916407074862,0.17725863852121293,1910.0,0.7506221977027991,False
0357479650,,060300020303,33.0,24,1999,2025,3,0.0,0.0,-0.10144927536231883,0.5071416902683175,0.19310433202629607,2005.0,0.46894514166587,False
03574840,,060300020305,1.43,5,1971,1975,0,0.0,0.0,0.19999999999999998,0.8166666666666667,0.01962811607719868,,,False
03574872,,060300020305,0.17,5,1971,1975,0,0.0,0.0,0.19999999999999998,0.8166666666666667,0.09488072570130969,,,False
03575000,,060300020403,342.0,63,1931,1994,1,0.0,0.0,0.2167008481082956,0.012109433788535913,0.2229919016568788,1947.0,0.08450298112136316,True
03575100,,060300020403,375.0,27,1999,2025,0,0.1111111111111111,0.0,-0.05135525910130955,0.7074180726307056,0.41752583805108034,2005.0,0.8487456913539,True
0357526200,,060300020404,4.89,28,1997,2025,1,1.0,0.0,0.021220233802641007,0.8743670611628918,0.2411947076280766,2008.0,0.7734548312707543,False
03575272,,060300020404,2.73,17,2009,2025,0,1.0,0.0,0.11070186069251191,0.5363022663099168,-0.1084565681895515,2019.0,0.8627043166446087,False
03575340,,060300020405,3.52,73,1902,1974,0,0.0,0.0,0.07579512101128301,0.34325228449756007,-0.23302308439369376,1945.0,0.8693852594220448,False
03575500,,060300020904,25610.0,81,1925,2011,6,0.8765432098765432,0.0,-0.02318036548892795,0.7596782063198522,0.14457098716698136,1965.0,0.6753868767656808,False
03575686,,060300020903,1.15,5,1971,1975,0,0.0,0.0,0.0,1.0,-0.08996069805093221,,,False
0357568650,,060300020903,1.41,29,1996,2024,0,1.0,0.0,-0.09852216748768472,0.46786670864704466,0.15739430945297386,2004.0,0.5063861931752962,False
0357568820,,060300020903,1.14,9,1997,2005,0,0.0,0.0,-0.16666666666666666,0.612202380952381,-0.3142545448499206,1999.0,1.0,True
0357568980,,060300020903,6.97,30,1988,2025,8,0.9666666666666667,0.0,-0.07126436781609195,0.5955097487125379,0.14423633421425483,2004.0,0.6764215240751639,False
03575696,,060300020903,13.9,4,1971,1974,0,0.0,0.0,,,,,,False
03575700,,060300020903,14.1,40,1973,2025,13,1.0,0.0,-0.010256410256410258,0.9257380993313142,0.053230525484889456,1992.0,1.0,False
03575830,,060300020505,49.0,66,1960,2025,0,1.0,0.0,0.2066231568033457,0.014218978704721018,0.2736066973135673,1990.0,0.03411824178800932,True
0357586650,,060300020502,3.44,28,1997,2024,0,1.0,0.0,0.037037037037037035,0.7991767920459113,-0.17158901146069833,2015.0,1.0,False
0357587090,,060300020502,2.28,29,1997,2025,0,1.0,0.0,0.24752778562521083,0.06047039242844376,0.1425498743500607,2018.0,0.22345853788757683,False
0357587140,,060300020502,2.52,27,1997,2025,2,1.0,0.0,0.3480745339088758,0.010963004173648101,0.28073335630038837,2007.0,0.01745921822245782,True
0357587400,,060300020502,8.5,30,1973,2025,23,1.0,0.0,-0.0896551724137931,0.5010861583013703,0.011892420341498202,2001.0,1.0,False
0357587728,,060300020502,2.99,39,1985,2025,2,1.0,0.0,0.3175678575310468,0.00446656784104759,0.1377593518426134,2006.0,0.0026789347249928,True
03575890,,060300020502,22.6,42,1973,2025,11,1.0,0.0,0.11853575504825632,0.2689522481077746,0.03523176117996542,2009.0,0.3454238108692155,False
03575910,,060300020502,0.16,5,1971,1975,0,0.0,0.0,0.0,1.0,-0.5149595095825316,,,True
0357591500,,060300020502,1.47,28,1997,2024,0,1.0,0.0,0.2015922211250896,0.13307596168829844,-0.20199893939596167,2008.0,0.18478944222311855,False
03575930,,060300020502,8.87,5,1971,1975,0,0.0,0.0,0.39999999999999997,0.48333333333333334,0.11058655648192589,,,False
03575933,,060300020502,8.93,16,1992,2008,1,1.0,0.0,0.016666666666666666,0.9646949319332571,-0.11909887210722186,1997.0,1.0,False
03575950,,060300020503,41.8,35,1972,2025,19,1.0,0.0,0.3095038941573156,0.008966545561470805,0.32750580964362225,1998.0,0.02684700207671014,True
03575980,,060300020503,9.64,41,1985,2025,0,1.0,0.0,0.15647968531966922,0.15040242823067385,0.09987882792036205,2007.0,0.26651631882709265,False
03576100,,060300020504,49.0,5,1961,1965,0,0.0,0.0,0.0,1.0,-0.22171038930396256,,,False
03576148,,060300020605,136.0,21,1966,2025,39,0.047619047619047616,0.0,0.05714285714285715,0.7428741042713249,0.2184568504077614,1967.0,1.0,False
03576250,,060300020703,119.0,76,1940,2025,10,0.013157894736842105,0.0,-0.004915731549178054,0.949933265873312,0.15233126428759208,1947.0,0.8034649334985509,False
03576400,,060300020802,55.8,14,1958,1991,20,0.21428571428571427,0.0,0.1208791208791209,0.5906396351113613,0.11419495755918042,1967.0,0.6173229183426393,False
03576500,,060300021007,86.3,41,1953,2024,31,0.04878048780487805,0.0,-0.10655333657908306,0.3282263443723634,0.21466348763280743,1994.0,0.5300844817782328,False
03576800,,060300021009,1.27,3,1963,1965,0,0.0,0.0,,,,,,False
03576810,,060300021009,6.69,4,1964,1967,0,0.0,0.0,,,,,,False
03577000,,060300021012,87.6,22,1953,1998,24,0.0,0.0,0.12608814828680692,0.41313399093337544,0.0346970480730048,1967.0,0.3689422592056765,False
03577110,,060300021013,158.0,19,1941,1992,33,0.10526315789473684,0.0,0.39882869441074587,0.017290280592906253,0.43243579064941323,1947.0,0.12216035812425495,True
03577119,,060300021014,,2,2023,2024,0,0.0,0.0,,,,,,False
03577225,,060300021101,40.9,16,2010,2025,0,0.4375,0.0,0.09999999999999999,0.6258661963879107,0.009884886348419525,2011.0,0.6785920293813873,False
03584500,,060300040402,1784.0,74,1905,1989,11,0.5135135135135135,0.0,0.09405665778695378,0.23587360259786716,0.2127166026294855,1943.0,0.03734235374982122,True
03584600,,060300040402,1805.0,102,1905,2025,19,0.6470588235294118,0.0,0.012042343849543915,0.8577271652034539,0.15930503216899594,1943.0,0.20185206629610483,False
03585269,,060300040303,125.0,3,2006,2008,0,0.0,0.0,,,,,,False
03585300,,060300040303,152.0,12,1958,1969,0,0.0,0.0,-0.32062002869004114,0.1489018745176366,0.160038138558068,1965.0,0.16207868816564036,False
03585380,,060300040404,5.92,7,1969,1975,0,0.0,0.0,-0.04761904761904762,1.0,-0.4577225238422856,,,True
03585500,,060300040405,2239.0,8,1928,1935,0,0.0,0.0,0.07142857142857142,0.9048611111111111,0.03801393389856263,1932.0,0.8601892812801245,False
03586500,,060300050105,166.0,79,1936,2025,11,0.012658227848101266,0.0,-0.14162746264958098,0.06491945455649967,0.23832315752264663,2005.0,0.06666744495410777,False
03587000,,060300050105,188.0,2,1937,1939,1,0.0,0.0,,,,,,False
03587200,,060300050201,0.49,28,1955,1983,1,0.0,0.0,0.14039747414370923,0.2949612618557491,-0.10327727449860384,1972.0,0.324700938911211,False
03588500,,060300050508,348.0,94,1926,2025,6,0.0,0.0,0.012594463721564067,0.857425335679803,0.13027103169213186,1972.0,0.9182850493926895,False
03589250,,060300050802,13.7,22,1949,1970,0,0.0,0.0,-0.11279853002447456,0.46329143985922505,0.38722014246732755,1964.0,0.46567241239910817,True
03589260,,060300050802,21.9,21,1949,1970,1,0.047619047619047616,0.0,0.05714285714285715,0.7428741042713249,0.336383736628885,1953.0,1.0,True
03589450,,060300050803,4.92,3,1978,1980,0,0.0,0.0,,,,,,False
03589500,,060300050803,30810.0,113,1895,2013,6,0.9469026548672567,0.0,0.09407688631219456,0.14047144468285203,0.18179249118962218,1942.0,0.05199278958934311,False
03590000,,060300050605,209.0,31,1935,2025,60,0.03225806451612903,0.0,0.11219044726563934,0.3765899298360744,0.012094337011017002,1944.0,0.5215445822230292,False
03590290,,060300050703,27.1,4,1977,1982,2,0.0,0.0,,,,,,False
03591570,,060300060102,26.8,12,1964,1975,0,0.0,0.0,0.442760992000533,0.04622906055239071,0.23838205760524417,1967.0,0.07510229950112914,True
03591800,,060300060103,143.0,3,2023,2025,0,0.0,0.0,,,,,,False
03592000,,060300060105,263.0,36,1914,2022,73,0.3888888888888889,0.0,-0.17633047659094533,0.13051872146591012,0.07857648165587294,1977.0,0.053773799124744934,False
03592200,,060300060204,189.0,23,1948,1977,7,0.13043478260869565,0.0,-0.05566699407412809,0.7112184865978711,0.06747057579677382,1958.0,0.4543468402334694,False
03592300,,060300060206,78.2,22,1951,1977,5,0.18181818181818182,0.0,-0.06971826474880027,0.6513943406757982,-0.1956470489202823,1975.0,1.0,False
03592500,,060300060304,667.0,61,1927,2022,35,0.3114754098360656,0.0,-0.1099864230234565,0.2109611234353087,0.19508719483389358,1978.0,0.18658882857503484,False
