site_no,site_name,record_years,drainage_area_sqmi,historical_max_screening_return_period_years,historical_max_peak_cfs,historical_max_cfs_per_sqmi,historical_max_flood_class,frequency_method,stationarity_warning,distinct_matched_rainfall_flood_event_count,max_matched_event_return_period_years,max_matched_peak_cfs,max_matched_peak_cfs_per_sqmi,median_rainfall_to_flood_lag_hours,distinct_major_rainfall_flood_event_count
02338523,,19,16.8,20.0,5740.0,341.66666666666663,10–25-year,empirical only,True,4,10.0,2720.0,161.9047619047619,3.625,1
02339225,,12,60.2,13.0,11000.0,182.72425249169436,10–25-year,empirical only,True,1,13.0,11000.0,182.72425249169436,-12.0,1
02339495,,17,86.4,18.0,8300.0,96.0648148148148,10–25-year,empirical only,True,7,18.0,8300.0,96.0648148148148,-1.5,1
02339500,,129,3550.0,268.0686514658295,134000.0,37.74647887323944,200–500-year,station-skew LP3 screening,True,11,16.449669567355087,75100.0,21.154929577464788,31.25,1
02339555,,3,3550.0,4.0,134000.0,37.74647887323944,2–5-year,empirical only,False,0,,,,,0
02339780,,10,3630.0,11.0,135000.0,37.1900826446281,10–25-year,empirical only,False,2,5.5,56000.0,15.426997245179065,31.5,0
02340750,,22,99.7,119.51109494408388,19500.0,195.58676028084253,100–200-year,station-skew LP3 screening,False,0,,,,,0
02341460,,12,4630.0,13.0,95200.0,20.56155507559395,10–25-year,empirical only,False,4,13.0,95200.0,20.56155507559395,-3.0,1
02341500,,78,4670.0,162.8179859916873,198000.0,42.398286937901496,100–200-year,station-skew LP3 screening,True,3,6.5716070209304736,98800.0,21.156316916488223,-12.0,0
02341505,,13,4670.0,14.0,150000.0,32.11991434689507,10–25-year,empirical only,False,2,7.0,80100.0,17.15203426124197,56.0,0
02341566,,10,4750.0,11.0,98800.0,20.8,10–25-year,empirical only,False,1,11.0,98800.0,20.8,-12.0,1
02342150,,20,134.0,51.71099828856723,19500.0,145.52238805970148,50–100-year,station-skew LP3 screening,False,0,,,,,0
02342200,,16,6.67,17.0,3030.0,454.2728635682159,10–25-year,empirical only,True,0,,,,,0
02342500,,79,322.0,179.7166313847539,62100.0,192.8571428571429,100–200-year,station-skew LP3 screening,False,14,14.645921295846048,26900.0,83.54037267080746,-2.5,4
02342881,,16,5910.0,17.0,150000.0,25.38071065989848,10–25-year,empirical only,False,4,17.0,150000.0,25.38071065989848,5.0,1
02342933,,48,112.0,201.5098401048488,28200.0,251.78571428571428,200–500-year,station-skew LP3 screening,False,9,201.5098401048488,28200.0,251.78571428571428,-20.0,3
02342937,,2,,3.0,3920.0,,2–5-year,empirical only,False,0,,,,,0
02342960,,58,6730.0,1691.6836519214694,194000.0,28.826151560178307,>500-year,station-skew LP3 screening,False,0,,,,,0
02343000,,5,95.4,6.0,6250.0,65.51362683438155,5–10-year,empirical only,True,0,,,,,0
023432415,,16,7460.0,17.0,156000.0,20.91152815013405,10–25-year,empirical only,True,3,17.0,156000.0,20.91152815013405,1.0,1
02343260,,9,7570.0,10.0,200000.0,26.42007926023778,10–25-year,empirical only,False,0,,,,,0
02343275,,25,48.7,70.10694367762001,28000.0,574.9486652977413,50–100-year,station-skew LP3 screening,True,1,70.10694367762001,28000.0,574.9486652977413,-17.0,1
02343300,,35,146.0,211.4194195888497,35000.0,239.72602739726028,200–500-year,station-skew LP3 screening,False,2,211.4194195888497,35000.0,239.72602739726028,-12.0,1
02343500,,33,8040.0,1086.4650669101256,203000.0,25.248756218905477,>500-year,station-skew LP3 screening,False,0,,,,,0
02343700,,15,14.0,16.0,3120.0,222.8571428571429,10–25-year,empirical only,False,0,,,,,0
02343805,,9,8210.0,10.0,160000.0,19.4884287454324,10–25-year,empirical only,False,3,2.5,65000.0,7.917174177831912,1.0,0
02344000,,87,8340.0,296.3098068809412,207000.0,24.820143884892087,200–500-year,station-skew LP3 screening,False,1,1.8716629274187129,66500.0,7.973621103117506,-19.0,0
02344040,,1,8510.0,2.0,210000.0,24.676850763807284,2–5-year,empirical only,False,0,,,,,0
02358785,,11,103.0,12.0,14400.0,139.80582524271844,10–25-year,empirical only,False,1,3.0,9000.0,87.37864077669903,7.0,0
02360000,,30,86.8,114.3320455341355,25000.0,288.0184331797235,100–200-year,station-skew LP3 screening,False,2,114.3320455341355,25000.0,288.0184331797235,-14.5,1
02360275,,29,102.0,48.71162692579661,29000.0,284.3137254901961,25–50-year,station-skew LP3 screening,False,2,48.71162692579661,29000.0,284.3137254901961,-14.5,2
02360500,,18,291.0,19.0,31000.0,106.52920962199312,10–25-year,empirical only,True,1,19.0,31000.0,106.52920962199312,-17.0,1
02361000,,98,686.0,298.65387409546656,110000.0,160.34985422740525,200–500-year,station-skew LP3 screening,False,15,74.50131432784566,60800.0,88.62973760932945,4.25,3
02361500,,26,1280.0,63.03723617706421,39600.0,30.9375,50–100-year,station-skew LP3 screening,False,13,20.38577793070771,32400.0,25.3125,22.5,1
02362240,,35,21.4,50.17768536008622,14200.0,663.5514018691589,50–100-year,station-skew LP3 screening,False,10,50.17768536008622,14200.0,663.5514018691589,-17.0,3
02362610,,12,18.7,13.0,5350.0,286.096256684492,10–25-year,empirical only,True,3,1.625,3100.0,165.77540106951872,-17.0,0
02362640,,1,96.8,2.0,18200.0,188.01652892561984,2–5-year,empirical only,False,1,2.0,18200.0,188.01652892561984,-12.0,0
02362745,,5,4.4,6.0,1700.0,386.3636363636363,5–10-year,empirical only,True,0,,,,,0
02362780,,1,39.8,2.0,8780.0,220.6030150753769,2–5-year,empirical only,False,1,2.0,8780.0,220.6030150753769,-12.0,0
02363000,,87,498.0,82.56565383661051,50200.0,100.80321285140562,50–100-year,station-skew LP3 screening,False,12,82.56565383661051,50200.0,100.80321285140562,24.5,4
02363005,,9,0.76,11.0,390.0,513.1578947368421,10–25-year,empirical only,False,4,11.0,390.0,513.1578947368421,-28.0,1
02363055,,7,,9.0,510.0,,5–10-year,empirical only,True,0,,,,,0
02363225,,9,1.2,11.0,885.0,737.5,10–25-year,empirical only,False,2,5.5,835.0,695.8333333333334,0.5,0
02363280,,1,112.0,2.0,23600.0,210.7142857142857,2–5-year,empirical only,False,1,2.0,23600.0,210.7142857142857,-12.0,0
02363330,,1,26.8,2.0,8880.0,331.34328358208955,2–5-year,empirical only,False,1,2.0,8880.0,331.34328358208955,-12.0,0
02364000,,71,959.0,108.01613715356486,68000.0,70.90719499478624,100–200-year,station-skew LP3 screening,False,11,63.761192876450735,58000.0,60.479666319082376,-2.0,4
02364050,,1,28.4,2.0,16500.0,580.9859154929578,2–5-year,empirical only,False,0,,,,,0
02364500,,72,1182.0,165.51922113720343,58000.0,49.06937394247039,100–200-year,station-skew LP3 screening,False,8,4.413883114598959,17200.0,14.55160744500846,29.875,0
02364570,,20,26.2,69.86221238379927,11500.0,438.9312977099237,50–100-year,station-skew LP3 screening,False,1,69.86221238379927,11500.0,438.9312977099237,-12.0,1
02364806,,3,0.54,5.0,482.0,892.5925925925925,5–10-year,empirical only,False,1,2.5,144.0,266.66666666666663,-16.0,0
02365200,,32,3209.0,23.256461296571544,64700.0,20.162044250545343,10–25-year,station-skew LP3 screening,False,11,20.871766320160702,63200.0,19.69460891243378,32.0,1
02365310,,10,1.44,11.0,1360.0,944.4444444444443,10–25-year,empirical only,False,1,1.1,95.4,66.25,-31.0,0
02365408,,3,0.08,5.0,36.0,450.0,5–10-year,empirical only,False,0,,,,,0
02367400,,3,30.0,4.0,16100.0,536.6666666666666,2–5-year,empirical only,False,1,4.0,16100.0,536.6666666666666,-12.0,0
02367500,,31,114.0,52.25988953243317,37900.0,332.4561403508772,50–100-year,station-skew LP3 screening,False,2,52.25988953243317,37900.0,332.4561403508772,-16.0,2
02367800,,12,461.0,13.0,46000.0,99.78308026030368,10–25-year,empirical only,True,1,13.0,46000.0,99.78308026030368,-12.0,1
02367900,,26,510.0,19.70601929560584,19800.0,38.8235294117647,10–25-year,station-skew LP3 screening,False,4,16.102153772380873,18900.0,37.05882352941177,31.5,2
02369800,,58,87.7,73.4058022004537,20000.0,228.05017103762827,50–100-year,station-skew LP3 screening,False,11,73.4058022004537,20000.0,228.05017103762827,-7.0,4
02370200,,10,36.0,11.0,3900.0,108.33333333333331,10–25-year,empirical only,True,0,,,,,0
02371000,,27,257.0,69.8181661612412,36000.0,140.07782101167317,50–100-year,station-skew LP3 screening,False,2,69.8181661612412,36000.0,140.07782101167317,9.5,1
02371050,,9,1.05,11.0,988.0,940.952380952381,10–25-year,empirical only,True,3,11.0,988.0,940.952380952381,-28.0,1
02371200,,29,8.87,43.87117113350174,3950.0,445.32130777903046,25–50-year,station-skew LP3 screening,True,3,15.122009414516771,2320.0,261.5558060879369,-12.0,1
02371470,,2,4.43,3.0,303.0,68.39729119638827,2–5-year,empirical only,False,0,,,,,0
02371500,,88,500.0,113.04893999470934,32000.0,64.0,100–200-year,station-skew LP3 screening,False,15,36.65514838009232,24000.0,48.0,46.0,5
02371503,,1,8.8,2.0,3820.0,434.09090909090907,2–5-year,empirical only,False,1,2.0,3820.0,434.09090909090907,-20.0,0
02372000,,28,254.0,84.30559825471752,37000.0,145.66929133858267,50–100-year,station-skew LP3 screening,False,1,84.30559825471752,37000.0,145.66929133858267,-12.0,1
02372250,,50,442.0,169.65033477291885,43600.0,98.6425339366516,100–200-year,station-skew LP3 screening,False,15,169.65033477291885,43600.0,98.6425339366516,37.5,3
02372422,,16,1273.0,17.0,32100.0,25.21602513747054,10–25-year,empirical only,True,2,2.428571428571429,13100.0,10.290652003142185,115.0,0
02372430,,15,1277.0,16.0,29000.0,22.70947533281128,10–25-year,empirical only,False,6,16.0,29000.0,22.70947533281128,46.5,1
02372500,,58,1344.0,310.07244039972846,92000.0,68.45238095238095,200–500-year,station-skew LP3 screening,False,0,,,,,0
02372510,,5,,6.0,1200.0,,5–10-year,empirical only,True,0,,,,,0
02372755,,10,0.69,11.0,403.0,584.0579710144928,10–25-year,empirical only,True,4,5.5,388.0,562.3188405797102,-8.5,0
02372800,,10,37.8,12.0,5700.0,150.7936507936508,10–25-year,empirical only,True,1,12.0,5700.0,150.7936507936508,-12.0,1
02373000,,83,470.0,323.0585221348267,60000.0,127.65957446808513,200–500-year,station-skew LP3 screening,False,12,33.89386549155651,32800.0,69.7872340425532,25.0,3
02373500,,34,307.0,30.55274885101821,28500.0,92.83387622149836,25–50-year,station-skew LP3 screening,False,1,30.55274885101821,28500.0,92.83387622149836,-12.0,1
02373800,,9,1017.0,10.0,22400.0,22.025565388397247,10–25-year,empirical only,False,1,2.5,14100.0,13.864306784660767,-7.0,0
02374000,,23,2495.0,70.17417325808357,142000.0,56.91382765531062,50–100-year,station-skew LP3 screening,False,0,,,,,0
02374050,,3,,4.0,303.0,,2–5-year,empirical only,False,2,4.0,303.0,,-25.875,0
02374250,,27,2661.0,38.78959713625738,72900.0,27.395715896279597,25–50-year,station-skew LP3 screening,False,6,38.78959713625738,72900.0,27.395715896279597,92.5,2
02374500,,88,176.0,591.8229263311977,90000.0,511.3636363636364,>500-year,station-skew LP3 screening,False,12,30.275823484660265,21000.0,119.3181818181818,-12.0,4
02374660,,6,329.0,7.0,28800.0,87.53799392097264,5–10-year,empirical only,False,0,,,,,0
02374700,,27,435.0,66.1391068151714,32800.0,75.40229885057471,50–100-year,station-skew LP3 screening,True,10,66.1391068151714,32800.0,75.40229885057471,-2.0,4
02374745,,27,182.0,44.27785752237116,21000.0,115.3846153846154,25–50-year,station-skew LP3 screening,False,11,44.27785752237116,21000.0,115.3846153846154,-2.0,3
02374950,,25,193.0,17.719319452344067,11400.0,59.067357512953365,10–25-year,station-skew LP3 screening,False,11,17.719319452344067,11400.0,59.067357512953365,2.5,3
02374970,,12,79.4,13.0,13200.0,166.2468513853904,10–25-year,empirical only,False,1,13.0,13200.0,166.2468513853904,-36.0,1
02375000,,46,330.0,101.93364120706296,45600.0,138.1818181818182,100–200-year,station-skew LP3 screening,False,2,4.69592053266612,11900.0,36.06060606060606,33.0,0
02375500,,91,3817.0,1051.781571354513,215000.0,56.32695834424941,>500-year,station-skew LP3 screening,True,10,56.34403495861599,118000.0,30.91433062614619,26.0,3
02376293,,26,26.5,26.09503954537505,6770.0,255.47169811320757,25–50-year,station-skew LP3 screening,False,8,22.148620719847383,6380.0,240.75471698113208,-9.875,2
02376500,,85,394.0,87.18725502448542,44000.0,111.6751269035533,50–100-year,station-skew LP3 screening,False,15,87.18725502448542,44000.0,111.6751269035533,4.0,4
02376551,,9,0.92,10.0,237.0,257.6086956521739,10–25-year,empirical only,True,0,,,,,0
02377500,,25,92.2,31.67434970155444,27500.0,298.2646420824295,25–50-year,station-skew LP3 screening,True,0,,,,,0
02377570,,38,192.0,63.00445390444142,48000.0,250.0,50–100-year,station-skew LP3 screening,False,10,63.00445390444142,48000.0,250.0,-2.25,2
02377960,,4,56.6,5.0,9510.0,168.02120141342755,5–10-year,empirical only,False,1,2.5,9370.0,165.547703180212,-36.0,0
02378170,,16,4.98,17.0,7040.0,1413.6546184738954,10–25-year,empirical only,False,5,17.0,7040.0,1413.6546184738954,-17.0,1
02378185,,4,,5.0,11900.0,,5–10-year,empirical only,False,0,,,,,0
02378300,,26,16.6,33.006105113629445,18200.0,1096.3855421686746,25–50-year,station-skew LP3 screening,False,8,33.006105113629445,18200.0,1096.3855421686746,-14.0,4
02378500,,55,55.3,46.223720388967386,18700.0,338.15551537070525,25–50-year,station-skew LP3 screening,False,15,46.223720388967386,18700.0,338.15551537070525,-16.0,4
0237854520,,3,120.6,4.0,4570.0,37.893864013267,2–5-year,empirical only,False,1,1.3333333333333333,3540.0,29.35323383084577,-65.0,0
02378780,,3,,4.0,2480.0,,2–5-year,empirical only,False,1,4.0,2480.0,,-4.0,0
02378790,,3,,4.0,2210.0,,2–5-year,empirical only,False,1,4.0,2210.0,,-4.5,0
02397530,,12,4362.0,13.0,91100.0,20.88491517652453,10–25-year,empirical only,False,2,3.25,49500.0,11.348005502063272,24.25,0
02398195,,7,9.53,8.0,4000.0,419.72717733473246,5–10-year,empirical only,False,1,4.0,1270.0,133.26337880377756,-6.0,0
02398250,,2,67.6,3.0,2380.0,35.20710059171598,2–5-year,empirical only,False,0,,,,,0
02398300,,85,366.0,258.2128293230988,32900.0,89.89071038251366,200–500-year,station-skew LP3 screening,True,12,43.15077171958662,23300.0,63.66120218579235,9.0,3
02398400,,41,368.0,96.25597718971709,33700.0,91.57608695652172,50–100-year,station-skew LP3 screening,False,1,7.871833099912042,16800.0,45.65217391304348,-16.0,0
02398500,,24,379.0,36.47657645975894,33700.0,88.91820580474933,25–50-year,station-skew LP3 screening,False,1,12.8773794390666,24000.0,63.3245382585752,8.0,1
02398950,,15,42.8,16.0,8850.0,206.77570093457945,10–25-year,empirical only,True,6,16.0,8850.0,206.77570093457945,-16.0,1
02399000,,34,125.0,62.707208615434126,25000.0,200.0,50–100-year,station-skew LP3 screening,False,0,,,,,0
02399200,,70,199.0,123.3102778397532,53800.0,270.35175879396985,100–200-year,station-skew LP3 screening,False,14,32.742814216943394,40700.0,204.52261306532665,-9.0,6
02399500,,21,5270.0,65.29417835396498,120000.0,22.770398481973437,50–100-year,station-skew LP3 screening,True,0,,,,,0
02399800,,8,15.4,9.0,1820.0,118.18181818181816,5–10-year,empirical only,False,0,,,,,0
02400000,,20,116.0,17.307192076149594,21000.0,181.0344827586207,10–25-year,station-skew LP3 screening,False,1,9.35564290531885,17600.0,151.72413793103448,-30.0,0
02400033,,10,4.62,12.0,1430.0,309.5238095238095,10–25-year,empirical only,False,1,6.0,1010.0,218.6147186147186,-6.0,0
02400100,,63,252.0,313.42203170601005,24000.0,95.23809523809524,200–500-year,station-skew LP3 screening,True,10,80.63388341705175,20100.0,79.76190476190476,-12.0,3
02400496,,1,5800.0,2.0,35500.0,6.120689655172414,2–5-year,empirical only,False,0,,,,,0
02400500,,72,5805.0,552.8227309415627,115000.0,19.810508182601207,>500-year,station-skew LP3 screening,True,2,5.843740588407978,61500.0,10.594315245478036,68.0,0
02400680,,23,55.4,1000000.0,6320.0,114.07942238267148,>500-year,station-skew LP3 screening,False,10,1000000.0,6320.0,114.07942238267148,-4.0,1
02400690,,4,6.76,5.0,540.0,79.88165680473374,5–10-year,empirical only,False,0,,,,,0
02401000,,73,182.0,225.78027899870935,20500.0,112.63736263736264,200–500-year,station-skew LP3 screening,False,11,50.21580257529803,15800.0,86.81318681318682,10.0,2
02401330,,1,,2.0,37800.0,,2–5-year,empirical only,False,0,,,,,0
02401370,,17,45.0,18.0,4870.0,108.22222222222224,10–25-year,empirical only,True,1,9.0,4690.0,104.22222222222224,-16.0,0
02401390,,60,141.0,1000000.0,14800.0,104.9645390070922,>500-year,station-skew LP3 screening,False,9,1000000.0,14800.0,104.9645390070922,-8.0,4
02401450,,2,9.88,3.0,915.0,92.61133603238864,2–5-year,empirical only,False,0,,,,,0
02401460,,5,14.3,6.0,2950.0,206.2937062937063,5–10-year,empirical only,False,0,,,,,0
02401470,,15,22.3,16.0,3600.0,161.43497757847533,10–25-year,empirical only,False,1,16.0,3600.0,161.43497757847533,-16.0,1
02401500,,28,253.0,62.66444699240713,36200.0,143.08300395256916,50–100-year,station-skew LP3 screening,False,0,,,,,0
02401620,,14,6596.0,15.0,93700.0,14.205579138872045,10–25-year,empirical only,True,1,15.0,93700.0,14.205579138872045,-16.0,1
02401700,,5,39.7,6.0,3000.0,75.56675062972292,5–10-year,empirical only,False,0,,,,,0
02401800,,5,92.2,6.0,4400.0,47.72234273318872,5–10-year,empirical only,False,0,,,,,0
02401895,,11,216.4,12.0,9040.0,41.77449168207024,10–25-year,empirical only,False,1,6.0,8010.0,37.01478743068392,20.0,0
02402500,,20,7069.0,1000000.0,82600.0,11.684821049653417,>500-year,station-skew LP3 screening,False,0,,,,,0
02403200,,4,121.0,5.0,6860.0,56.69421487603306,5–10-year,empirical only,False,0,,,,,0
02403310,,17,191.0,18.0,6270.0,32.82722513089005,10–25-year,empirical only,True,4,9.0,5200.0,27.225130890052355,-23.0,0
02403395,,4,222.0,5.0,4880.0,21.98198198198198,5–10-year,empirical only,False,0,,,,,0
02404000,,43,277.0,15.480148907198933,23000.0,83.03249097472924,10–25-year,station-skew LP3 screening,False,1,15.480148907198933,23000.0,83.03249097472924,-16.0,1
02404245,,27,71.8,59.53972262969188,16000.0,222.84122562674096,50–100-year,station-skew LP3 screening,False,1,2.499065495264881,3400.0,47.35376044568245,-16.0,0
02404400,,61,481.0,263.16259778911405,70000.0,145.53014553014552,200–500-year,station-skew LP3 screening,False,11,14.416900567191073,30100.0,62.57796257796258,-11.0,4
02404500,,26,496.0,46.16399968822906,70000.0,141.1290322580645,25–50-year,station-skew LP3 screening,False,0,,,,,0
02405000,,17,7663.0,19.0,126000.0,16.442646483100614,10–25-year,empirical only,False,0,,,,,0
02405200,,15,7743.0,16.0,115000.0,14.852124499547978,10–25-year,empirical only,False,1,16.0,115000.0,14.852124499547978,32.0,1
02405500,,57,193.0,146.0744183098637,33400.0,173.05699481865284,100–200-year,station-skew LP3 screening,False,9,146.0744183098637,33400.0,173.05699481865284,-8.0,1
02405800,,12,69.6,14.0,6550.0,94.10919540229884,10–25-year,empirical only,True,0,,,,,0
02406000,,10,101.0,12.0,33000.0,326.7326732673268,10–25-year,empirical only,False,0,,,,,0
02406500,,71,150.0,261.68725166363515,39000.0,260.0,200–500-year,station-skew LP3 screening,False,12,13.778049106449224,15700.0,104.66666666666669,0.875,3
02406930,,14,16.5,15.0,1940.0,117.57575757575758,10–25-year,empirical only,False,5,15.0,1940.0,117.57575757575758,-7.0,1
02407000,,95,8392.0,70.05395829401174,150000.0,17.874165872259294,50–100-year,station-skew LP3 screening,True,7,70.05395829401174,150000.0,17.874165872259294,11.25,1
02407500,,21,96.5,34.35397672630856,26700.0,276.6839378238342,25–50-year,station-skew LP3 screening,False,1,15.511483162519108,16200.0,167.87564766839378,-16.0,1
02407514,,18,142.0,19.0,10000.0,70.4225352112676,10–25-year,empirical only,False,7,19.0,10000.0,70.4225352112676,-5.0,1
02407680,,10,32.9,12.0,8320.0,252.88753799392097,10–25-year,empirical only,False,1,6.0,7900.0,240.12158054711247,-16.0,0
02407900,,13,12.7,14.0,7280.0,573.228346456693,10–25-year,empirical only,False,0,,,,,0
02407950,,17,9053.0,18.0,197000.0,21.7607422953717,10–25-year,empirical only,False,1,18.0,197000.0,21.7607422953717,-16.0,1
02408150,,10,35.7,11.0,6750.0,189.07563025210084,10–25-year,empirical only,True,5,11.0,6750.0,189.07563025210084,-3.25,1
02408340,,7,8.09,8.0,6580.0,813.3498145859086,5–10-year,empirical only,False,1,8.0,6580.0,813.3498145859086,-16.0,0
02408500,,34,233.0,174.1458009161047,60000.0,257.510729613734,100–200-year,station-skew LP3 screening,False,1,174.1458009161047,60000.0,257.510729613734,-16.0,1
02408540,,45,263.0,358.3884544017037,65000.0,247.14828897338404,200–500-year,station-skew LP3 screening,False,14,358.3884544017037,65000.0,247.14828897338404,-12.75,3
02409000,,21,73.4,37.15129876208427,24200.0,329.70027247956403,25–50-year,station-skew LP3 screening,False,1,15.847384765334883,15200.0,207.0844686648501,-16.0,1
02409400,,39,9778.0,270.24368456783606,281000.0,28.73798322765392,200–500-year,station-skew LP3 screening,False,1,270.24368456783606,281000.0,28.73798322765392,-16.0,1
02409540,,8,1.01,10.0,990.0,980.1980198019802,10–25-year,empirical only,True,2,5.0,981.0,971.2871287128712,-9.0,0
02410000,,37,4.91,237.02974009982916,4310.0,877.8004073319755,200–500-year,station-skew LP3 screening,False,1,3.688967331549129,918.0,186.96537678207736,-12.0,0
02411000,,89,10102.0,169.5103505639046,316000.0,31.280934468422096,100–200-year,station-skew LP3 screening,True,7,12.261309510040451,208000.0,20.58998218174619,-12.0,1
02411602,,10,0.75,11.0,434.0,578.6666666666666,10–25-year,empirical only,False,1,2.75,196.0,261.3333333333333,-35.0,0
02412000,,72,448.0,196.6852847875148,32500.0,72.54464285714286,100–200-year,station-skew LP3 screening,True,14,60.91793528620757,24000.0,53.57142857142857,18.0,2
02412065,,11,52.8,12.0,8600.0,162.87878787878788,10–25-year,empirical only,False,1,6.0,5800.0,109.84848484848486,-6.0,0
02412320,,9,1.79,10.0,953.0,532.4022346368715,10–25-year,empirical only,True,1,10.0,953.0,532.4022346368715,-6.0,1
02412500,,32,792.0,44.27328671845379,41000.0,51.76767676767677,25–50-year,station-skew LP3 screening,False,0,,,,,0
02413300,,49,406.0,31.63475438499466,14100.0,34.72906403940887,25–50-year,station-skew LP3 screening,False,8,24.831116668720703,13500.0,33.251231527093594,-13.0,4
02413400,,14,6.87,15.0,1900.0,276.56477438136824,10–25-year,empirical only,True,0,,,,,0
02413475,,26,46.6,30.67140057957618,4870.0,104.50643776824036,25–50-year,station-skew LP3 screening,False,0,,,,,0
02413500,,33,591.0,20.724274279191743,27000.0,45.68527918781726,10–25-year,station-skew LP3 screening,False,0,,,,,0
02414000,,6,1455.0,7.0,43300.0,29.759450171821307,5–10-year,empirical only,False,0,,,,,0
02414300,,2,1620.0,3.0,19400.0,11.975308641975309,2–5-year,empirical only,False,0,,,,,0
02414500,,99,1675.0,428.6112668394926,125000.0,74.6268656716418,200–500-year,station-skew LP3 screening,True,12,428.6112668394926,125000.0,74.6268656716418,-7.25,3
02414525,,3,21.3,4.0,1470.0,69.01408450704226,2–5-year,empirical only,False,0,,,,,0
02414715,,40,2058.0,115.22396376226678,132000.0,64.1399416909621,100–200-year,station-skew LP3 screening,False,12,115.22396376226678,132000.0,64.1399416909621,6.25,2
02414765,,10,26.2,11.0,8820.0,336.6412213740458,10–25-year,empirical only,False,1,11.0,8820.0,336.6412213740458,-6.0,1
02414800,,21,7.97,51.68691049546767,6260.0,785.4454203262234,50–100-year,station-skew LP3 screening,False,1,51.68691049546767,6260.0,785.4454203262234,8.0,1
02415000,,62,190.0,250.6452663201002,23000.0,121.05263157894736,200–500-year,station-skew LP3 screening,False,12,27.13603224294582,17700.0,93.15789473684212,-12.5,2
02416000,,26,2480.0,153.491953274181,160000.0,64.51612903225806,100–200-year,station-skew LP3 screening,False,0,,,,,0
02416360,,2,,3.0,4990.0,,2–5-year,empirical only,False,1,3.0,4990.0,,3.0,0
02416481,,10,0.5,12.0,335.0,670.0,10–25-year,empirical only,False,2,12.0,335.0,670.0,-38.5,1
02417400,,8,1.27,9.0,676.0,532.2834645669292,5–10-year,empirical only,True,0,,,,,0
02418000,,7,2984.0,8.0,87500.0,29.323056300268096,5–10-year,empirical only,True,0,,,,,0
02418230,,25,71.3,43.55204278331091,12800.0,179.52314165497896,25–50-year,station-skew LP3 screening,False,13,43.55204278331091,12800.0,179.52314165497896,-1.25,2
02418500,,84,3328.0,73.35277269017274,177000.0,53.18509615384615,50–100-year,station-skew LP3 screening,False,8,30.009173619267077,125000.0,37.56009615384615,9.5,1
02418760,,22,45.8,19.13910182227005,9850.0,215.06550218340607,10–25-year,station-skew LP3 screening,False,11,19.13910182227005,9850.0,215.06550218340607,-11.0,2
02418764,,11,1.8,12.0,1480.0,822.2222222222222,10–25-year,empirical only,False,3,12.0,1480.0,822.2222222222222,-21.0,1
02418770,,10,2.0,12.0,2680.0,1340.0,10–25-year,empirical only,False,2,4.0,1580.0,790.0,-9.5,0
02419000,,85,333.0,53.44076723799144,37000.0,111.11111111111111,50–100-year,station-skew LP3 screening,False,16,27.16981364892033,30800.0,92.49249249249247,7.375,5
02419500,,6,3771.0,7.0,52000.0,13.789445770352692,5–10-year,empirical only,True,0,,,,,0
02419625,,18,124.0,19.0,19000.0,153.2258064516129,10–25-year,empirical only,False,0,,,,,0
02419670,,1,122.0,2.0,1360.0,11.147540983606556,2–5-year,empirical only,False,0,,,,,0
02419790,,1,103.0,2.0,1660.0,16.116504854368934,2–5-year,empirical only,False,2,2.0,1660.0,16.116504854368934,6.0,0
02419835,,9,48.4,10.0,5350.0,110.53719008264464,10–25-year,empirical only,True,0,,,,,0
02419845,,11,7.1,12.0,5740.0,808.4507042253522,10–25-year,empirical only,True,5,12.0,5740.0,808.4507042253522,-1.0,1
02419875,,11,2.7,12.0,4880.0,1807.4074074074076,10–25-year,empirical only,False,4,12.0,4880.0,1807.4074074074076,-8.0,1
02419890,,30,4646.0,17.919538613798505,90800.0,19.54369349978476,10–25-year,station-skew LP3 screening,False,10,8.983452810211901,75600.0,16.272061988807575,37.0,0
02419974,,11,2.3,12.0,6170.0,2682.608695652174,10–25-year,empirical only,False,3,12.0,6170.0,2682.608695652174,-17.0,1
02419975,,3,7.26,4.0,8370.0,1152.892561983471,2–5-year,empirical only,False,0,,,,,0
02419976,,11,8.1,12.0,8300.0,1024.6913580246917,10–25-year,empirical only,True,3,12.0,8300.0,1024.6913580246917,-17.0,1
02419977,,2,8.79,3.0,758.0,86.23435722411833,2–5-year,empirical only,False,0,,,,,0
02420000,,97,15087.0,133.46214243232995,322000.0,21.34287797441506,100–200-year,station-skew LP3 screening,False,10,72.6892764288442,290000.0,19.221846622920395,14.5,1
02420495,,9,1.2,11.0,470.0,391.6666666666667,10–25-year,empirical only,False,2,5.5,318.0,265.0,-75.5,0
02420980,,11,4.6,12.0,6620.0,1439.1304347826087,10–25-year,empirical only,False,2,12.0,6620.0,1439.1304347826087,16.0,1
02420987,,3,1.32,4.0,1660.0,1257.5757575757575,2–5-year,empirical only,False,0,,,,,0
02421000,,74,290.0,68.18370447346716,50000.0,172.41379310344828,50–100-year,station-skew LP3 screening,False,11,68.18370447346716,50000.0,172.41379310344828,7.0,2
02421105,,13,0.45,14.0,500.0,1111.111111111111,10–25-year,empirical only,False,2,7.0,290.0,644.4444444444445,-33.5,0
02421115,,3,59.3,4.0,12900.0,217.5379426644182,2–5-year,empirical only,False,1,4.0,12900.0,217.5379426644182,-2.0,0
02421256,,11,89.4,12.0,20200.0,225.95078299776284,10–25-year,empirical only,True,2,12.0,20200.0,225.95078299776284,-9.0,1
02421300,,13,10.7,14.0,2440.0,228.0373831775701,10–25-year,empirical only,False,1,4.666666666666667,1530.0,142.99065420560748,-36.0,0
02421480,,2,,3.0,1850.0,,2–5-year,empirical only,False,1,3.0,1850.0,,0.5,0
02421500,,9,123.0,10.0,39000.0,317.0731707317073,10–25-year,empirical only,False,0,,,,,0
02422000,,35,244.0,46.266057153388594,48000.0,196.72131147540983,25–50-year,station-skew LP3 screening,False,1,6.656962207667646,20300.0,83.19672131147541,-12.0,0
02422500,,86,203.0,252.9532307028657,40000.0,197.04433497536945,200–500-year,station-skew LP3 screening,False,13,27.802610901871383,19600.0,96.55172413793105,-12.0,2
02423000,,99,17095.0,127.59329665279948,284000.0,16.61304474992688,100–200-year,station-skew LP3 screening,False,3,113.8578139097187,280000.0,16.37905820415326,36.0,1
02423110,,12,12.5,13.0,4600.0,368.0,10–25-year,empirical only,False,5,13.0,4600.0,368.0,-5.0,1
02423130,,33,19.7,517.9621617973193,7350.0,373.0964467005076,>500-year,station-skew LP3 screening,True,11,517.9621617973193,7350.0,373.0964467005076,-13.0,2
02423160,,13,50.8,14.0,12300.0,242.1259842519685,10–25-year,empirical only,False,5,7.0,9820.0,193.30708661417324,-2.5,0
02423190,,2,39.3,3.0,3190.0,81.17048346055981,2–5-year,empirical only,False,1,3.0,3190.0,81.17048346055981,-14.0,0
02423380,,43,140.0,778.6262337812192,23500.0,167.85714285714286,>500-year,station-skew LP3 screening,True,16,778.6262337812192,23500.0,167.85714285714286,-9.0,2
02423397,,28,17.0,1000000.0,6000.0,352.94117647058823,>500-year,station-skew LP3 screening,False,11,1000000.0,6000.0,352.94117647058823,-27.0,4
02423398,,21,19.4,1000000.0,5490.0,282.9896907216495,>500-year,station-skew LP3 screening,True,6,1000000.0,5490.0,282.9896907216495,-33.0,1
02423400,,31,24.4,97.6179365716468,7450.0,305.32786885245906,50–100-year,station-skew LP3 screening,False,10,97.6179365716468,7450.0,305.32786885245906,-9.0,3
0242340550,,4,3.19,5.0,355.0,111.28526645768024,5–10-year,empirical only,False,0,,,,,0
02423410,,15,42.7,16.0,2430.0,56.90866510538641,10–25-year,empirical only,True,2,5.333333333333333,1680.0,39.34426229508196,-4.5,0
02423414,,21,47.0,37.58757272419284,3060.0,65.1063829787234,25–50-year,station-skew LP3 screening,False,8,37.58757272419284,3060.0,65.1063829787234,-5.5,1
02423425,,38,201.0,333.4596520343542,23400.0,116.4179104477612,200–500-year,station-skew LP3 screening,False,13,333.4596520343542,23400.0,116.4179104477612,-8.0,1
02423496,,36,226.0,1000000.0,20400.0,90.26548672566372,>500-year,station-skew LP3 screening,False,11,50.78770742301212,16000.0,70.79646017699115,8.75,2
02423500,,62,230.0,151.00778758744218,34000.0,147.82608695652175,100–200-year,station-skew LP3 screening,False,12,94.61080018180584,31000.0,134.7826086956522,2.5,1
0242354650,,3,14.3,4.0,622.0,43.49650349650349,2–5-year,empirical only,False,2,4.0,622.0,43.49650349650349,-31.875,0
0242354750,,27,25.6,90.40030505525532,3390.0,132.421875,50–100-year,station-skew LP3 screening,True,11,90.40030505525532,3390.0,132.421875,-11.0,2
02423555,,44,335.0,130.9657798563522,37200.0,111.04477611940298,100–200-year,station-skew LP3 screening,False,13,130.9657798563522,37200.0,111.04477611940298,-6.0,2
02423571,,8,9.46,9.0,2970.0,313.953488372093,5–10-year,empirical only,False,4,9.0,2970.0,313.953488372093,-7.875,0
02423586,,15,27.1,16.0,9290.0,342.8044280442804,10–25-year,empirical only,True,7,16.0,9290.0,342.8044280442804,-6.25,1
02423630,,42,72.3,1902.9125694438856,7800.0,107.88381742738588,>500-year,station-skew LP3 screening,True,12,1902.9125694438856,7800.0,107.88381742738588,-9.0,3
02423647,,16,593.0,17.0,41200.0,69.47723440134908,10–25-year,empirical only,False,5,17.0,41200.0,69.47723440134908,-8.0,1
02423800,,16,147.0,17.0,10000.0,68.02721088435374,10–25-year,empirical only,False,0,,,,,0
02424000,,114,1027.0,95.93689756338016,100000.0,97.3709834469328,50–100-year,station-skew LP3 screening,True,10,28.373159898891146,78400.0,76.33885102239533,-6.5,2
02424010,,16,0.59,17.0,524.0,888.135593220339,10–25-year,empirical only,True,1,4.25,360.0,610.1694915254237,-6.0,0
02424500,,32,1370.0,25.29081474455596,87100.0,63.57664233576642,25–50-year,station-skew LP3 screening,False,0,,,,,0
02424590,,26,1480.0,48.99004351971304,91500.0,61.82432432432432,25–50-year,station-skew LP3 screening,True,3,2.4568784657833658,23300.0,15.743243243243244,56.0,0
02424940,,12,220.0,13.0,17000.0,77.27272727272727,10–25-year,empirical only,False,2,13.0,17000.0,77.27272727272727,3.0,1
02425000,,73,1766.0,54.28537642956624,92000.0,52.09513023782559,50–100-year,station-skew LP3 screening,True,5,2.317498704071277,27000.0,15.288788221970554,69.0,0
02425200,,12,35.8,13.0,3330.0,93.01675977653632,10–25-year,empirical only,False,3,13.0,3330.0,93.01675977653632,-29.0,1
02425500,,30,211.0,93.2506236716356,99800.0,472.9857819905213,50–100-year,station-skew LP3 screening,False,2,3.194821876389941,8520.0,40.37914691943128,-21.5,0
02425655,,22,44.4,23.562226992104037,22100.0,497.7477477477478,10–25-year,station-skew LP3 screening,True,1,8.745320988015111,15000.0,337.83783783783787,-36.0,0
02426000,,31,95.4,103.81263218172316,21000.0,220.125786163522,100–200-year,station-skew LP3 screening,False,0,,,,,0
02426500,,6,200.0,7.0,31800.0,159.0,5–10-year,empirical only,False,0,,,,,0
02427000,,7,293.0,8.0,47000.0,160.40955631399316,5–10-year,empirical only,True,0,,,,,0
02427013,,4,2.69,5.0,1450.0,539.0334572490707,5–10-year,empirical only,False,0,,,,,0
02427020,,3,329.0,4.0,9830.0,29.878419452887535,2–5-year,empirical only,False,1,4.0,9830.0,29.878419452887535,7.5,0
02427250,,36,261.0,48.30274302599311,30400.0,116.47509578544062,25–50-year,station-skew LP3 screening,True,11,48.30274302599311,30400.0,116.47509578544062,7.0,3
02427300,,15,10.3,16.0,1860.0,180.58252427184465,10–25-year,empirical only,False,0,,,,,0
02427500,,26,20637.0,23.54605163629963,284000.0,13.761690168144597,10–25-year,station-skew LP3 screening,False,1,16.919487680448754,269000.0,13.034840335320055,132.0,1
02427700,,39,97.5,126.06924501994372,39600.0,406.1538461538461,100–200-year,station-skew LP3 screening,False,4,27.317309294826806,20000.0,205.12820512820517,-6.5,2
02427830,,9,21.7,10.0,117.0,5.391705069124424,10–25-year,empirical only,True,1,1.1111111111111112,82.0,3.778801843317973,-6.0,0
02427875,,19,64.3,20.0,11400.0,177.29393468118198,10–25-year,empirical only,False,0,,,,,0
02428300,,16,13.2,17.0,9650.0,731.0606060606061,10–25-year,empirical only,True,0,,,,,0
02428400,,42,21473.0,64.60439189014753,255000.0,11.875378382154333,50–100-year,station-skew LP3 screening,False,7,64.60439189014753,255000.0,11.875378382154333,93.0,1
02428500,,27,247.0,44.86716848350948,29800.0,120.64777327935222,25–50-year,station-skew LP3 screening,True,0,,,,,0
02429000,,24,121.0,67.59071317270985,30600.0,252.89256198347107,50–100-year,station-skew LP3 screening,False,0,,,,,0
02429500,,44,21967.0,53.47106977006826,267000.0,12.154595529658124,50–100-year,station-skew LP3 screening,False,0,,,,,0
02429540,,1,22360.0,2.0,118000.0,5.277280858676208,2–5-year,empirical only,False,0,,,,,0
02429595,,11,95.2,12.0,12500.0,131.30252100840335,10–25-year,empirical only,False,0,,,,,0
02429650,,10,44.4,12.0,5400.0,121.62162162162164,10–25-year,empirical only,False,0,,,,,0
02432500,,24,136.0,17.3974064281032,15000.0,110.29411764705884,10–25-year,station-skew LP3 screening,False,0,,,,,0
02437800,,15,13.1,16.0,5160.0,393.8931297709924,10–25-year,empirical only,False,0,,,,,0
02437810,,1,112.0,2.0,3400.0,30.357142857142858,2–5-year,empirical only,False,0,,,,,0
02437900,,12,14.3,13.0,2500.0,174.82517482517483,10–25-year,empirical only,False,0,,,,,0
02438000,,70,277.0,492.5717897184962,49500.0,178.7003610108303,200–500-year,station-skew LP3 screening,False,9,104.86079924597884,40100.0,144.76534296028882,-9.0,2
02438500,,9,306.0,10.0,22800.0,74.50980392156863,10–25-year,empirical only,True,0,,,,,0
02439000,,36,472.0,567.2501865453272,60100.0,127.33050847457628,>500-year,station-skew LP3 screening,True,3,3.9726549449758544,23900.0,50.63559322033898,-6.0,0
02442000,,32,130.0,38.72816189008324,14000.0,107.6923076923077,25–50-year,station-skew LP3 screening,False,1,7.230009100642277,9500.0,73.07692307692308,-16.0,0
02442500,,38,247.0,1000000.0,16500.0,66.80161943319838,>500-year,station-skew LP3 screening,False,10,1000000.0,15500.0,62.75303643724696,-3.0,6
02443000,,84,309.0,44.59630665643324,16000.0,51.77993527508091,25–50-year,station-skew LP3 screening,False,11,36.36600928221089,15500.0,50.16181229773463,1.0,5
02443230,,12,35.8,13.0,4650.0,129.8882681564246,10–25-year,empirical only,False,1,13.0,4650.0,129.8882681564246,-16.0,1
02443730,,11,0.24,13.0,163.0,679.1666666666667,10–25-year,empirical only,False,2,13.0,163.0,679.1666666666667,-18.5,1
02444000,,26,126.0,66.9073227157709,16400.0,130.15873015873015,50–100-year,station-skew LP3 screening,True,2,66.9073227157709,16400.0,130.15873015873015,-9.5,1
02444160,,44,5750.0,165.97315549337185,178000.0,30.956521739130437,100–200-year,station-skew LP3 screening,False,8,165.97315549337185,178000.0,30.956521739130437,12.0,3
02444161,,6,5750.0,7.0,82100.0,14.278260869565218,5–10-year,empirical only,True,1,1.75,48900.0,8.504347826086956,16.0,0
02444490,,6,52.6,7.0,8400.0,159.6958174904943,5–10-year,empirical only,True,2,7.0,8400.0,159.6958174904943,-23.5,0
02444500,,41,5940.0,102.08595741294948,255000.0,42.92929292929293,100–200-year,station-skew LP3 screening,False,1,6.624073143454809,106000.0,17.845117845117844,-16.0,0
02445000,,15,112.0,16.0,21000.0,187.5,10–25-year,empirical only,True,1,16.0,21000.0,187.5,-16.0,1
02445245,,21,59.3,18.170893700093384,7970.0,134.40134907251266,10–25-year,station-skew LP3 screening,False,0,,,,,0
02445290,,1,138.0,2.0,4000.0,28.98550724637681,2–5-year,empirical only,False,0,,,,,0
02445500,,22,282.0,22.114088816207506,24500.0,86.87943262411348,10–25-year,station-skew LP3 screening,False,1,2.8627733841274723,12000.0,42.5531914893617,56.0,0
02446000,,13,413.0,14.0,23600.0,57.142857142857146,10–25-year,empirical only,True,0,,,,,0
02446500,,82,528.0,84.29856041946456,27800.0,52.65151515151515,50–100-year,station-skew LP3 screening,False,8,32.0967870197574,23100.0,43.75,31.5,1
02447000,,21,769.0,52.82138768189134,35000.0,45.51365409622887,50–100-year,station-skew LP3 screening,False,0,,,,,0
02447025,,40,7230.0,95.21332912751188,211000.0,29.183955739972337,50–100-year,station-skew LP3 screening,False,4,5.74959248459578,145000.0,20.055325034578143,47.5,0
02448500,,82,1097.0,543.629479897202,156000.0,142.20601640838652,>500-year,station-skew LP3 screening,False,13,543.629479897202,156000.0,142.20601640838652,32.0,3
02448900,,34,158.0,71.93384876128174,21900.0,138.60759493670886,50–100-year,station-skew LP3 screening,False,7,71.93384876128174,21900.0,138.60759493670886,-8.0,3
02449000,,51,8632.0,70.75525389226505,261000.0,30.23632993512512,50–100-year,station-skew LP3 screening,True,2,70.75525389226505,261000.0,30.23632993512512,32.0,1
02449245,,25,43.2,323.7315861138724,8100.0,187.5,200–500-year,station-skew LP3 screening,False,2,323.7315861138724,8100.0,187.5,-16.0,2
02449400,,16,11.8,17.0,5160.0,437.2881355932203,10–25-year,empirical only,False,0,,,,,0
02449500,,18,8930.0,19.0,247000.0,27.659574468085108,10–25-year,empirical only,True,1,19.0,247000.0,27.659574468085108,56.0,1
02449775,,1,110.0,2.0,2690.0,24.454545454545453,2–5-year,empirical only,False,0,,,,,0
02449838,,3,37.1,4.0,503.0,13.557951482479783,2–5-year,empirical only,False,0,,,,,0
02449882,,33,13.0,26.63792718310216,2630.0,202.30769230769232,25–50-year,station-skew LP3 screening,False,8,26.63792718310216,2630.0,202.30769230769232,-7.0,3
02450000,,90,358.0,79.7835922289006,67000.0,187.1508379888268,50–100-year,station-skew LP3 screening,False,7,79.7835922289006,67000.0,187.1508379888268,-15.75,1
02450180,,46,487.0,73.15817177889946,51700.0,106.16016427104722,50–100-year,station-skew LP3 screening,False,11,73.15817177889946,51700.0,106.16016427104722,2.25,4
02450200,,16,13.0,17.0,2850.0,219.23076923076923,10–25-year,empirical only,False,0,,,,,0
02450215,,1,26.0,2.0,1230.0,47.30769230769231,2–5-year,empirical only,False,0,,,,,0
02450250,,59,92.1,159.01305572974644,20300.0,220.4125950054289,100–200-year,station-skew LP3 screening,False,15,61.475867302545744,17500.0,190.0108577633008,-8.0,1
02450500,,10,360.0,12.0,48400.0,134.44444444444446,10–25-year,empirical only,True,0,,,,,0
02450825,,35,101.0,24.526057304295577,11700.0,115.84158415841584,10–25-year,station-skew LP3 screening,False,7,24.526057304295577,11700.0,115.84158415841584,-8.0,1
02451000,,20,149.0,30.445069160143994,13000.0,87.24832214765101,25–50-year,station-skew LP3 screening,False,0,,,,,0
02451500,,16,524.0,18.0,57000.0,108.77862595419847,10–25-year,empirical only,True,0,,,,,0
02451550,,8,1.42,9.0,369.0,259.85915492957747,5–10-year,empirical only,False,0,,,,,0
02451750,,9,1.64,10.0,1300.0,792.6829268292684,10–25-year,empirical only,True,0,,,,,0
02452000,,8,969.0,9.0,47300.0,48.81320949432405,5–10-year,empirical only,False,0,,,,,0
02452500,,9,992.0,10.0,51400.0,51.814516129032256,10–25-year,empirical only,False,0,,,,,0
02452505,,1,1100.0,2.0,9230.0,8.39090909090909,2–5-year,empirical only,False,0,,,,,0
02453000,,73,181.0,98.74328557827904,10600.0,58.56353591160221,50–100-year,station-skew LP3 screening,False,6,25.86347477718397,8550.0,47.23756906077348,9.0,1
02453390,,3,11.8,4.0,1930.0,163.5593220338983,2–5-year,empirical only,False,1,4.0,1930.0,163.5593220338983,-8.0,0
02453400,,12,2.47,13.0,439.0,177.7327935222672,10–25-year,empirical only,False,0,,,,,0
02453500,,25,1916.0,28.365919086307244,60400.0,31.52400835073069,25–50-year,station-skew LP3 screening,True,4,8.427964370169615,50200.0,26.200417536534445,2.125,0
02453835,,2,2.68,3.0,764.0,285.07462686567163,2–5-year,empirical only,False,0,,,,,0
02453900,,7,4.7,8.0,854.0,181.70212765957447,5–10-year,empirical only,True,0,,,,,0
02453950,,19,115.0,20.0,11900.0,103.47826086956522,10–25-year,empirical only,True,0,,,,,0
02454000,,26,134.0,55.33466177331789,19400.0,144.77611940298507,50–100-year,station-skew LP3 screening,False,2,11.838648200443316,10800.0,80.59701492537313,-5.5,1
02454055,,29,143.0,73.47530677180139,10600.0,74.12587412587412,50–100-year,station-skew LP3 screening,False,5,21.04137349412632,8770.0,61.32867132867133,15.0,2
02454200,,14,85.0,15.0,14000.0,164.7058823529412,10–25-year,empirical only,False,1,7.5,10700.0,125.88235294117646,-16.0,0
02454500,,17,147.0,18.0,12200.0,82.99319727891157,10–25-year,empirical only,True,0,,,,,0
02454995,,3,13.0,4.0,1830.0,140.76923076923077,2–5-year,empirical only,False,2,4.0,1830.0,140.76923076923077,-34.0,0
02455000,,84,303.0,182.14386132024876,34000.0,112.2112211221122,100–200-year,station-skew LP3 screening,False,10,30.688044597066305,24400.0,80.52805280528052,-8.0,4
02455185,,18,36.1,19.0,6790.0,188.08864265927977,10–25-year,empirical only,True,5,19.0,6790.0,188.08864265927977,-1.75,1
02455280,,5,186.0,6.0,19900.0,106.98924731182797,5–10-year,empirical only,False,0,,,,,0
02455500,,55,624.0,45.06082690472417,62400.0,100.0,25–50-year,station-skew LP3 screening,True,1,12.30586014152111,45000.0,72.11538461538461,8.0,1
02455900,,10,707.0,11.0,45300.0,64.07355021216408,10–25-year,empirical only,False,5,11.0,45300.0,64.07355021216408,10.0,1
02455973,,1,3.4,2.0,3190.0,938.2352941176472,2–5-year,empirical only,False,0,,,,,0
02455974,,1,2.1,2.0,2570.0,1223.809523809524,2–5-year,empirical only,False,0,,,,,0
02455980,,36,27.4,32.82684520091489,10100.0,368.6131386861314,25–50-year,station-skew LP3 screening,False,12,30.026561435437223,9900.0,361.3138686131387,-9.5,3
02456000,,52,80.9,93.81998805845404,15800.0,195.3028430160692,50–100-year,station-skew LP3 screening,False,9,93.81998805845404,15800.0,195.3028430160692,-9.0,2
02456330,,13,16.2,14.0,10600.0,654.320987654321,10–25-year,empirical only,True,3,14.0,10600.0,654.320987654321,-20.0,1
02456500,,84,885.0,130.1144620602995,56000.0,63.27683615819209,100–200-year,station-skew LP3 screening,False,17,14.701636300561097,42400.0,47.909604519774014,10.5,3
02456980,,7,18.6,8.0,7220.0,388.1720430107527,5–10-year,empirical only,True,1,2.0,3430.0,184.40860215053763,-28.0,0
02456998,,7,3.11,8.0,4400.0,1414.790996784566,5–10-year,empirical only,False,1,4.0,2710.0,871.3826366559485,-28.0,0
02457000,,46,23.9,1112.68169267295,16700.0,698.744769874477,>500-year,station-skew LP3 screening,True,9,1112.68169267295,16700.0,698.744769874477,-12.0,2
02457595,,37,51.9,218.45523093476905,24200.0,466.2813102119461,200–500-year,station-skew LP3 screening,False,10,218.45523093476905,24200.0,466.2813102119461,-7.375,2
02457670,,10,91.7,11.0,29400.0,320.6106870229008,10–25-year,empirical only,False,3,11.0,29400.0,320.6106870229008,-11.0,1
02457700,,11,96.2,12.0,14500.0,150.7276507276507,10–25-year,empirical only,False,0,,,,,0
02457704,,5,96.9,6.0,14100.0,145.5108359133127,5–10-year,empirical only,True,3,6.0,14100.0,145.5108359133127,1.25,0
02458148,,20,4.1,1000000.0,1990.0,485.3658536585367,>500-year,station-skew LP3 screening,False,8,1000000.0,1990.0,485.3658536585367,-11.125,2
02458190,,10,3.35,11.0,2300.0,686.5671641791045,10–25-year,empirical only,False,3,5.5,2240.0,668.6567164179104,-6.0,0
02458200,,12,15.6,13.0,4950.0,317.3076923076923,10–25-year,empirical only,True,2,6.5,4860.0,311.53846153846155,-23.0,0
02458300,,32,26.0,287.10821210941697,5950.0,228.84615384615384,200–500-year,station-skew LP3 screening,False,7,287.10821210941697,5950.0,228.84615384615384,-10.0,3
02458450,,40,33.5,38.24666012887121,6820.0,203.5820895522388,25–50-year,station-skew LP3 screening,False,12,21.621323465978616,6570.0,196.11940298507463,-8.5,2
02458502,,20,36.7,33.465831439099546,6620.0,180.38147138964572,25–50-year,station-skew LP3 screening,False,7,33.465831439099546,6620.0,180.38147138964572,-4.783333333333333,2
02458600,,29,52.2,27.02007715312868,7110.0,136.20689655172413,25–50-year,station-skew LP3 screening,False,9,27.02007715312868,7110.0,136.20689655172413,-4.5,2
02460500,,31,83.5,71.53478995802288,19700.0,235.92814371257484,50–100-year,station-skew LP3 screening,False,2,26.10920420473863,14600.0,174.85029940119762,-7.875,1
02461130,,12,7.0,13.0,4620.0,660.0,10–25-year,empirical only,True,4,13.0,4620.0,660.0,-8.875,1
02461192,,5,13.524,6.0,4570.0,337.9177758059746,5–10-year,empirical only,False,4,6.0,4570.0,337.9177758059746,-6.958333333333334,0
02461405,,7,30.0,8.0,4950.0,165.0,5–10-year,empirical only,True,5,8.0,4950.0,165.0,-3.25,0
02461500,,41,52.5,69.34737545781891,13000.0,247.6190476190476,50–100-year,station-skew LP3 screening,False,10,34.03930878294434,11300.0,215.23809523809524,-11.0,2
02461630,,6,7.3,7.0,919.0,125.89041095890413,5–10-year,empirical only,False,2,7.0,919.0,125.89041095890413,-22.5,0
02461640,,9,61.4,10.0,7600.0,123.7785016286645,10–25-year,empirical only,True,4,10.0,7600.0,123.7785016286645,-22.0,1
02462000,,71,148.0,127.578104053496,32000.0,216.21621621621625,100–200-year,station-skew LP3 screening,True,9,127.578104053496,32000.0,216.21621621621625,-10.0,3
02462500,,46,3981.0,43.53181530836507,143000.0,35.920622959055514,25–50-year,station-skew LP3 screening,False,8,43.53181530836507,143000.0,35.920622959055514,-13.0,3
02462600,,22,5.32,14.61343233564541,4250.0,798.8721804511277,10–25-year,station-skew LP3 screening,True,4,8.641993341540374,3600.0,676.6917293233082,-32.5,0
02462800,,17,45.3,18.0,5800.0,128.03532008830024,10–25-year,empirical only,False,0,,,,,0
02462840,,2,87.3,3.0,5320.0,60.93928980526919,2–5-year,empirical only,False,0,,,,,0
02462951,,38,4219.0,133.09653814418334,178000.0,42.19009243896658,100–200-year,station-skew LP3 screening,False,5,133.09653814418334,178000.0,42.19009243896658,-14.0,2
02462990,,7,8.38,8.0,2510.0,299.5226730310262,5–10-year,empirical only,False,3,8.0,2510.0,299.5226730310262,-25.0,0
02463500,,17,108.0,18.0,16800.0,155.55555555555554,10–25-year,empirical only,True,0,,,,,0
02463510,,1,113.0,2.0,5620.0,49.73451327433628,2–5-year,empirical only,False,0,,,,,0
02463587,,1,46.2,2.0,3070.0,66.45021645021644,2–5-year,empirical only,False,0,,,,,0
02463900,,6,15.0,7.0,9280.0,618.6666666666666,5–10-year,empirical only,True,2,7.0,9280.0,618.6666666666666,-22.5,0
02464000,,87,223.0,350.227115639154,25500.0,114.34977578475336,200–500-year,station-skew LP3 screening,False,7,57.18973209963435,19700.0,88.34080717488789,-9.0,2
02464146,,35,6.16,63.75549473532492,4320.0,701.2987012987013,50–100-year,station-skew LP3 screening,False,10,63.75549473532492,4320.0,701.2987012987013,-22.5,2
02464360,,31,57.2,82.35806595489426,10500.0,183.56643356643357,50–100-year,station-skew LP3 screening,False,3,9.690233179841147,5230.0,91.43356643356644,-30.0,0
02464385,,2,4.67,3.0,431.0,92.2912205567452,2–5-year,empirical only,False,0,,,,,0
02464500,,17,372.0,19.0,27200.0,73.11827956989248,10–25-year,empirical only,False,0,,,,,0
02464503,,2,1.03,3.0,110.0,106.79611650485435,2–5-year,empirical only,False,0,,,,,0
02464660,,9,20.9,10.0,1630.0,77.99043062200957,10–25-year,empirical only,True,2,10.0,1630.0,77.99043062200957,-15.5,1
02464680,,2,0.92,3.0,141.0,153.26086956521738,2–5-year,empirical only,False,0,,,,,0
02465000,,95,4820.0,125.3382228676483,272000.0,56.43153526970954,100–200-year,station-skew LP3 screening,False,9,125.3382228676483,272000.0,56.43153526970954,-3.0,2
02465080,,2,11.4,3.0,748.0,65.6140350877193,2–5-year,empirical only,False,1,3.0,748.0,65.6140350877193,-30.0,0
02465200,,14,3.71,15.0,448.0,120.75471698113208,10–25-year,empirical only,False,0,,,,,0
02465205,,12,3.65,13.0,1950.0,534.2465753424658,10–25-year,empirical only,False,1,6.5,1170.0,320.54794520547944,-30.0,0
02465286,,7,,8.0,1270.0,,5–10-year,empirical only,True,2,8.0,1270.0,,-33.5,0
02465292,,22,10.7,28.74418823467116,6700.0,626.1682242990655,25–50-year,station-skew LP3 screening,False,6,28.74418823467116,6700.0,626.1682242990655,-22.25,1
02465400,,5,55.9,6.0,7000.0,125.22361359570662,5–10-year,empirical only,True,0,,,,,0
02465493,,48,32.3,90.64497455272664,6430.0,199.07120743034056,50–100-year,station-skew LP3 screening,False,14,90.64497455272664,6430.0,199.07120743034056,-13.0,5
02465500,,21,73.6,36.22489455012762,7400.0,100.54347826086958,25–50-year,station-skew LP3 screening,False,1,3.038600056311261,2700.0,36.684782608695656,-16.0,0
02466000,,30,5792.0,32.31235716293731,222000.0,38.32872928176796,25–50-year,station-skew LP3 screening,False,2,32.31235716293731,222000.0,38.32872928176796,50.5,1
02466030,,43,5810.0,644.4520644171224,222000.0,38.20998278829604,>500-year,station-skew LP3 screening,False,10,644.4520644171224,222000.0,38.20998278829604,28.5,3
02466500,,16,171.0,17.0,39000.0,228.0701754385965,10–25-year,empirical only,False,1,1.3076923076923077,7340.0,42.92397660818713,9.0,0
02467000,,89,15385.0,427.0621469079471,343000.0,22.294442638934022,200–500-year,station-skew LP3 screening,True,3,4.828685137281351,182000.0,11.829704257393566,69.0,0
02467050,,2,15500.0,4.0,343000.0,22.12903225806452,2–5-year,empirical only,False,0,,,,,0
02467500,,84,607.0,304.63360735458366,62200.0,102.47116968698518,200–500-year,station-skew LP3 screening,False,9,304.63360735458366,62200.0,102.47116968698518,35.0,4
02468000,,17,62.3,18.0,14700.0,235.95505617977528,10–25-year,empirical only,False,0,,,,,0
02468500,,29,257.0,27.32090891680603,35000.0,136.18677042801556,25–50-year,station-skew LP3 screening,False,4,24.507613211730977,34000.0,132.295719844358,-9.0,2
02468966,,8,20.1,9.0,1080.0,53.731343283582085,5–10-year,empirical only,False,0,,,,,0
02469000,,16,90.9,17.0,15500.0,170.5170517051705,10–25-year,empirical only,False,0,,,,,0
02469500,,2,115.0,3.0,4160.0,36.17391304347826,2–5-year,empirical only,False,0,,,,,0
02469525,,9,17487.0,10.0,220000.0,12.58077428947218,10–25-year,empirical only,True,0,,,,,0
02469550,,22,60.4,27.693828225182006,28100.0,465.2317880794702,25–50-year,station-skew LP3 screening,True,1,27.693828225182006,28100.0,465.2317880794702,90.0,1
02469672,,19,4.35,20.0,1850.0,425.2873563218391,10–25-year,empirical only,True,2,10.0,1780.0,409.1954022988506,-43.5,1
02469700,,14,148.0,15.0,15000.0,101.35135135135135,10–25-year,empirical only,False,0,,,,,0
02469761,,63,18417.0,197.17512469516552,290000.0,15.746321333550524,100–200-year,station-skew LP3 screening,False,8,31.97901179906444,250000.0,13.574414942715968,77.5,2
02469766,,52,18464.0,68.63664417371004,290000.0,15.70623916811092,50–100-year,station-skew LP3 screening,False,2,27.00415027466906,250000.0,13.539861351819756,13.0,2
02469795,,8,0.72,9.0,490.0,680.5555555555555,5–10-year,empirical only,True,1,2.25,250.0,347.22222222222223,-26.0,0
02469800,,70,164.0,130.95323070920475,38000.0,231.70731707317077,100–200-year,station-skew LP3 screening,False,15,43.58862998438459,24500.0,149.390243902439,-4.0,5
02470000,,37,18965.0,69.59583936259192,280000.0,14.76403901924598,50–100-year,station-skew LP3 screening,False,0,,,,,0
02470072,,30,10.5,32.67904441640812,2580.0,245.7142857142857,25–50-year,station-skew LP3 screening,False,7,32.67904441640812,2580.0,245.7142857142857,-19.0,2
02470100,,21,195.0,49.09987012525208,18000.0,92.3076923076923,25–50-year,station-skew LP3 screening,False,0,,,,,0
02470320,,8,51.8,9.0,8420.0,162.54826254826256,5–10-year,empirical only,True,1,9.0,8420.0,162.54826254826256,-6.0,0
02471000,,17,123.0,18.0,35000.0,284.5528455284553,10–25-year,empirical only,False,0,,,,,0
02471001,,73,125.0,274.9676729315305,35000.0,280.0,200–500-year,station-skew LP3 screening,False,14,22.066889132524853,15800.0,126.4,-16.5,3
0247100550,,4,23.2,5.0,3490.0,150.43103448275863,5–10-year,empirical only,False,2,5.0,3490.0,150.43103448275863,-30.0,0
02471013,,4,10.4,5.0,1930.0,185.57692307692307,5–10-year,empirical only,False,2,5.0,1930.0,185.57692307692307,-15.0,0
02471026,,6,2.25,7.0,915.0,406.6666666666667,5–10-year,empirical only,True,0,,,,,0
02471065,,14,7.28,15.0,5530.0,759.6153846153846,10–25-year,empirical only,True,2,7.5,4810.0,660.7142857142857,-28.5,0
02471078,,31,16.5,26.835166126049828,6940.0,420.6060606060606,25–50-year,station-skew LP3 screening,False,16,26.835166126049828,6940.0,420.6060606060606,-16.5,5
02478500,,87,2690.0,506.4603860699283,125000.0,46.468401486988846,>500-year,station-skew LP3 screening,False,11,4.859954663010571,34400.0,12.788104089219331,41.0,0
02479420,,4,2.56,5.0,620.0,242.1875,5–10-year,empirical only,False,0,,,,,0
02479431,,23,20.4,19.59632959854572,3780.0,185.29411764705884,10–25-year,station-skew LP3 screening,False,6,19.59632959854572,3780.0,185.29411764705884,-17.0,2
02479500,,35,511.0,43.032580361572045,30000.0,58.70841487279844,25–50-year,station-skew LP3 screening,True,1,2.3081529931621847,9370.0,18.33659491193738,27.0,0
02479560,,46,562.0,83.48734396004494,36200.0,64.41281138790036,50–100-year,station-skew LP3 screening,False,15,83.48734396004494,36200.0,64.41281138790036,6.0,5
02479583,,5,6.55,6.0,261.0,39.84732824427481,5–10-year,empirical only,True,0,,,,,0
02479600,,13,646.0,14.0,20900.0,32.35294117647059,10–25-year,empirical only,False,0,,,,,0
02479945,,35,31.48,75.52783167414833,6910.0,219.50444726810676,50–100-year,station-skew LP3 screening,False,14,22.27798050894948,4700.0,149.30114358322746,-13.5,2
02479948,,1,9.22,2.0,222.0,24.07809110629067,2–5-year,empirical only,False,0,,,,,0
02479950,,1,8.54,2.0,206.0,24.12177985948478,2–5-year,empirical only,False,0,,,,,0
02479980,,35,8.08,117.53433044596132,2200.0,272.2772277227723,100–200-year,station-skew LP3 screening,False,13,117.53433044596132,2200.0,272.2772277227723,-14.0,3
02480000,,6,84.0,7.0,3460.0,41.19047619047619,5–10-year,empirical only,True,0,,,,,0
02480002,,35,8.22,56.85662888565299,3640.0,442.8223844282238,50–100-year,station-skew LP3 screening,True,14,56.85662888565299,3640.0,442.8223844282238,-15.0,2
02480150,,23,16.7,13.159133439587803,2800.0,167.66467065868264,10–25-year,station-skew LP3 screening,False,1,13.159133439587803,2800.0,167.66467065868264,-7.0,1
03568782,,1,4.28,2.0,71.0,16.588785046728972,2–5-year,empirical only,False,0,,,,,0
03568810,,1,102.0,2.0,8500.0,83.33333333333333,2–5-year,empirical only,False,0,,,,,0
03568825,,1,1.73,2.0,2090.0,1208.092485549133,2–5-year,empirical only,False,0,,,,,0
03571850,,59,22640.0,308.1411617824115,320000.0,14.134275618374556,200–500-year,station-skew LP3 screening,False,0,,,,,0
03572110,,26,131.0,1000000.0,22400.0,170.99236641221373,>500-year,station-skew LP3 screening,False,6,1000000.0,22400.0,170.99236641221373,-11.5,3
03572153,,1,29.2,2.0,2500.0,85.61643835616438,2–5-year,empirical only,False,1,2.0,2500.0,85.61643835616438,20.0,0
03572690,,15,44.1,16.0,10300.0,233.56009070294783,10–25-year,empirical only,False,4,16.0,10300.0,233.56009070294783,-3.75,1
03572900,,32,141.0,46.271239672126605,23500.0,166.66666666666666,25–50-year,station-skew LP3 screening,False,4,46.271239672126605,23500.0,166.66666666666666,-3.875,3
03573000,,21,91.6,56.211445342343325,25000.0,272.9257641921397,50–100-year,station-skew LP3 screening,True,0,,,,,0
03573182,,7,50.0,8.0,5080.0,101.6,5–10-year,empirical only,False,3,8.0,5080.0,101.6,-38.0,0
03573500,,9,24340.0,10.0,350000.0,14.37962202136401,10–25-year,empirical only,True,0,,,,,0
03574100,,10,44.9,11.0,4900.0,109.1314031180401,10–25-year,empirical only,True,4,11.0,4900.0,109.1314031180401,-2.25,1
03574405,,3,,4.0,1700.0,,2–5-year,empirical only,False,0,,,,,0
03574500,,90,320.0,864.1065798507375,74200.0,231.875,>500-year,station-skew LP3 screening,True,14,169.33368902590257,58000.0,181.25,14.0,3
03574700,,19,2.18,37.06696887544975,1470.0,674.3119266055045,25–50-year,station-skew LP3 screening,False,0,,,,,0
03574768,,6,,7.0,19700.0,,5–10-year,empirical only,True,2,7.0,19700.0,,-13.625,0
03574796,,74,0.44,59.38944751392197,276.0,627.2727272727273,50–100-year,station-skew LP3 screening,False,0,,,,,0
0357479650,,24,33.0,1000000.0,8630.0,261.5151515151515,>500-year,station-skew LP3 screening,False,6,1000000.0,5780.0,175.15151515151516,-34.0,2
03574840,,5,1.43,6.0,840.0,587.4125874125874,5–10-year,empirical only,False,0,,,,,0
03574872,,5,0.17,6.0,144.0,847.0588235294117,5–10-year,empirical only,False,0,,,,,0
03575000,,63,342.0,153.9439405949455,120000.0,350.87719298245617,100–200-year,station-skew LP3 screening,True,4,153.9439405949455,120000.0,350.87719298245617,-17.0,1
03575100,,27,375.0,66.0500566233484,56000.0,149.33333333333334,50–100-year,station-skew LP3 screening,True,8,9.536572020452445,37900.0,101.06666666666666,-8.5,0
0357526200,,28,4.89,80.8716845660424,4250.0,869.1206543967281,50–100-year,station-skew LP3 screening,False,7,80.8716845660424,4250.0,869.1206543967281,-11.0,1
03575272,,17,2.73,18.0,1870.0,684.981684981685,10–25-year,empirical only,False,8,18.0,1870.0,684.981684981685,-9.333333333333334,1
03575340,,73,3.52,51.83846411180582,767.0,217.89772727272728,50–100-year,station-skew LP3 screening,False,0,,,,,0
03575500,,81,25610.0,115.79812594140634,323000.0,12.612260835611089,100–200-year,station-skew LP3 screening,False,7,30.545790178710345,304000.0,11.870363139398671,18.0,2
03575686,,5,1.15,6.0,805.0,700.0,5–10-year,empirical only,False,0,,,,,0
0357568650,,29,1.41,54.09455762676181,2320.0,1645.390070921986,50–100-year,station-skew LP3 screening,False,8,49.46283694386487,2260.0,1602.8368794326243,-10.583333333333332,1
0357568820,,9,1.14,10.0,2050.0,1798.2456140350878,10–25-year,empirical only,True,2,5.0,700.0,614.0350877192983,-48.5,0
0357568980,,30,6.97,110.86867952163828,6210.0,890.961262553802,100–200-year,station-skew LP3 screening,False,8,24.226240340835304,3860.0,553.8020086083214,-7.625,1
03575696,,4,13.9,5.0,5240.0,376.978417266187,5–10-year,empirical only,False,0,,,,,0
03575700,,40,14.1,58.60353145189112,7890.0,559.5744680851064,50–100-year,station-skew LP3 screening,False,8,54.12898461488923,7730.0,548.2269503546099,-19.791666666666668,2
03575830,,66,49.0,85.33863212013186,16500.0,336.734693877551,50–100-year,station-skew LP3 screening,True,12,26.78730049194781,12000.0,244.89795918367344,-22.5,3
0357586650,,28,3.44,70.99273488477282,6810.0,1979.6511627906975,50–100-year,station-skew LP3 screening,False,9,70.99273488477282,6810.0,1979.6511627906975,-27.0,1
0357587090,,29,2.28,19.83960557264909,2160.0,947.3684210526316,10–25-year,station-skew LP3 screening,False,9,15.306685982630691,2050.0,899.1228070175439,-19.0,1
0357587140,,27,2.52,56.35124972463446,1620.0,642.8571428571429,50–100-year,station-skew LP3 screening,True,11,11.003578496768892,1030.0,408.73015873015873,-11.0,2
0357587400,,30,8.5,358.00223439265034,6930.0,815.2941176470588,200–500-year,station-skew LP3 screening,False,11,9.152417762788469,3430.0,403.52941176470586,-11.0,0
0357587728,,39,2.99,227.961490443382,6200.0,2073.5785953177256,200–500-year,station-skew LP3 screening,True,10,227.961490443382,6200.0,2073.5785953177256,-22.0,3
03575890,,42,22.6,198.8217738181121,10700.0,473.4513274336283,100–200-year,station-skew LP3 screening,False,14,198.8217738181121,10700.0,473.4513274336283,-22.0,2
03575910,,5,0.16,6.0,228.0,1425.0,5–10-year,empirical only,True,0,,,,,0
0357591500,,28,1.47,68.9969654426436,1950.0,1326.530612244898,50–100-year,station-skew LP3 screening,False,9,68.9969654426436,1950.0,1326.530612244898,-11.0,2
03575930,,5,8.87,6.0,4240.0,478.0157835400226,5–10-year,empirical only,False,0,,,,,0
03575933,,16,8.93,17.0,9460.0,1059.3505039193728,10–25-year,empirical only,False,3,17.0,9460.0,1059.3505039193728,-56.0,1
03575950,,35,41.8,28.681453582268222,14900.0,356.4593301435407,25–50-year,station-skew LP3 screening,True,8,28.681453582268222,14900.0,356.4593301435407,-23.0,2
03575980,,41,9.64,77.72352992583761,4560.0,473.0290456431535,50–100-year,station-skew LP3 screening,False,10,16.568325093314346,3480.0,360.9958506224066,-28.5,2
03576100,,5,49.0,6.0,8170.0,166.73469387755102,5–10-year,empirical only,False,0,,,,,0
03576148,,21,136.0,34.30799426777022,23300.0,171.3235294117647,25–50-year,station-skew LP3 screening,False,2,34.30799426777022,23300.0,171.3235294117647,21.5,2
03576250,,76,119.0,174.20304474603665,38000.0,319.327731092437,100–200-year,station-skew LP3 screening,False,9,7.938761574681901,15400.0,129.41176470588235,-7.0,0
03576400,,14,55.8,15.0,12900.0,231.18279569892476,10–25-year,empirical only,False,1,3.0,4700.0,84.2293906810036,-25.0,0
03576500,,41,86.3,126.7188395757968,30000.0,347.6245654692932,100–200-year,station-skew LP3 screening,False,5,17.299831270866168,15800.0,183.08227114716107,4.5,3
03576800,,3,1.27,4.0,219.0,172.44094488188975,2–5-year,empirical only,False,0,,,,,0
03576810,,4,6.69,5.0,2500.0,373.69207772795215,5–10-year,empirical only,False,0,,,,,0
03577000,,22,87.6,62.54634717912194,5120.0,58.44748858447489,50–100-year,station-skew LP3 screening,False,0,,,,,0
03577110,,19,158.0,20.0,11400.0,72.15189873417721,10–25-year,empirical only,True,0,,,,,0
03577119,,2,,3.0,6520.0,,2–5-year,empirical only,False,0,,,,,0
03577225,,16,40.9,17.0,11700.0,286.0635696821516,10–25-year,empirical only,False,2,8.5,9190.0,224.69437652811737,-6.0,0
03584500,,74,1784.0,97.81110558328224,130000.0,72.86995515695067,50–100-year,station-skew LP3 screening,True,1,5.222749172976685,55200.0,30.94170403587444,-45.0,0
03584600,,102,1805.0,117.68785506373816,117000.0,64.81994459833795,100–200-year,station-skew LP3 screening,False,14,62.94772553280575,103000.0,57.06371191135734,20.75,2
03585269,,3,125.0,4.0,3580.0,28.64,2–5-year,empirical only,False,0,,,,,0
03585300,,12,152.0,13.0,35000.0,230.26315789473685,10–25-year,empirical only,False,0,,,,,0
03585380,,7,5.92,8.0,1480.0,250.0,5–10-year,empirical only,True,0,,,,,0
03585500,,8,2239.0,9.0,61600.0,27.51228226887003,5–10-year,empirical only,False,0,,,,,0
03586500,,79,166.0,757.6579531892955,26500.0,159.63855421686748,>500-year,station-skew LP3 screening,False,12,230.66146838136763,22000.0,132.53012048192772,6.375,1
03587000,,2,188.0,3.0,4500.0,23.93617021276596,2–5-year,empirical only,False,0,,,,,0
03587200,,28,0.49,53.595063835353095,369.0,753.0612244897959,50–100-year,station-skew LP3 screening,False,3,13.573958338541845,277.0,565.3061224489796,-53.0,1
03588500,,94,348.0,692.617666965924,132000.0,379.3103448275862,>500-year,station-skew LP3 screening,False,13,21.27087641655213,53600.0,154.02298850574712,-14.0,4
03589250,,22,13.7,56.09871340185919,636.0,46.42335766423358,50–100-year,station-skew LP3 screening,True,0,,,,,0
03589260,,21,21.9,24.62059069892998,864.0,39.45205479452055,10–25-year,station-skew LP3 screening,True,0,,,,,0
03589450,,3,4.92,4.0,2820.0,573.170731707317,2–5-year,empirical only,False,1,2.0,2590.0,526.4227642276422,-12.0,0
03589500,,113,30810.0,1524.9709534463923,530000.0,17.2022070756248,>500-year,station-skew LP3 screening,False,6,68.79519346797649,440000.0,14.281077572216812,-1.5,2
03590000,,31,209.0,169.31855020364904,50000.0,239.2344497607656,100–200-year,station-skew LP3 screening,False,4,5.892722887567257,18500.0,88.51674641148325,2.25,0
03590290,,4,27.1,5.0,4860.0,179.33579335793357,5–10-year,empirical only,False,0,,,,,0
03591570,,12,26.8,13.0,4200.0,156.71641791044777,10–25-year,empirical only,True,0,,,,,0
03591800,,3,143.0,4.0,6370.0,44.54545454545455,2–5-year,empirical only,False,0,,,,,0
03592000,,36,263.0,94.23516615593512,34800.0,132.319391634981,50–100-year,station-skew LP3 screening,False,2,2.1649021188154367,4750.0,18.06083650190114,19.5,0
03592200,,23,189.0,71.2712806282648,27000.0,142.85714285714286,50–100-year,station-skew LP3 screening,False,0,,,,,0
03592300,,22,78.2,88.46566446388925,20400.0,260.8695652173913,50–100-year,station-skew LP3 screening,False,0,,,,,0
03592500,,61,667.0,121.81460787250307,60800.0,91.1544227886057,100–200-year,station-skew LP3 screening,False,2,3.63024495921908,20700.0,31.03448275862069,-2.125,0
