EVENT_ID,CZ_NAME_STR,BEGIN_LOCATION,BEGIN_DATE,BEGIN_TIME,EVENT_TYPE,MAGNITUDE,TOR_F_SCALE,DEATHS_DIRECT,INJURIES_DIRECT,DAMAGE_PROPERTY_NUM,DAMAGE_CROPS_NUM,STATE_ABBR,CZ_TIMEZONE,MAGNITUDE_TYPE,EPISODE_ID,CZ_TYPE,CZ_FIPS,WFO,INJURIES_INDIRECT,DEATHS_INDIRECT,SOURCE,FLOOD_CAUSE,TOR_LENGTH,TOR_WIDTH,BEGIN_RANGE,BEGIN_AZIMUTH,END_RANGE,END_AZIMUTH,END_LOCATION,END_DATE,END_TIME,BEGIN_LAT,BEGIN_LON,END_LAT,END_LON,EVENT_NARRATIVE,EPISODE_NARRATIVE,ABSOLUTE_ROWNUMBER
948257,CULLMAN CO.,MT VIEW,03/18/2021,242,Flood, , ,0,0,0,0,AL,CST-6, ,155581,C,43,HUN,0,0,Broadcast Media,Heavy Rain, , ,0.57,W,1.02,SW,MT VIEW,03/18/2021,800,34.25,-86.79,34.2436,-86.7887,"County Road 1485 partially washed out in Cullman. Report relayed via Social Media.","Multiple rounds of thunderstorms and showers produced rain amounts of 3 to 5 inches across north Alabama. The heaviest rains were in northwest Alabama around the Quad Cities/Shoals area, and south of the Tennessee River, mainly along and east of the I-65 corridor. This resulted in numerous reports of flash flooding, particularly in the Shoals of northwest Alabama and Cullman County. The flooding prompted the closure of many roads and schools affected by the flooding. The thunderstorms came in multiple waves, one during early morning, another around Midday, with two final waves during the evening hours. Although the majority of severe weather this day occurred south of north Alabama, one EF-1 tornado tracked across northeast Cullman County during the evening hours.",1
948244,MORGAN CO.,LACON,03/31/2021,1330,Flood, , ,0,0,0,0,AL,CST-6, ,155933,C,103,HUN,0,0,Fire Department/Rescue,Heavy Rain, , ,0.9,NE,1.29,NE,LACON,03/31/2021,1825,34.34,-86.89,34.3367,-86.8923,"Flooding along Francis Branch on Lacon Road. A water rescue by Falkville Fire and Morgan County Rescue saved a person trapped on top of their vehicle in floodwaters.","Two thunderstorm complexes moved through north Alabama during the early and mid morning hours of the 31st. Rainfall of 1 to nearly 3 inches were reported during this time, resulting in flash flooding of a few roads in Jackson County.  In addition, a couple of brief tornadoes occurred. One tornado moved out of Winston County and lifted just inside western Cullman County producing EF-0 damage.  An EF-1 tornado track was observed in DeKalb County between Fort Payne and Valley Head.",2
987207,MADISON CO.,FLETCHER CHAPEL,09/19/2021,1043,Flood, , ,0,0,0,0,AL,CST-6, ,161401,C,89,HUN,0,0,Department of Highways,Heavy Rain, , ,1.38,S,0.36,S,FLETCHER CHAPEL,09/19/2021,1700,34.71,-86.67,34.7051,-86.667,"Water ponding in left lane of I-565 near the Research Park Blvd Exit and the Jordan Lane Exit.","Showers and thunderstorms repeatedly moved across Northern Madison and into Western Jackson Counties during the mid-morning hours, lingering into the afternoon hours on the 19th. Numerous flooding reports were received as 3-5 of rainfall occurred, resulting in 1 fatality in Northern Madison County.",3
987208,JACKSON CO.,PRINCETON,09/19/2021,1141,Flood, , ,0,0,0,0,AL,CST-6, ,161401,C,71,HUN,0,0,Emergency Manager,Heavy Rain, , ,0.89,SE,1.41,S,PRINCETON,09/19/2021,1700,34.84,-86.24,34.8424,-86.2505,"Hwy 65 underwater and impassable near Princeton.","Showers and thunderstorms repeatedly moved across Northern Madison and into Western Jackson Counties during the mid-morning hours, lingering into the afternoon hours on the 19th. Numerous flooding reports were received as 3-5 of rainfall occurred, resulting in 1 fatality in Northern Madison County.",4
987209,MADISON CO.,HUNTSVILLE,09/19/2021,1144,Flood, , ,0,0,0,0,AL,CST-6, ,161401,C,89,HUN,0,0,Law Enforcement,Heavy Rain, , ,1.33,ENE,1.57,NE,HUNTSVILLE,09/19/2021,1700,34.74,-86.6,34.7409,-86.6036,"Hsv Police report water over the road near the Costco/Starbucks along SB Memorial Parkway near University Drive overpass.","Showers and thunderstorms repeatedly moved across Northern Madison and into Western Jackson Counties during the mid-morning hours, lingering into the afternoon hours on the 19th. Numerous flooding reports were received as 3-5 of rainfall occurred, resulting in 1 fatality in Northern Madison County.",5
987210,MORGAN CO.,GRIFFIN ADDITION,09/19/2021,1155,Flood, , ,0,0,0,0,AL,CST-6, ,161401,C,103,HUN,0,0,Law Enforcement,Heavy Rain, , ,1.33,WSW,1.39,WSW,GRIFFIN ADDITION,09/19/2021,1800,34.57,-87.05,34.5705,-87.0544,"Flooding across the roadway at Shady Grove Lane and Bunny Lane. Pictures seen on social media.","Showers and thunderstorms repeatedly moved across Northern Madison and into Western Jackson Counties during the mid-morning hours, lingering into the afternoon hours on the 19th. Numerous flooding reports were received as 3-5 of rainfall occurred, resulting in 1 fatality in Northern Madison County.",6
987211,MADISON CO.,HUNTSVILLE PARK,09/19/2021,1158,Flood, , ,0,0,0,0,AL,CST-6, ,161401,C,89,HUN,0,0,Law Enforcement,Heavy Rain, , ,1.84,ENE,1.97,ENE,HUNTSVILLE PARK,09/19/2021,1800,34.71,-86.59,34.71,-86.5934,"Water over the road at Bob Wallace Ave and Memorial Parkway.","Showers and thunderstorms repeatedly moved across Northern Madison and into Western Jackson Counties during the mid-morning hours, lingering into the afternoon hours on the 19th. Numerous flooding reports were received as 3-5 of rainfall occurred, resulting in 1 fatality in Northern Madison County.",7
987212,MADISON CO.,REDSTONE AAF,09/19/2021,1159,Flood, , ,0,0,0,0,AL,CST-6, ,161401,C,89,HUN,0,0,Law Enforcement,Heavy Rain, , ,1.33,WSW,1.01,WSW,REDSTONE AAF,09/19/2021,1800,34.67,-86.72,34.6762,-86.72,"Water over the road at Zierdt Road and Edgewater.","Showers and thunderstorms repeatedly moved across Northern Madison and into Western Jackson Counties during the mid-morning hours, lingering into the afternoon hours on the 19th. Numerous flooding reports were received as 3-5 of rainfall occurred, resulting in 1 fatality in Northern Madison County.",8
987214,MADISON CO.,HUNTSVILLE PARK,09/19/2021,1159,Flood, , ,0,0,0,0,AL,CST-6, ,161401,C,89,HUN,0,0,Law Enforcement,Heavy Rain, , ,2.38,ESE,2.18,ESE,HUNTSVILLE PARK,09/19/2021,1800,34.69,-86.58,34.693,-86.5788,"Water over the road just west of Memorial Parkway along Airport Road.","Showers and thunderstorms repeatedly moved across Northern Madison and into Western Jackson Counties during the mid-morning hours, lingering into the afternoon hours on the 19th. Numerous flooding reports were received as 3-5 of rainfall occurred, resulting in 1 fatality in Northern Madison County.",9
987215,MADISON CO.,HUNTSVILLE PARK,09/19/2021,1203,Flood, , ,0,0,0,0,AL,CST-6, ,161401,C,89,HUN,0,0,Broadcast Media,Heavy Rain, , ,2.92,ENE,2.33,ENE,HUNTSVILLE PARK,09/19/2021,1800,34.71,-86.57,34.7094,-86.5743,"Video shows right lane flooded along Whitesburg Drive between Drake Avenue and California Street. Depth of water unknown.","Showers and thunderstorms repeatedly moved across Northern Madison and into Western Jackson Counties during the mid-morning hours, lingering into the afternoon hours on the 19th. Numerous flooding reports were received as 3-5 of rainfall occurred, resulting in 1 fatality in Northern Madison County.",10
987216,MADISON CO.,GURLEY,09/19/2021,1215,Flood, , ,0,0,0,0,AL,CST-6, ,161401,C,89,HUN,0,0,Broadcast Media,Heavy Rain, , ,1.14,W,1.15,WSW,GURLEY,09/19/2021,1800,34.7,-86.4,34.6982,-86.3908,"Video of roads flooded on social media at the intersection of Rock Cut Road and U.S. Highway 72 in Gurley.","Showers and thunderstorms repeatedly moved across Northern Madison and into Western Jackson Counties during the mid-morning hours, lingering into the afternoon hours on the 19th. Numerous flooding reports were received as 3-5 of rainfall occurred, resulting in 1 fatality in Northern Madison County.",11
987218,MORGAN CO.,GRIFFIN ADDITION,09/19/2021,1225,Flood, , ,0,0,0,0,AL,CST-6, ,161401,C,103,HUN,0,0,Broadcast Media,Heavy Rain, , ,0.57,W,0.39,W,GRIFFIN ADDITION,09/19/2021,1800,34.58,-87.04,34.5826,-87.0489,"Flooding in the Sherwood Oaks neighborhood from social media.","Showers and thunderstorms repeatedly moved across Northern Madison and into Western Jackson Counties during the mid-morning hours, lingering into the afternoon hours on the 19th. Numerous flooding reports were received as 3-5 of rainfall occurred, resulting in 1 fatality in Northern Madison County.",12
987219,MADISON CO.,HAZEL GREEN ARPT,09/19/2021,1605,Flood, , ,0,0,0,0,AL,CST-6, ,161401,C,89,HUN,0,0,Fire Department/Rescue,Heavy Rain, , ,1.13,W,0.6,W,HAZEL GREEN ARPT,09/19/2021,2200,34.92,-86.67,34.9195,-86.6824,"Opp Renyolds Road in the area of Blue Water Springs Park is closed due to flooding. Depth of water unknown.","Showers and thunderstorms repeatedly moved across Northern Madison and into Western Jackson Counties during the mid-morning hours, lingering into the afternoon hours on the 19th. Numerous flooding reports were received as 3-5 of rainfall occurred, resulting in 1 fatality in Northern Madison County.",13
1007369,JACKSON CO.,SCOTTSBORO,02/23/2022,303,Flood, , ,0,0,0,0,AL,CST-6, ,165280,C,71,HUN,0,0,Emergency Manager,Heavy Rain, , ,2.66,WSW,2.25,WSW,SCOTTSBORO,02/23/2022,900,34.65,-86.07,34.6532,-86.0713,"Woods Cove Road flooded at the low water crossing. Depth of water unknown.","A line of strong to severe storms marched across Northern Alabama and Southern Middle Tennessee during the late afternoon hours and into the evening hours of the 22nd. As the evening progressed, the line of storms slowed down and caused more of a flooding threat. One tornado was reported in Northern Madison County, with several flooding reports from across the area.",14
1007370,JACKSON CO.,WOODVILLE,02/23/2022,319,Flood, , ,0,0,0,0,AL,CST-6, ,165280,C,71,HUN,0,0,Emergency Manager,Heavy Rain, , ,0.89,NE,0.79,NNE,WOODVILLE,02/23/2022,900,34.64,-86.27,34.6402,-86.2738,"County Road 8 at Charles Street has widespread flooding at the intersection. Depth of water unknown.","A line of strong to severe storms marched across Northern Alabama and Southern Middle Tennessee during the late afternoon hours and into the evening hours of the 22nd. As the evening progressed, the line of storms slowed down and caused more of a flooding threat. One tornado was reported in Northern Madison County, with several flooding reports from across the area.",15
1007371,JACKSON CO.,KYLES,02/23/2022,422,Flood, , ,0,0,0,0,AL,CST-6, ,165280,C,71,HUN,0,0,Emergency Manager,Heavy Rain, , ,1.33,ESE,1.57,SE,KYLES,02/23/2022,1000,34.79,-85.98,34.7853,-85.9805,"County Road 42 flooded at the low water crossing. Depth of water unknown.","A line of strong to severe storms marched across Northern Alabama and Southern Middle Tennessee during the late afternoon hours and into the evening hours of the 22nd. As the evening progressed, the line of storms slowed down and caused more of a flooding threat. One tornado was reported in Northern Madison County, with several flooding reports from across the area.",16
1007372,JACKSON CO.,OLALEE,02/23/2022,530,Flood, , ,0,0,0,0,AL,CST-6, ,165280,C,71,HUN,0,0,Emergency Manager,Heavy Rain, , ,4.74,WSW,4.26,WSW,OLALEE,02/23/2022,1100,34.88,-86.01,34.8763,-85.9954,"County Road 565 flooded due to flooding from the Paint Rock River. Depth of water unknown.","A line of strong to severe storms marched across Northern Alabama and Southern Middle Tennessee during the late afternoon hours and into the evening hours of the 22nd. As the evening progressed, the line of storms slowed down and caused more of a flooding threat. One tornado was reported in Northern Madison County, with several flooding reports from across the area.",17
1007373,JACKSON CO.,SWAIM,02/23/2022,1055,Flood, , ,0,0,0,0,AL,CST-6, ,165280,C,71,HUN,0,0,Emergency Manager,Heavy Rain, , ,0.69,S,0.39,S,SWAIM,02/23/2022,1700,34.86,-86.2,34.8501,-86.1968,"Low water crossing underwater on County Road 142 near the intersection with AL Hwy 146. Depth of water unknown.","A line of strong to severe storms marched across Northern Alabama and Southern Middle Tennessee during the late afternoon hours and into the evening hours of the 22nd. As the evening progressed, the line of storms slowed down and caused more of a flooding threat. One tornado was reported in Northern Madison County, with several flooding reports from across the area.",18
1011199,MORGAN CO.,OAKWORTH,03/22/2022,1947,Flood, , ,0,0,0,0,AL,CST-6, ,166035,C,103,HUN,0,0,Emergency Manager,Heavy Rain, , ,0.29,ESE,0.5,SE,OAKWORTH,03/23/2022,200,34.568,-86.9756,34.5664,-86.9756,"Intersection of Knight Street SE and 6th Avenue was flooded. A vehicle was stuck at this location due to high water. Depth of water estimated to be about 1 foot.","A line of strong to severe thunderstorms pushed northeast through northwest and north central Alabama during the mid to late afternoon hours on the 22nd. Strong winds up to 70 mph or higher knocked down or uprooted several trees in a couple of areas of northwest Alabama.  An EF-0 tornado occurred in eastern Lauderdale County. In addition, rainfall of 3 to 3.5 inches fell in a short time with the line in some areas of north central Alabama. The rapid and excessive runoff resulted in flooding in portions of Morgan County during the evening hours.",19
1011203,MORGAN CO.,NEEL,03/22/2022,2150,Flood, , ,0,0,0,0,AL,CST-6, ,166035,C,103,HUN,0,0,Emergency Manager,Heavy Rain, , ,2.13,SSE,2.75,S,NEEL,03/23/2022,300,34.4406,-87.0385,34.4404,-87.0458,"Flooding of the roadway was reported in the 400 to 700 block of Targum Road. Depth of water unknown.","A line of strong to severe thunderstorms pushed northeast through northwest and north central Alabama during the mid to late afternoon hours on the 22nd. Strong winds up to 70 mph or higher knocked down or uprooted several trees in a couple of areas of northwest Alabama.  An EF-0 tornado occurred in eastern Lauderdale County. In addition, rainfall of 3 to 3.5 inches fell in a short time with the line in some areas of north central Alabama. The rapid and excessive runoff resulted in flooding in portions of Morgan County during the evening hours.",20
1011205,MORGAN CO.,SOMERVILLE,03/22/2022,2216,Flood, , ,0,0,0,0,AL,CST-6, ,166035,C,103,HUN,0,0,Emergency Manager,Heavy Rain, , ,1.66,WSW,0.73,W,SOMERVILLE,03/23/2022,400,34.4593,-86.826,34.4655,-86.8299,"Barnett Chapel Road was reported flooded. Depth of water unknown.","A line of strong to severe thunderstorms pushed northeast through northwest and north central Alabama during the mid to late afternoon hours on the 22nd. Strong winds up to 70 mph or higher knocked down or uprooted several trees in a couple of areas of northwest Alabama.  An EF-0 tornado occurred in eastern Lauderdale County. In addition, rainfall of 3 to 3.5 inches fell in a short time with the line in some areas of north central Alabama. The rapid and excessive runoff resulted in flooding in portions of Morgan County during the evening hours.",21
1023919,COLBERT CO.,COTTON TOWN,04/14/2022,1030,Flood, , ,0,0,0,0,AL,CST-6, ,166719,C,33,HUN,0,0,Emergency Manager,Heavy Rain, , ,8.93,ESE,8.99,ESE,COTTON TOWN,04/14/2022,1030,34.5992,-87.3355,34.5991,-87.3362,"Flooding along Bridge Creek swept a vehicle off the road with two occupants along County Road 593 south of Courtland. The Morgan County Rescue squad responded to a 911 call with the two occupants on top of the hood of their vehicle.","Flooding along Bridge Creek swept a vehicle off the road with two occupants along County Road 593 south of Courtland.  The Morgan County Rescue squad responded to a 911 call with the two occupants on top of the hood of their vehicle.  Fortunately, the two were rescued with no injuries.",22
1040297,LAUDERDALE CO.,MC GEE TOWN,06/02/2022,2036,Flood, , ,0,0,0,0,AL,CST-6, ,168198,C,77,HUN,0,0,Emergency Manager,Heavy Rain, , ,1.37,ESE,0.85,SE,MC GEE TOWN,06/03/2022,115,34.8401,-87.7091,34.8359,-87.7118,"County Road 41 at Ghost Bridge was impassable due to flooding. County Road 41 closed from County Road 16 to Crosslin Lane.","Clusters of thunderstorms developed during the midday into the afternoon hours. Many of the thunderstorms produced brief gusty winds and locally heavy rainfall.  Repetitive thunderstorms produced excessive rainfall of 3-6 inches in a portion of north central Lauderdale County north and northwest of Florence, resulting in flash flooding.",23
1056814,CHEROKEE CO.,GAYLESVILLE,09/04/2022,1200,Flood, , ,0,0,0,0,AL,CST-6, ,174274,C,19,BMX,0,0,Emergency Manager,Heavy Rain, , ,1,W,1.05,NE,DEWEY,09/04/2022,2200,34.2697,-85.5675,34.3561,-85.477,"Heavy rainfall along the Chattooga River basin caused flooding at several bridges and roadways near the river.","The combination of high PWAT's and slow moving thunderstorms produced localized flash flooding in northern Cherokee County.  Rainfall amounts of 2 to 4 inches occurred in a short period of time.",24
1062933,COLBERT CO.,WILSON DAM,11/29/2022,1341,Flood, , ,0,0,0,0,AL,CST-6, ,174623,C,33,HUN,0,0,Emergency Manager,Heavy Rain, , ,1.33,WSW,1.37,NNW,MUSCLE SHOALS,11/29/2022,1920,34.77,-87.67,34.7628,-87.6784,"Roadways flooded in/around Sheffield along N Jackson Highway.","Multiple rounds of thunderstorms, some strong to severe, moved through the region during the afternoon of the 29th into the early morning of the 30th.  Supercell thunderstorms produced large hail and isolated damaging winds during the afternoon hours of the 29th in northwest into north central Alabama.  Then, during the evening and overnight hours, another band of thunderstorms produced wind damage.",25
1077490,LIMESTONE CO.,ATHENS,01/03/2023,1155,Flood, , ,0,0,0,0,AL,CST-6, ,175314,C,83,HUN,0,0,Emergency Manager,Heavy Rain, , ,0,N,0.47,NE,ATHENS,01/03/2023,1600,34.8,-86.98,34.8063,-86.9731,"Approximately 4-6 inches of water over roadways to the West of downtown Athens. Most likely nuisance flooding as heavy rainfall moved through the area.","A quasi-linear convective system progressed east through north Alabama and southern middle Tennessee from the late morning through the middle afternoon hours.  A supercell within the line produced an EF-1 tornado in Franklin County northwest of Russellville. Damaging winds were reported at times along this line, knocking down trees, power lines, and producing damage to some homes.  A second area of thunderstorms arrived during the mid to late evening hours in northwest Alabama, producing excessive rainfall and flooding in the Florence area.",26
1077491,JACKSON CO.,SCOTTSBORO,01/03/2023,1304,Flood, , ,0,0,0,0,AL,CST-6, ,175314,C,71,HUN,0,0,Emergency Manager,Heavy Rain, , ,0,N,0.77,W,SCOTTSBORO,01/03/2023,1820,34.67,-86.03,34.6696,-86.0448,"Over 6 inches of water over the road at Parks Avenue and Dover Street near the Jail in Scottsboro. This spot typically floods and is in a low-lying area.","A quasi-linear convective system progressed east through north Alabama and southern middle Tennessee from the late morning through the middle afternoon hours.  A supercell within the line produced an EF-1 tornado in Franklin County northwest of Russellville. Damaging winds were reported at times along this line, knocking down trees, power lines, and producing damage to some homes.  A second area of thunderstorms arrived during the mid to late evening hours in northwest Alabama, producing excessive rainfall and flooding in the Florence area.",27
1081464,LAUDERDALE CO.,PETERSVILLE,02/16/2023,1710,Flood, , ,0,0,0,0,AL,CST-6, ,176244,C,77,HUN,0,0,Emergency Manager,Heavy Rain, , ,1.79,NW,1.48,NE,MC GEE TOWN,02/17/2023,0,34.87,-87.7,34.8715,-87.7067,"Report of flooding on Hwy 157 and County Road 57. Report relayed by EMA.","Rainfall amounts of 2.5-4 fell over the course of a few hours on the evening of February 16th. Widespread flooding occurred across portions of Cullman, Marshall, and into portions of Jackson and Dekalb Counties. Parts of I-65 were shut down, and several water rescues occurred in Cullman County that evening thanks to thunderstorms repeatedly moving across these areas in a very warm and moist airmass for mid-February.",28
1081465,COLBERT CO.,SHEFFIELD,02/16/2023,1757,Flood, , ,0,0,0,0,AL,CST-6, ,176244,C,33,HUN,0,0,Emergency Manager,Heavy Rain, , ,0.89,SE,0.66,SSE,SHEFFIELD,02/17/2023,0,34.76,-87.69,34.7578,-87.6903,"Flooding was reported at the intersection of Dover Avenue and 2nd Street. Depth of water unknown.","Rainfall amounts of 2.5-4 fell over the course of a few hours on the evening of February 16th. Widespread flooding occurred across portions of Cullman, Marshall, and into portions of Jackson and Dekalb Counties. Parts of I-65 were shut down, and several water rescues occurred in Cullman County that evening thanks to thunderstorms repeatedly moving across these areas in a very warm and moist airmass for mid-February.",29
1081466,MARSHALL CO.,ARAB,02/16/2023,2021,Flood, , ,0,0,0,0,AL,CST-6, ,176244,C,95,HUN,0,0,Emergency Manager,Heavy Rain, , ,0.57,E,0.78,NNE,ARAB,02/17/2023,100,34.32,-86.49,34.3315,-86.4951,"Water covering several roadways and ditches overflowing in and around Downtown Arab.","Rainfall amounts of 2.5-4 fell over the course of a few hours on the evening of February 16th. Widespread flooding occurred across portions of Cullman, Marshall, and into portions of Jackson and Dekalb Counties. Parts of I-65 were shut down, and several water rescues occurred in Cullman County that evening thanks to thunderstorms repeatedly moving across these areas in a very warm and moist airmass for mid-February.",30
1081467,CULLMAN CO.,CULLMAN,02/16/2023,2050,Flood, , ,0,0,0,0,AL,CST-6, ,176244,C,43,HUN,0,0,Emergency Manager,Heavy Rain, , ,2.94,WSW,2.21,WSW,CULLMAN,02/17/2023,200,34.17,-86.88,34.1655,-86.8816,"Both North and Southbound lanes of I-65 shut down near MM 308 due to flash flooding. About a foot of water over the roadway. Numerous other roads are flooded in Cullman County.","Rainfall amounts of 2.5-4 fell over the course of a few hours on the evening of February 16th. Widespread flooding occurred across portions of Cullman, Marshall, and into portions of Jackson and Dekalb Counties. Parts of I-65 were shut down, and several water rescues occurred in Cullman County that evening thanks to thunderstorms repeatedly moving across these areas in a very warm and moist airmass for mid-February.",31
1081506,LIMESTONE CO.,FRENCH MILL,03/02/2023,500,Flood, , ,0,0,0,0,AL,CST-6, ,176764,C,83,HUN,0,0,County Official,Heavy Rain, , ,1.84,WNW,1.64,W,FRENCH MILL,03/02/2023,1100,34.78,-86.91,34.7751,-86.9126,"Flooding caused damage to Line Road causing the road to close. Report from City of Athens Official.","Supercells erupted during the late afternoon and early evening hours in northern Mississippi and spread east across north Alabama during the rest of the evening into the overnight hours.  At least one tornado was determined to produce damage in northern Madison County near New Market. Other reports of damaging winds were reported. The other impact from this evening was excessive rainfall and flash flooding. A band of 3-6 inch rainfall occurred from northwest into north central Alabama, resulting in several area creeks and small streams going into flood.",32
1081507,JACKSON CO.,GARTH,03/02/2023,624,Flood, , ,0,0,0,0,AL,CST-6, ,176764,C,71,HUN,0,0,Emergency Manager,Heavy Rain, , ,1.33,WSW,1.46,W,GARTH,03/02/2023,1220,34.71,-86.32,34.7169,-86.3359,"Hwy 65 in Paint Rock Valley is flooded due to the Paint Rock River flooding the roadway.","Supercells erupted during the late afternoon and early evening hours in northern Mississippi and spread east across north Alabama during the rest of the evening into the overnight hours.  At least one tornado was determined to produce damage in northern Madison County near New Market. Other reports of damaging winds were reported. The other impact from this evening was excessive rainfall and flash flooding. A band of 3-6 inch rainfall occurred from northwest into north central Alabama, resulting in several area creeks and small streams going into flood.",33
1106433,LAWRENCE CO.,FLAT ROCK,05/10/2023,1437,Flood, , ,0,0,0,0,AL,CST-6, ,178578,C,79,HUN,0,0,Public,Heavy Rain, , ,3.08,SE,4.2,SW,MT HOPE,05/10/2023,2026,34.5,-87.44,34.4382,-87.492,"Flash flooding reported west of Moulton. River/Creek flooding ongoing, with additional heavy rainfall moving into the area.","A band of thunderstorms developed during the afternoon hours in northwest into central Alabama, which lifted slowly northeast during the early evening hours.  Very heavy downpours resulted in flash flooding in parts of northwest Alabama, including the Florence area. Rainfall amounts reached 3-5 inches in a few isolated locations. A gust front produced strong and gusty winds in parts of north central Alabama in Morgan and Madison Counties, knocking a few trees down in Harvest. A few storms became severe within this outflow producing damaging microbursts as well.",34
1137305,MORGAN CO.,DECATUR,08/04/2023,330,Flood, , ,0,0,0,0,AL,CST-6, ,181577,C,103,HUN,0,0,Emergency Manager,Heavy Rain, , ,0.69,S,0.91,S,DECATUR,08/04/2023,818,34.61,-86.98,34.6082,-86.9797,"Lee Street blocked due to flooding. Depth of water unknown.","Several disturbances moved SSE through NNW flow and affect locations near and west of the I-65 corridor with training strong thunderstorms producing torrential rainfall producing both nuisance and flash flooding.",35
1137291,MORGAN CO.,HARTSELLE,08/04/2023,436,Flood, , ,0,0,0,0,AL,CST-6, ,181577,C,103,HUN,0,0,Emergency Manager,Heavy Rain, , ,0.9,NW,1.07,NW,HARTSELLE,08/04/2023,1000,34.44,-86.94,34.437,-86.9388,"Flooding across Pattillo Street in Hartselle. Depth of water unknown.","Several disturbances moved SSE through NNW flow and affect locations near and west of the I-65 corridor with training strong thunderstorms producing torrential rainfall producing both nuisance and flash flooding.",36
1137292,MORGAN CO.,OAKWORTH,08/04/2023,436,Flood, , ,0,0,0,0,AL,CST-6, ,181577,C,103,HUN,0,0,Emergency Manager,Heavy Rain, , ,0.57,E,0.85,SE,OAKWORTH,08/04/2023,1000,34.57,-86.97,34.5628,-86.971,"Flooding on Country Club Road just past Fairway Drive. Depth of water unknown.","Several disturbances moved SSE through NNW flow and affect locations near and west of the I-65 corridor with training strong thunderstorms producing torrential rainfall producing both nuisance and flash flooding.",37
1137296,MORGAN CO.,LACON,08/04/2023,519,Flood, , ,0,0,0,0,AL,CST-6, ,181577,C,103,HUN,0,0,Emergency Manager,Heavy Rain, , ,1.33,ENE,1.97,ENE,LACON,08/04/2023,1100,34.34,-86.88,34.3362,-86.8867,"Flooding along East Piney Grove Road and East Lacon Road. Depth of water unknown.","Several disturbances moved SSE through NNW flow and affect locations near and west of the I-65 corridor with training strong thunderstorms producing torrential rainfall producing both nuisance and flash flooding.",38
1137306,LAUDERDALE CO.,EAST FLORENCE,08/09/2023,1442,Flood, , ,0,0,0,0,AL,CST-6, ,181853,C,77,HUN,0,0,Broadcast Media,Heavy Rain, , ,0.57,W,1.21,W,EAST FLORENCE,08/09/2023,2028,34.82,-87.63,34.8191,-87.6293,"Three to four inches of water across East Huntsville Road in Florence.","A long-lived complex of strong to severe thunderstorms pushed through the mid South during the late morning and through north Alabama during the early to mid afternoon hours. The main hazard was gusty and damaging winds of 50 to 60 mph.",39
1152170,MONTGOMERY CO.,HUNTER,02/13/2024,0,Flood, , ,0,0,0,0,AL,CST-6, ,187583,C,101,BMX,0,0,Fire Department/Rescue,Heavy Rain, , ,2.06,S,1.16,SE,HUNTER,02/13/2024,1500,32.3502,-86.4184,32.3581,-86.387,"Montgomery Fire/Rescue performed evacuations of homes surrounded by floodwater along Harmony St and Dumas St. A portion of Hayneville Rd was inaccessible by vehicle. Nearby Catoma Creek crested in moderate flood stage at 26.1 ft around 6 AM CST.","A slow-moving storm system brought several inches of rainfall to most of Central Alabama from early morning on February 11 through the evening of February 12. While most areas saw at least 1-2 inches of rain, parts of southern and southeastern Central Alabama recorded as much as 8 inches, especially across parts of Lee, Macon, and Russell counties. Waves of heavy rainfall resulted in flooding along the Interstate 85 corridor during the afternoon of February 11 and again during the early morning of February 12. More storms formed in western and central parts of the area around midday February 12, ahead of an approaching cold front. A few of these storms produced hail up to penny to quarter size, notably around Tuscaloosa and Hoover, along with sporadic tree damage. After the frontal passage, flooding of large streams and creeks in Russell and Macon counties continued into February 13.",40
1152167,RUSSELL CO.,HURTSBORO,02/13/2024,0,Flood, , ,0,0,0,0,AL,CST-6, ,187583,C,113,BMX,0,0,Emergency Manager,Heavy Rain, , ,2.08,SSW,4.65,SSE,OSWICHEE,02/13/2024,1200,32.2245,-85.419,32.2677,-84.9936,"Numerous roadways across the county remained impassable the day after up to eight inches of rain fell in northern Russell County, mainly along flooded creeks and streams.","A slow-moving storm system brought several inches of rainfall to most of Central Alabama from early morning on February 11 through the evening of February 12. While most areas saw at least 1-2 inches of rain, parts of southern and southeastern Central Alabama recorded as much as 8 inches, especially across parts of Lee, Macon, and Russell counties. Waves of heavy rainfall resulted in flooding along the Interstate 85 corridor during the afternoon of February 11 and again during the early morning of February 12. More storms formed in western and central parts of the area around midday February 12, ahead of an approaching cold front. A few of these storms produced hail up to penny to quarter size, notably around Tuscaloosa and Hoover, along with sporadic tree damage. After the frontal passage, flooding of large streams and creeks in Russell and Macon counties continued into February 13.",41
1152156,MACON CO.,TUSKEGEE MOTON ARPT,02/13/2024,130,Flood, , ,0,0,0,0,AL,CST-6, ,187583,C,87,BMX,0,0,Broadcast Media,Heavy Rain, , ,1.76,NNE,1.51,N,PLEASANT HILL,02/13/2024,230,32.4913,-85.6635,32.4924,-85.6223,"Macon County EMA informed local media about a person requiring a water rescue from a submerged vehicle that entered floodwaters of Uphapee Creek after the driver moved and drove around barricades on Wire Road/Macon County Road 53 at approximately 2:00 AM CST. A river gauge just downstream indicated the creek crested at 27.6 ft around this time.","A slow-moving storm system brought several inches of rainfall to most of Central Alabama from early morning on February 11 through the evening of February 12. While most areas saw at least 1-2 inches of rain, parts of southern and southeastern Central Alabama recorded as much as 8 inches, especially across parts of Lee, Macon, and Russell counties. Waves of heavy rainfall resulted in flooding along the Interstate 85 corridor during the afternoon of February 11 and again during the early morning of February 12. More storms formed in western and central parts of the area around midday February 12, ahead of an approaching cold front. A few of these storms produced hail up to penny to quarter size, notably around Tuscaloosa and Hoover, along with sporadic tree damage. After the frontal passage, flooding of large streams and creeks in Russell and Macon counties continued into February 13.",42
1154384,LAMAR CO.,MOLLOY,03/01/2024,800,Flood, , ,0,0,0,0,AL,CST-6, ,187953,C,75,BMX,0,0,Broadcast Media,Heavy Rain, , ,6.35,SSW,8.14,SE,CROSSVILLE,03/01/2024,1100,33.6505,-88.2554,33.6916,-87.9614,"Several reports were received of flooded roadways in southern Lamar County, especially the Kennedy area, after 2 to 4 inches of rain fell during the morning hours.","A shortwave trough approaching the Mississippi Valley from the central Great Plains, along with a surface low in the northwestern Gulf of Mexico and stationary boundary along the Gulf Coast, contributed to widespread showers moving across Central Alabama during the morning hours of March 1. A ridge located over the East Coast promoted easterly surface winds across the area, with temperatures in the upper 40s to lower 50s. A particularly heavy band of rain, oriented from southern Lamar County to northern Jefferson County to Cherokee County, dropped as much as 3-4 inches of rain, locally up to 5 inches, across a narrow swath. This resulted in numerous flooded roadways, mainly along waterways and in low lying areas, where drainage was slower to occur.",43
1154391,WALKER CO.,HILLARD,03/01/2024,800,Flood, , ,0,0,0,0,AL,CST-6, ,187953,C,127,BMX,0,0,Broadcast Media,Heavy Rain, , ,3.45,SE,3.31,N,SIPSEY,03/01/2024,1200,33.7635,-87.529,33.889,-87.0924,"Several reports were received of flooded roadways in southern Walker County, especially the Oakman and Cordova areas, after 2 to 4 inches of rain fell during the morning hours. One roadway near Cordova was washed away and rendered impassable.","A shortwave trough approaching the Mississippi Valley from the central Great Plains, along with a surface low in the northwestern Gulf of Mexico and stationary boundary along the Gulf Coast, contributed to widespread showers moving across Central Alabama during the morning hours of March 1. A ridge located over the East Coast promoted easterly surface winds across the area, with temperatures in the upper 40s to lower 50s. A particularly heavy band of rain, oriented from southern Lamar County to northern Jefferson County to Cherokee County, dropped as much as 3-4 inches of rain, locally up to 5 inches, across a narrow swath. This resulted in numerous flooded roadways, mainly along waterways and in low lying areas, where drainage was slower to occur.",44
1154393,JEFFERSON CO.,PALOS,03/01/2024,900,Flood, , ,0,0,0,0,AL,CST-6, ,187953,C,73,BMX,0,0,Emergency Manager,Heavy Rain, , ,0.59,NNW,1.43,WSW,CORNER,03/01/2024,1200,33.6571,-87.0556,33.7719,-87.0048,"Up to 4 inches of rainfall across northern Jefferson County during the morning led to several flooded roadways, especially in the Morris, Warrior, and West Jefferson areas. Self Creek Rd along Self Creek remained impassable into the afternoon.","A shortwave trough approaching the Mississippi Valley from the central Great Plains, along with a surface low in the northwestern Gulf of Mexico and stationary boundary along the Gulf Coast, contributed to widespread showers moving across Central Alabama during the morning hours of March 1. A ridge located over the East Coast promoted easterly surface winds across the area, with temperatures in the upper 40s to lower 50s. A particularly heavy band of rain, oriented from southern Lamar County to northern Jefferson County to Cherokee County, dropped as much as 3-4 inches of rain, locally up to 5 inches, across a narrow swath. This resulted in numerous flooded roadways, mainly along waterways and in low lying areas, where drainage was slower to occur.",45
1154701,BLOUNT CO.,NYOTA,03/01/2024,900,Flood, , ,0,0,0,0,AL,CST-6, ,187953,C,9,BMX,0,0,Emergency Manager,Heavy Rain, , ,0.76,SW,0.26,NNW,CHAMPION,03/01/2024,1200,33.8411,-86.7578,33.9417,-86.4385,"Up to 4 inches of rainfall across southern Blount County during the morning led to several flooded roadways, including Highway 75 and House Rd near Remlap, River Rd near Highland Lake, and Fall Branch Rd along the Blount/St. Clair county line.","A shortwave trough approaching the Mississippi Valley from the central Great Plains, along with a surface low in the northwestern Gulf of Mexico and stationary boundary along the Gulf Coast, contributed to widespread showers moving across Central Alabama during the morning hours of March 1. A ridge located over the East Coast promoted easterly surface winds across the area, with temperatures in the upper 40s to lower 50s. A particularly heavy band of rain, oriented from southern Lamar County to northern Jefferson County to Cherokee County, dropped as much as 3-4 inches of rain, locally up to 5 inches, across a narrow swath. This resulted in numerous flooded roadways, mainly along waterways and in low lying areas, where drainage was slower to occur.",46
1154725,ETOWAH CO.,MARKTON,03/01/2024,900,Flood, , ,0,0,0,0,AL,CST-6, ,187953,C,55,BMX,0,0,Trained Spotter,Heavy Rain, , ,2.71,SW,4.45,SSE,PANA,03/01/2024,1300,33.852,-86.0532,34.0152,-86.2758,"Flooding was observed in parts of Etowah County after 2 to 3 inches of rainfall fell during the morning of March 1. Some roadways such as Tidmore Bend Rd, Cedar Bend Rd, and Lumley Rd were covered by standing water. Attalla City Park had standing water up to 6 inches deep in some places.","A shortwave trough approaching the Mississippi Valley from the central Great Plains, along with a surface low in the northwestern Gulf of Mexico and stationary boundary along the Gulf Coast, contributed to widespread showers moving across Central Alabama during the morning hours of March 1. A ridge located over the East Coast promoted easterly surface winds across the area, with temperatures in the upper 40s to lower 50s. A particularly heavy band of rain, oriented from southern Lamar County to northern Jefferson County to Cherokee County, dropped as much as 3-4 inches of rain, locally up to 5 inches, across a narrow swath. This resulted in numerous flooded roadways, mainly along waterways and in low lying areas, where drainage was slower to occur.",47
1154730,CHEROKEE CO.,PINE GROVE,03/01/2024,900,Flood, , ,0,0,0,0,AL,CST-6, ,187953,C,19,BMX,0,0,Emergency Manager,Heavy Rain, , ,3.33,W,3.26,W,LEONARD,03/01/2024,1300,34.0314,-85.7581,34.198,-85.8424,"Roadways around Centre and Cedar Bluff, including Alexis Rd, County Road 22, County Road 118, County Road 617, and County Road 380, were blocked by standing water after up to 2 inches of rainfall.","A shortwave trough approaching the Mississippi Valley from the central Great Plains, along with a surface low in the northwestern Gulf of Mexico and stationary boundary along the Gulf Coast, contributed to widespread showers moving across Central Alabama during the morning hours of March 1. A ridge located over the East Coast promoted easterly surface winds across the area, with temperatures in the upper 40s to lower 50s. A particularly heavy band of rain, oriented from southern Lamar County to northern Jefferson County to Cherokee County, dropped as much as 3-4 inches of rain, locally up to 5 inches, across a narrow swath. This resulted in numerous flooded roadways, mainly along waterways and in low lying areas, where drainage was slower to occur.",48
1218315,LAWRENCE CO.,MOULTON,09/14/2024,850,Flood, , ,0,0,0,0,AL,CST-6, ,194513,C,79,HUN,0,0,Emergency Manager,Heavy Rain / Tropical System, , ,1.14,W,0.53,WNW,MOULTON,09/14/2024,1448,34.48,-87.3,34.4869,-87.3003,"Flooding along Crow Branch just West of Market Street and School Street in Moulton. Depth of water estimated at 1-1.5 feet.","As the remains of Tropical System Francine slowly meandered through the mid South, a persistent band of showers and thunderstorms produced very heavy rainfall totals over the two day period from the 13th into the 14th.  Some of the heaviest rains occurred during the evening of the 13th into the morning hours of the 14th in parts of northwest and north central Alabama. Widespread rain totals of 2 to 4 inches were observed, with a large pocket of 4 to 6 inch rainfall across portions of Cullman, Colbert, Franklin, Lauderdale, Lawrence, and Morgan.  A smaller pocket of 8 to 12 inch rainfall was observed in Lawrence Cunty, including the Bankhead National Forest.  During the evening hours of the 13th, a few instances of flash flooding weres reported in Cullman County. During the late night and morning hours of the 14th, significant flash and areal flooding occurred as a result in the town of Moulton and nearby areas where several homes were affected by flood water.  Small stream and creek flooding persisted through the 15th as runoff fed into the Big Nance Creek which went into Major Flood during the morning hours.  A man was rescued from flood waters during the early morning hours of the 15th just south of Courtland near a creek feeding into Big Nance Creek.",49
1218316,LAWRENCE CO.,MOULTON,09/14/2024,1015,Flood, , ,0,0,0,0,AL,CST-6, ,194513,C,79,HUN,0,0,Broadcast Media,Heavy Rain / Tropical System, , ,1.14,W,0.8,WSW,MOULTON,09/14/2024,1600,34.48,-87.3,34.4744,-87.3034,"Court Street and CR 460 flooded with 2-4 feet of water covering areas near the baseball field along Almon Branch.","As the remains of Tropical System Francine slowly meandered through the mid South, a persistent band of showers and thunderstorms produced very heavy rainfall totals over the two day period from the 13th into the 14th.  Some of the heaviest rains occurred during the evening of the 13th into the morning hours of the 14th in parts of northwest and north central Alabama. Widespread rain totals of 2 to 4 inches were observed, with a large pocket of 4 to 6 inch rainfall across portions of Cullman, Colbert, Franklin, Lauderdale, Lawrence, and Morgan.  A smaller pocket of 8 to 12 inch rainfall was observed in Lawrence Cunty, including the Bankhead National Forest.  During the evening hours of the 13th, a few instances of flash flooding weres reported in Cullman County. During the late night and morning hours of the 14th, significant flash and areal flooding occurred as a result in the town of Moulton and nearby areas where several homes were affected by flood water.  Small stream and creek flooding persisted through the 15th as runoff fed into the Big Nance Creek which went into Major Flood during the morning hours.  A man was rescued from flood waters during the early morning hours of the 15th just south of Courtland near a creek feeding into Big Nance Creek.",50
1218317,LAWRENCE CO.,MOULTON,09/14/2024,1445,Flood, , ,0,0,0,0,AL,CST-6, ,194513,C,79,HUN,0,0,Broadcast Media,Heavy Rain / Tropical System, , ,2.2,NW,1.8,NW,MOULTON,09/14/2024,2000,34.5,-87.31,34.4977,-87.3104,"A resident was rescued from floodwaters at their home along CR 167 just west of Crow Branch. Depth of water estimated at 2-3 feet.","As the remains of Tropical System Francine slowly meandered through the mid South, a persistent band of showers and thunderstorms produced very heavy rainfall totals over the two day period from the 13th into the 14th.  Some of the heaviest rains occurred during the evening of the 13th into the morning hours of the 14th in parts of northwest and north central Alabama. Widespread rain totals of 2 to 4 inches were observed, with a large pocket of 4 to 6 inch rainfall across portions of Cullman, Colbert, Franklin, Lauderdale, Lawrence, and Morgan.  A smaller pocket of 8 to 12 inch rainfall was observed in Lawrence Cunty, including the Bankhead National Forest.  During the evening hours of the 13th, a few instances of flash flooding weres reported in Cullman County. During the late night and morning hours of the 14th, significant flash and areal flooding occurred as a result in the town of Moulton and nearby areas where several homes were affected by flood water.  Small stream and creek flooding persisted through the 15th as runoff fed into the Big Nance Creek which went into Major Flood during the morning hours.  A man was rescued from flood waters during the early morning hours of the 15th just south of Courtland near a creek feeding into Big Nance Creek.",51
1218318,LAWRENCE CO.,TERRYTOWN,09/15/2024,0,Flood, , ,0,0,0,0,AL,CST-6, ,194513,C,79,HUN,0,0,Law Enforcement,Heavy Rain / Tropical System, , ,0.57,W,1.19,SW,TERRYTOWN,09/15/2024,600,34.63,-87.34,34.6199,-87.3403,"A man was rescued from flood waters at the intersection of CR 150 and CR 257. This is near a small creek that feeds into nearby Big Nance Creek. Depth of water estimated at 2-3 feet.","As the remains of Tropical System Francine slowly meandered through the mid South, a persistent band of showers and thunderstorms produced very heavy rainfall totals over the two day period from the 13th into the 14th.  Some of the heaviest rains occurred during the evening of the 13th into the morning hours of the 14th in parts of northwest and north central Alabama. Widespread rain totals of 2 to 4 inches were observed, with a large pocket of 4 to 6 inch rainfall across portions of Cullman, Colbert, Franklin, Lauderdale, Lawrence, and Morgan.  A smaller pocket of 8 to 12 inch rainfall was observed in Lawrence Cunty, including the Bankhead National Forest.  During the evening hours of the 13th, a few instances of flash flooding weres reported in Cullman County. During the late night and morning hours of the 14th, significant flash and areal flooding occurred as a result in the town of Moulton and nearby areas where several homes were affected by flood water.  Small stream and creek flooding persisted through the 15th as runoff fed into the Big Nance Creek which went into Major Flood during the morning hours.  A man was rescued from flood waters during the early morning hours of the 15th just south of Courtland near a creek feeding into Big Nance Creek.",52
1228491,ST. CLAIR CO.,ACMAR,02/12/2025,1900,Flood, , ,0,0,0,0,AL,CST-6, ,198681,C,115,BMX,0,0,Broadcast Media,Heavy Rain, , ,0,N,2.35,W,EASONVILLE,02/12/2025,2300,33.6,-86.45,33.5193,-86.3121,"A few roads were washed out in St. Clair County following 2-3 inches of rainfall over a few hours.","Severe weather was anticipated across southern parts of Central Alabama during the late evening of February 12 and into early February 13. As much of Central Alabama remained cool with cloud cover and light rainfall much of the day on February 12, a warm front became stalled over south-central Alabama and struggled to lift northward. Rainfall intensified over the Birmingham and Montgomery areas by the late evening, with 3-4 inches of rainfall causing minor flooding issues into the overnight hours. Further south, as a cold front approached from the west, a warm sector was eventually able to develop generally along and south of the Interstate 85 corridor. A few storms were able to develop and produce scattered wind damage across Elmore, Montgomery, Lee, and Russell counties, much of which occurred after midnight on February 13.",53
1228492,JEFFERSON CO.,PATTON CHAPLE,02/12/2025,1900,Flood, , ,0,0,0,0,AL,CST-6, ,198681,C,73,BMX,0,0,Broadcast Media,Heavy Rain, , ,1.73,S,1.5,W,COOLEY,02/12/2025,2300,33.3551,-86.8331,33.4683,-86.6575,"Two to three inches of rainfall over a few hours led to street flooding in Hoover, with the intersection of Highway 31 and Highway 150 being closed. The basement of a home near Inverness was flooded as well.","Severe weather was anticipated across southern parts of Central Alabama during the late evening of February 12 and into early February 13. As much of Central Alabama remained cool with cloud cover and light rainfall much of the day on February 12, a warm front became stalled over south-central Alabama and struggled to lift northward. Rainfall intensified over the Birmingham and Montgomery areas by the late evening, with 3-4 inches of rainfall causing minor flooding issues into the overnight hours. Further south, as a cold front approached from the west, a warm sector was eventually able to develop generally along and south of the Interstate 85 corridor. A few storms were able to develop and produce scattered wind damage across Elmore, Montgomery, Lee, and Russell counties, much of which occurred after midnight on February 13.",54
1245071,TUSCALOOSA CO.,CLOVERDALE,05/10/2025,1430,Flood, , ,0,0,0,0,AL,CST-6, ,200564,C,125,BMX,0,0,Public,Heavy Rain, , ,1.61,NNW,1.99,NNE,RIVER VIEW,05/10/2025,1630,33.2521,-87.6593,33.2632,-87.5379,"Heavy rainfall over the span of several hours led to sporadic flooding around Tuscaloosa and Northport. A few roads were impacted, such as Harper Rd, which was closed near Highland Park Parkway.","An upper low positioned over Mississippi brought widespread rain and thunderstorms across the area, generally from south to north. A couple instances of training thunderstorms brought several inches of rain to the Tuscaloosa and Selma areas, resulting in areas of street flooding. One thunderstorm just east of Selma briefly produced quarter-size hail in Burnsville.",55
1280906,MORGAN CO.,HARTSELLE,05/19/2025,1500,Flood, , ,0,0,0,0,AL,CST-6, ,204570,C,103,HUN,0,0,Emergency Manager,Heavy Rain, , ,0.94,NW,1.12,NW,HARTSELLE,05/19/2025,2100,34.4393,-86.9422,34.4395,-86.9396,"Heavy rain caused nuisance flooding on Hwy 31 in Hartselle, with water ponding in the right lane in the 500 block. Depth of water estimated at 3-4 inches.","A slow moving and back building complex of strong to severe thunderstorms move east from northern Mississippi across northern Alabama shortly after midnight before weakening and exiting into NW Georgia just before daybreak on the 19th. These storms produced damaging winds (particularly in north central Alabama) west of the I-65 corridor. Damage from a lightning strike in the Albertville area to a home caused a family to temporarily vacate their home.||The slow moving and back building nature of the thunderstorm complex produced some flash flooding as well.",56
1269632,CALHOUN CO.,PLEASANT RIDGE,08/03/2025,1200,Flood, , ,0,0,0,0,AL,CST-6, ,203815,C,15,BMX,0,0,Emergency Manager,Heavy Rain, , ,1.62,SE,1.51,S,PLEASANT RIDGE,08/03/2025,2200,33.7054,-85.678,33.7039,-85.6992,"Chosea Springs Rd and Iron City Cutoff Rd were both closed due to flooding along Choccolocco Creek during the afternoon of the 3rd. Part of Old Downing Mill Rd was flooded as well. Later that evening, Mellon Bridge Rd in Oxford was also closed along the creek. The creek rose in the Choccolocco and Oxford areas in response to heavy rainfall the night before, in which 3-6 of rain fell in the headwaters of Choccolocco Creek south of Dugger Mountain.","Slow-moving thunderstorms occurred during the afternoon of August 1. One storm dumped 2-3 of rain over a localized area of Vestavia Hills and northern Hoover in less than an hour, resulting in numerous street flooding issues along Highway 31 and nearby roadways. The next day, heavy rainfall developed along a boundary between the I-59 and I-20 corridors in northeast Central Alabama during the afternoon and evening hours. Heavy rain continued into the overnight and early on the 3rd, with up to 5-7 of rain falling in different areas of Cherokee, Calhoun, and Cleburne counties. Radar estimates indicated up to 8-10 over the Turkey Heaven Mountain area west of Ranburne in Cleburne County. Flooding was reported around Centre, Piedmont, southern Cherokee County, and southern Cleburne County. Numerous roadways were flooded and washed out, and one person was killed after being swept from a vehicle in Cleburne County and recovered a couple hours later.",57
1288678,DEKALB CO.,FT PAYNE ISBELL ARPT,08/20/2025,1615,Flood, , ,0,0,0,0,AL,CST-6, ,204597,C,49,HUN,0,0,Emergency Manager,Heavy Rain, , ,1.79,NW,1.72,NW,FT PAYNE ISBELL ARPT,08/20/2025,2215,34.49,-85.74,34.4932,-85.7482,"Road washed out at CR 27 and CR 494.","Widespread clusters of strong to severe thunderstorms, some with intense rainfall in a short period of time, developed during the early to mid afternoon hours. The thunderstorms moved slowly south to southwest, merging in some areas to produce very heavy rainfall. Excessive rainfall resulted in brief isolated flash flooding in Dekalb and Madison Counties. ||Flash Flooding in DeKalb.|Flash Flooding of Sparkman Drive in front of NSSTC.|Wind Damage.",58
1295519,JACKSON CO.,SCOTTSBORO,09/24/2025,1622,Flood, , ,0,0,0,0,AL,CST-6, ,206129,C,71,HUN,0,0,Emergency Manager,Heavy Rain, , ,0,N,0.99,WNW,SCOTTSBORO,09/24/2025,2222,34.67,-86.03,34.6728,-86.0429,"Water in the roads all over town. Broad Street was almost impassable in the right lane from Pine Street to Cecil Street. Broad St near Appletree St completely covered in water.","A combination of miniature supercells and segments of thunderstorms produced gusty winds and heavy rainfall. Excessive rainfall resulted in flash flooding in the Scottsboro area. Also, thunderstorm winds knocked down trees and power lines on the southeast side of Scottsboro.",59
1320426,CULLMAN CO.,PROVIDENCE,02/26/2026,1906,Flood, , ,0,0,0,0,AL,CST-6, ,209804,C,43,HUN,0,0,Emergency Manager,Heavy Rain, , ,1.38,N,1.42,N,PROVIDENCE,02/27/2026,100,34.29,-86.82,34.2903,-86.8237,"Dispatch reported flooding along CR 1442. Depth of water unknown.","Multiple supercells developed during the mid to late afternoon hours, lasting into the mid evening hours.  All of these thunderstorms produced hail, some of it large.  Hail up to 2 inches in diameter was reported, and many locations reported large accumulations of hail with drifts up to a couple feet.  Strong and gusty winds in a couple of the thunderstorms produced wind driven hail damage as well.",60
